# Created by FreeCAD <https://www.freecad.org>
v 0.811700 2.212200 2.683500
v 0.811700 2.215300 2.683500
v 0.811700 2.220800 2.680400
v 0.811700 2.223900 2.658500
v 0.810900 2.223900 2.540700
v 0.806100 2.223900 2.113200
v 0.806100 2.223900 1.220000
v 0.806100 2.223900 1.177100
v 0.805300 2.223900 2.181900
v 0.789500 2.493100 2.144400
v 0.789500 2.493100 2.111700
v 0.789500 2.493100 2.082000
v 0.789500 2.493100 2.053900
v 0.789500 2.493100 2.029700
v 0.789500 2.493100 2.006300
v 0.789500 2.493100 1.982200
v 0.789500 2.493100 1.961100
v 0.789500 2.493100 1.945500
v 0.789500 2.493800 2.174800
v 0.789500 2.497000 2.197500
v 0.789500 2.504000 1.936900
v 0.789500 2.505500 2.144400
v 0.789500 2.505500 2.111700
v 0.789500 2.505500 2.082000
v 0.789500 2.505500 2.054700
v 0.789500 2.505500 2.029700
v 0.789500 2.505500 2.006300
v 0.789500 2.505500 1.982200
v 0.789500 2.506300 2.174800
v 0.789500 2.506300 1.961900
v 0.789500 2.506300 1.947800
v 0.789500 2.508700 2.210700
v 0.789500 2.509400 2.195900
v 0.789500 2.513300 1.940800
v 0.789500 2.516500 2.206000
v 0.789500 2.535200 2.174100
v 0.789500 2.535200 2.144400
v 0.789500 2.535200 2.111700
v 0.789500 2.536000 2.215400
v 0.789500 2.536000 2.082000
v 0.789500 2.536000 2.054700
v 0.789500 2.536000 2.029700
v 0.789500 2.536700 2.195100
v 0.789500 2.536700 2.006300
v 0.789500 2.536700 1.933800
v 0.789500 2.537500 2.208400
v 0.789500 2.537500 1.982900
v 0.789500 2.537500 1.961900
v 0.789500 2.537500 1.939200
v 0.789500 2.538300 1.948600
v 0.789500 2.566400 2.215400
v 0.789500 2.566400 2.208400
v 0.789500 2.566400 2.195100
v 0.789500 2.567200 2.174100
v 0.789500 2.567200 2.145200
v 0.789500 2.567900 2.112400
v 0.789500 2.568700 2.080400
v 0.789500 2.571100 2.051600
v 0.789500 2.579600 2.028200
v 0.789500 2.581200 2.006300
v 0.789500 2.582800 1.982900
v 0.789500 2.584300 1.962600
v 0.789500 2.584300 1.948600
v 0.789500 2.584300 1.940000
v 0.789500 2.584300 1.933800
v 0.789500 2.585900 2.208400
v 0.789500 2.586700 2.215400
v 0.789500 2.586700 2.195100
v 0.789500 2.588200 2.174800
v 0.789500 2.589000 2.146800
v 0.789500 2.589000 2.113200
v 0.789500 2.589000 2.076500
v 0.789500 2.595200 2.206000
v 0.789500 2.599100 2.195900
v 0.789500 2.599900 2.211500
v 0.789500 2.599900 2.044600
v 0.789500 2.601500 2.175600
v 0.789500 2.602300 2.148300
v 0.789500 2.602300 2.114000
v 0.789500 2.602300 2.073400
v 0.789500 2.606200 2.199000
v 0.789500 2.609300 2.178000
v 0.789500 2.609300 2.074200
v 0.789500 2.610100 2.150700
v 0.789500 2.610100 2.115600
v 0.789500 2.613200 2.039100
v 0.789500 2.621000 2.039900
v 0.789500 2.631100 2.023500
v 0.789500 2.637400 2.005600
v 0.789500 2.639700 1.983700
v 0.789500 2.640500 1.963400
v 0.789500 2.640500 1.949400
v 0.789500 2.640500 1.940000
v 0.789500 2.642100 1.933800
v 0.789500 2.646700 2.025800
v 0.789500 2.656100 2.029000
v 0.789500 2.674800 1.941600
v 0.789500 2.677200 2.024300
v 0.789500 2.683400 2.019600
v 0.789500 2.686500 2.005600
v 0.789500 2.687300 1.948600
v 0.789500 2.688100 1.984500
v 0.789500 2.688100 1.962600
v 0.789500 2.688900 1.936900
v 0.789500 2.691200 2.026600
v 0.789500 2.704500 2.019600
v 0.789500 2.705200 1.945500
v 0.789500 2.706000 2.006300
v 0.789500 2.706800 1.984500
v 0.789500 2.706800 1.961100
v 0.787100 2.486800 2.146000
v 0.787100 2.486800 2.111700
v 0.787100 2.487600 2.082000
v 0.787100 2.487600 2.053900
v 0.787100 2.487600 2.029700
v 0.787100 2.487600 2.006300
v 0.787100 2.487600 1.982200
v 0.787100 2.487600 1.960300
v 0.787100 2.487600 1.942400
v 0.787100 2.488400 2.178000
v 0.787100 2.491500 2.201400
v 0.787100 2.499300 1.931400
v 0.787100 2.504000 2.216200
v 0.787100 2.532800 2.221700
v 0.787100 2.533600 1.927500
v 0.787100 2.566400 2.221700
v 0.787100 2.584300 1.927500
v 0.787100 2.589800 2.221700
v 0.787100 2.604600 2.217000
v 0.787100 2.612400 2.204500
v 0.787100 2.614800 2.182600
v 0.787100 2.616300 2.153800
v 0.787100 2.616300 2.117900
v 0.787100 2.616300 2.077300
v 0.787100 2.627200 2.045300
v 0.787100 2.644400 1.927500
v 0.787100 2.662300 2.034400
v 0.787100 2.693500 1.931400
v 0.787100 2.697400 2.032100
v 0.787100 2.709900 2.024300
v 0.787100 2.710700 1.940800
v 0.787100 2.711500 2.008700
v 0.787100 2.712300 1.983700
v 0.787100 2.712300 1.958000
v 0.783900 2.501600 1.821400
v 0.783900 2.501600 1.801200
v 0.783900 2.502400 1.778500
v 0.783900 2.502400 1.757500
v 0.783900 2.502400 1.738800
v 0.783900 2.511800 1.835500
v 0.783900 2.514900 1.819100
v 0.783900 2.514900 1.800400
v 0.783900 2.514900 1.778500
v 0.783900 2.515700 1.756700
v 0.783900 2.515700 1.718500
v 0.783900 2.517200 1.736400
v 0.783900 2.521100 1.830000
v 0.783900 2.527400 1.718500
v 0.783900 2.541400 1.840900
v 0.783900 2.543000 1.833100
v 0.783900 2.543800 1.819100
v 0.783900 2.543800 1.800400
v 0.783900 2.543800 1.778500
v 0.783900 2.545300 1.753600
v 0.783900 2.550000 1.724700
v 0.783900 2.554700 1.699700
v 0.783900 2.554700 1.688000
v 0.783900 2.585900 1.840900
v 0.783900 2.585900 1.819100
v 0.783900 2.585900 1.800400
v 0.783900 2.585900 1.778500
v 0.783900 2.586700 1.833100
v 0.783900 2.587400 1.750500
v 0.783900 2.596000 1.712200
v 0.783900 2.599100 1.675600
v 0.783900 2.599900 1.658400
v 0.783900 2.630400 1.638900
v 0.783900 2.635000 1.660000
v 0.783900 2.638900 1.819100
v 0.783900 2.638900 1.800400
v 0.783900 2.638900 1.778500
v 0.783900 2.639700 1.833100
v 0.783900 2.641300 1.840900
v 0.783900 2.641300 1.748900
v 0.783900 2.647500 1.708300
v 0.783900 2.647500 1.617100
v 0.783900 2.652200 1.542900
v 0.783900 2.652200 1.519500
v 0.783900 2.653000 1.580400
v 0.783900 2.654500 1.634200
v 0.783900 2.659200 1.507800
v 0.783900 2.660800 1.589700
v 0.783900 2.660800 1.546100
v 0.783900 2.660800 1.521900
v 0.783900 2.664700 1.512500
v 0.783900 2.670100 1.673200
v 0.783900 2.673300 1.830800
v 0.783900 2.677900 1.611600
v 0.783900 2.677900 1.503900
v 0.783900 2.678700 1.551500
v 0.783900 2.678700 1.521900
v 0.783900 2.678700 1.510200
v 0.783900 2.684200 1.819900
v 0.783900 2.684200 1.800400
v 0.783900 2.684200 1.778500
v 0.783900 2.685000 1.756700
v 0.783900 2.686500 1.836300
v 0.783900 2.686500 1.738800
v 0.783900 2.692000 1.511700
v 0.783900 2.692800 1.706800
v 0.783900 2.695100 1.631900
v 0.783900 2.695900 1.556200
v 0.783900 2.696700 1.521100
v 0.783900 2.697400 1.507100
v 0.783900 2.700600 1.750500
v 0.783900 2.701300 1.821400
v 0.783900 2.701300 1.801200
v 0.783900 2.702100 1.778500
v 0.783900 2.702100 1.759800
v 0.783900 2.702100 1.721600
v 0.783900 2.702900 1.639700
v 0.783900 2.703700 1.555400
v 0.783900 2.704500 1.518000
v 0.783100 2.706800 1.739500
v 0.782300 2.495400 1.825300
v 0.782300 2.495400 1.803500
v 0.782300 2.495400 1.780100
v 0.782300 2.496200 1.756700
v 0.782300 2.496200 1.737200
v 0.782300 2.505500 1.841700
v 0.782300 2.510200 1.713800
v 0.782300 2.538300 1.847200
v 0.782300 2.551600 1.681800
v 0.782300 2.585900 1.847200
v 0.782300 2.598400 1.650600
v 0.782300 2.628000 1.631900
v 0.782300 2.643600 1.847200
v 0.782300 2.643600 1.611600
v 0.782300 2.646700 1.514900
v 0.782300 2.647500 1.574900
v 0.782300 2.647500 1.538300
v 0.782300 2.654500 1.502400
v 0.782300 2.677900 1.498500
v 0.782300 2.691200 1.841700
v 0.782300 2.701300 1.502400
v 0.782300 2.706800 1.826100
v 0.782300 2.706800 1.804300
v 0.782300 2.706800 1.780100
v 0.782300 2.708400 1.639700
v 0.782300 2.709100 1.551500
v 0.782300 2.709100 1.512500
v 0.779900 2.478200 2.149900
v 0.779900 2.479000 2.113200
v 0.779900 2.479000 2.081200
v 0.779900 2.479000 2.053900
v 0.779900 2.479000 2.029700
v 0.779900 2.479000 2.005600
v 0.779900 2.479000 1.981400
v 0.779900 2.479000 1.958700
v 0.779900 2.479000 1.938500
v 0.779900 2.479800 2.184200
v 0.779900 2.482900 2.209900
v 0.779900 2.492300 1.923600
v 0.779900 2.496200 2.224800
v 0.779900 2.528900 2.230200
v 0.779900 2.529700 1.919000
v 0.779900 2.566400 2.230200
v 0.779900 2.584300 1.919000
v 0.779900 2.593700 2.230200
v 0.779900 2.612400 2.225600
v 0.779900 2.621000 2.212300
v 0.779900 2.623300 2.189700
v 0.779900 2.624900 2.158500
v 0.779900 2.624900 2.121000
v 0.779900 2.624900 2.082800
v 0.779900 2.636600 2.053100
v 0.779900 2.649100 1.919000
v 0.779900 2.670900 2.043000
v 0.779900 2.700600 1.922900
v 0.779900 2.706000 2.039900
v 0.779900 2.718500 2.029700
v 0.779900 2.719300 1.933800
v 0.779900 2.720100 2.011800
v 0.779900 2.720800 1.982900
v 0.779900 2.720800 1.953300
v 0.776800 2.486000 1.833100
v 0.776800 2.486000 1.809000
v 0.776800 2.486800 1.783200
v 0.776800 2.487600 1.756700
v 0.776800 2.487600 1.734100
v 0.776800 2.497700 1.850300
v 0.776800 2.502400 1.708300
v 0.776800 2.533600 1.855800
v 0.776800 2.545300 1.674000
v 0.776800 2.585900 1.855800
v 0.776800 2.593700 1.642800
v 0.776800 2.621800 1.624900
v 0.776800 2.635800 1.604600
v 0.776800 2.638200 1.505500
v 0.776800 2.638900 1.528900
v 0.776800 2.639700 1.567100
v 0.776800 2.648300 1.855800
v 0.776800 2.648300 1.493800
v 0.776800 2.677900 1.489900
v 0.776800 2.698200 1.851100
v 0.776800 2.707600 1.493800
v 0.776800 2.715400 1.835500
v 0.776800 2.715400 1.812900
v 0.776800 2.715400 1.784800
v 0.776800 2.716200 1.733300
v 0.776800 2.716900 1.636600
v 0.776800 2.716900 1.544500
v 0.776800 2.717700 1.504700
v 0.772000 2.470400 2.153800
v 0.772000 2.470400 2.114000
v 0.772000 2.470400 2.081200
v 0.772000 2.470400 1.956400
v 0.772000 2.470400 1.933000
v 0.772000 2.471200 2.192000
v 0.772000 2.471200 2.053100
v 0.772000 2.471200 2.029000
v 0.772000 2.471200 2.005600
v 0.772000 2.471200 1.981400
v 0.772000 2.474300 2.217700
v 0.772000 2.484500 1.915800
v 0.772000 2.489200 2.233400
v 0.772000 2.525000 2.238800
v 0.772000 2.525000 1.910400
v 0.772000 2.566400 2.238800
v 0.772000 2.584300 1.910400
v 0.772000 2.598400 2.238800
v 0.772000 2.619400 2.234100
v 0.772000 2.628800 2.220100
v 0.772000 2.631900 2.196700
v 0.772000 2.632700 2.162400
v 0.772000 2.632700 2.124100
v 0.772000 2.632700 2.087500
v 0.772000 2.644400 2.060200
v 0.772000 2.653000 1.911200
v 0.772000 2.678700 2.050800
v 0.772000 2.707600 1.915100
v 0.772000 2.713800 2.046900
v 0.772000 2.727100 2.036000
v 0.772000 2.727100 1.926800
v 0.772000 2.728600 2.014100
v 0.772000 2.728600 1.981400
v 0.772000 2.728600 1.948600
v 0.771200 2.477400 1.840900
v 0.771200 2.477400 1.815200
v 0.771200 2.478200 1.785600
v 0.771200 2.478200 1.755900
v 0.771200 2.478200 1.730200
v 0.771200 2.490700 1.858900
v 0.771200 2.493800 1.702100
v 0.771200 2.529700 1.864400
v 0.771200 2.539100 1.667000
v 0.771200 2.585900 1.864400
v 0.771200 2.588200 1.635800
v 0.771200 2.615500 1.618600
v 0.771200 2.627200 1.599100
v 0.771200 2.629600 1.495400
v 0.771200 2.630400 1.559300
v 0.771200 2.630400 1.518800
v 0.771200 2.642100 1.485200
v 0.771200 2.652200 1.864400
v 0.771200 2.677900 1.481300
v 0.771200 2.705200 1.858900
v 0.771200 2.713800 1.485200
v 0.771200 2.723200 1.844100
v 0.771200 2.724000 1.819900
v 0.771200 2.724000 1.789500
v 0.771200 2.724700 1.733300
v 0.771200 2.725500 1.633400
v 0.771200 2.725500 1.538300
v 0.771200 2.725500 1.496900
v 0.769600 2.219200 2.533700
v 0.769600 2.219200 2.515800
v 0.769600 2.219200 2.425300
v 0.769600 2.219200 2.324600
v 0.769600 2.219200 2.274700
v 0.769600 2.219200 2.251300
v 0.769600 2.219200 2.226300
v 0.769600 2.219200 2.203700
v 0.769600 2.219200 2.184200
v 0.769600 2.322200 2.533700
v 0.769600 2.324500 2.512600
v 0.769600 2.324500 2.146000
v 0.769600 2.333900 2.412000
v 0.769600 2.337000 2.162400
v 0.769600 2.340900 2.192000
v 0.769600 2.341700 2.301200
v 0.769600 2.341700 2.224800
v 0.769600 2.343300 2.249700
v 0.769600 2.406500 2.109300
v 0.769600 2.419700 2.533700
v 0.769600 2.423600 2.510300
v 0.769600 2.433000 2.165500
v 0.769600 2.434500 2.203700
v 0.769600 2.436100 2.402600
v 0.769600 2.436900 2.230200
v 0.769600 2.439200 2.117900
v 0.769600 2.440000 2.073400
v 0.769600 2.443900 1.972000
v 0.769600 2.448600 2.039900
v 0.769600 2.448600 1.941600
v 0.769600 2.449400 1.990700
v 0.769600 2.450900 1.824600
v 0.769600 2.450900 1.784000
v 0.769600 2.450900 1.744200
v 0.769600 2.450900 1.713000
v 0.769600 2.451700 1.882300
v 0.769600 2.451700 1.855800
v 0.769600 2.452500 1.909600
v 0.769600 2.455600 2.008700
v 0.769600 2.456400 2.270000
v 0.769600 2.457200 2.076500
v 0.769600 2.458700 1.955600
v 0.769600 2.459500 2.046100
v 0.769600 2.459500 1.922100
v 0.769600 2.461100 2.021200
v 0.769600 2.461100 1.986100
v 0.769600 2.462600 2.004000
v 0.769600 2.463400 1.817500
v 0.769600 2.463400 1.782400
v 0.769600 2.463400 1.748100
v 0.769600 2.463400 1.720000
v 0.769600 2.464200 1.848000
v 0.769600 2.465000 1.954100
v 0.769600 2.465000 1.929100
v 0.769600 2.465700 2.156100
v 0.769600 2.465700 2.114000
v 0.769600 2.465700 2.078900
v 0.769600 2.465700 2.050800
v 0.769600 2.465700 2.027400
v 0.769600 2.465700 2.004800
v 0.769600 2.465700 1.979800
v 0.769600 2.465700 1.683400
v 0.769600 2.466500 2.195900
v 0.769600 2.469600 2.222400
v 0.769600 2.471200 1.844100
v 0.769600 2.471200 1.816000
v 0.769600 2.471200 1.784000
v 0.769600 2.471200 1.752000
v 0.769600 2.472000 1.725500
v 0.769600 2.475100 1.873700
v 0.769600 2.475900 1.892400
v 0.769600 2.476700 1.903400
v 0.769600 2.479000 1.910400
v 0.769600 2.479000 1.691900
v 0.769600 2.485200 2.238000
v 0.769600 2.486000 1.863600
v 0.769600 2.486800 1.697400
v 0.769600 2.506300 2.533700
v 0.769600 2.507900 2.509500
v 0.769600 2.511000 1.649800
v 0.769600 2.513300 2.399500
v 0.769600 2.519600 2.284800
v 0.769600 2.521100 1.897100
v 0.769600 2.522700 2.243500
v 0.769600 2.522700 1.904100
v 0.769600 2.522700 1.887000
v 0.769600 2.524300 1.657600
v 0.769600 2.525000 1.876800
v 0.769600 2.526600 1.870600
v 0.769600 2.532800 1.662300
v 0.769600 2.560100 1.621000
v 0.769600 2.566400 2.244300
v 0.769600 2.569500 2.284100
v 0.769600 2.573400 1.628000
v 0.769600 2.580400 2.395600
v 0.769600 2.582000 1.631900
v 0.769600 2.583500 2.509500
v 0.769600 2.584300 2.536800
v 0.769600 2.584300 1.904100
v 0.769600 2.584300 1.897900
v 0.769600 2.585100 1.887800
v 0.769600 2.585900 1.876800
v 0.769600 2.585900 1.870600
v 0.769600 2.588200 1.604600
v 0.769600 2.600700 2.244300
v 0.769600 2.600700 1.584300
v 0.769600 2.601500 1.610800
v 0.769600 2.605400 1.541400
v 0.769600 2.606200 1.432200
v 0.769600 2.606900 1.500000
v 0.769600 2.606900 1.465700
v 0.769600 2.607700 1.396300
v 0.769600 2.607700 1.372900
v 0.769600 2.609300 1.614700
v 0.769600 2.610900 1.482900
v 0.769600 2.613200 2.280200
v 0.769600 2.614000 1.591300
v 0.769600 2.617900 1.550000
v 0.769600 2.618700 1.508600
v 0.769600 2.619400 1.486800
v 0.769600 2.621000 1.595200
v 0.769600 2.623300 2.239600
v 0.769600 2.624900 1.554600
v 0.769600 2.624900 1.513300
v 0.769600 2.624900 1.490700
v 0.769600 2.628800 1.468800
v 0.769600 2.631900 1.432200
v 0.769600 2.633500 2.224800
v 0.769600 2.633500 1.396300
v 0.769600 2.634300 1.372900
v 0.769600 2.636600 2.200600
v 0.769600 2.637400 2.254400
v 0.769600 2.637400 2.165500
v 0.769600 2.637400 2.126500
v 0.769600 2.637400 2.090600
v 0.769600 2.638200 1.479800
v 0.769600 2.647500 2.231800
v 0.769600 2.648300 2.064800
v 0.769600 2.649100 2.380000
v 0.769600 2.649900 2.206000
v 0.769600 2.650600 2.170900
v 0.769600 2.650600 2.131900
v 0.769600 2.650600 2.095300
v 0.769600 2.654500 1.869800
v 0.769600 2.655300 2.508000
v 0.769600 2.655300 1.904900
v 0.769600 2.655300 1.876100
v 0.769600 2.656100 1.898700
v 0.769600 2.656100 1.887000
v 0.769600 2.656900 2.545400
v 0.769600 2.659200 2.074200
v 0.769600 2.673300 2.293400
v 0.769600 2.674000 1.372900
v 0.769600 2.674800 1.397100
v 0.769600 2.675600 1.432200
v 0.769600 2.676400 1.463400
v 0.769600 2.677200 1.476600
v 0.769600 2.683400 2.247400
v 0.769600 2.683400 2.056300
v 0.769600 2.685000 2.218500
v 0.769600 2.685700 2.185800
v 0.769600 2.685700 2.069500
v 0.769600 2.686500 2.148300
v 0.769600 2.686500 2.104600
v 0.769600 2.709900 1.863600
v 0.769600 2.711500 2.414300
v 0.769600 2.711500 1.910400
v 0.769600 2.712300 2.518100
v 0.769600 2.713000 2.554000
v 0.769600 2.713800 1.373700
v 0.769600 2.715400 1.887000
v 0.769600 2.715400 1.397100
v 0.769600 2.716900 1.480500
v 0.769600 2.717700 1.432200
v 0.769600 2.718500 2.315300
v 0.769600 2.718500 2.051600
v 0.769600 2.720100 1.869000
v 0.769600 2.721600 2.260700
v 0.769600 2.721600 1.904100
v 0.769600 2.722400 2.229500
v 0.769600 2.723200 2.199000
v 0.769600 2.724000 2.163100
v 0.769600 2.724000 2.114800
v 0.769600 2.724000 1.469600
v 0.769600 2.727100 2.064800
v 0.769600 2.728600 1.846400
v 0.769600 2.729400 1.820700
v 0.769600 2.729400 1.789500
v 0.769600 2.730200 1.732500
v 0.769600 2.730200 1.631900
v 0.769600 2.730200 1.493000
v 0.769600 2.731000 1.535900
v 0.769600 2.731800 2.038300
v 0.769600 2.731800 1.923600
v 0.769600 2.733300 2.014900
v 0.769600 2.733300 1.981400
v 0.769600 2.733300 1.947000
v 0.769600 2.734100 1.844800
v 0.769600 2.734900 1.818300
v 0.769600 2.734900 1.787900
v 0.769600 2.734900 1.490700
v 0.769600 2.735700 1.924400
v 0.769600 2.735700 1.732500
v 0.769600 2.735700 1.631900
v 0.769600 2.735700 1.535100
v 0.769600 2.736500 2.039100
v 0.769600 2.737200 1.948600
v 0.769600 2.738000 2.014900
v 0.769600 2.738000 1.981400
v 0.769600 2.738800 1.373700
v 0.769600 2.739600 1.397100
v 0.769600 2.741100 2.556300
v 0.769600 2.741100 2.522000
v 0.769600 2.741100 2.425300
v 0.769600 2.741100 1.432200
v 0.769600 2.741900 2.321500
v 0.769600 2.742700 2.263800
v 0.769600 2.743500 2.230200
v 0.769600 2.743500 2.201400
v 0.769600 2.743500 1.906500
v 0.769600 2.743500 1.887000
v 0.769600 2.743500 1.866700
v 0.769600 2.743500 1.843300
v 0.769600 2.743500 1.467300
v 0.769600 2.744300 2.167000
v 0.769600 2.744300 2.117900
v 0.769600 2.744300 2.070300
v 0.769600 2.744300 1.816000
v 0.769600 2.744300 1.786300
v 0.769600 2.744300 1.731700
v 0.769600 2.744300 1.489900
v 0.769600 2.745000 2.039100
v 0.769600 2.745000 1.926800
v 0.769600 2.745000 1.631100
v 0.769600 2.745000 1.534400
v 0.769600 2.745800 2.013400
v 0.769600 2.745800 1.982200
v 0.769600 2.745800 1.951700
v 0.769600 2.751300 1.373700
v 0.769600 2.752100 2.556300
v 0.769600 2.752100 2.522000
v 0.769600 2.752100 2.425300
v 0.769600 2.752100 1.432200
v 0.769600 2.752100 1.397100
v 0.769600 2.752800 2.320700
v 0.769600 2.752800 2.261400
v 0.769600 2.752800 2.227100
v 0.769600 2.752800 2.198200
v 0.769600 2.752800 2.165500
v 0.769600 2.752800 2.117900
v 0.769600 2.752800 2.071100
v 0.769600 2.752800 1.929900
v 0.769600 2.752800 1.908000
v 0.769600 2.752800 1.887800
v 0.769600 2.752800 1.865900
v 0.769600 2.752800 1.841700
v 0.769600 2.752800 1.814400
v 0.769600 2.752800 1.785600
v 0.769600 2.752800 1.731000
v 0.769600 2.752800 1.631100
v 0.769600 2.752800 1.533600
v 0.769600 2.752800 1.489900
v 0.769600 2.752800 1.466500
v 0.769600 2.753600 2.039100
v 0.769600 2.753600 2.012600
v 0.769600 2.753600 1.982900
v 0.769600 2.753600 1.954100
v 0.769600 2.757500 2.556300
v 0.769600 2.757500 2.522000
v 0.769600 2.757500 2.425300
v 0.769600 2.757500 2.320700
v 0.769600 2.757500 2.259900
v 0.769600 2.757500 2.225600
v 0.769600 2.757500 2.196700
v 0.769600 2.757500 2.164700
v 0.769600 2.757500 2.118700
v 0.769600 2.757500 2.071900
v 0.769600 2.757500 2.038300
v 0.769600 2.757500 2.011800
v 0.769600 2.757500 1.982900
v 0.769600 2.757500 1.955600
v 0.769600 2.757500 1.931400
v 0.769600 2.757500 1.909600
v 0.769600 2.757500 1.887800
v 0.769600 2.757500 1.865100
v 0.769600 2.757500 1.840900
v 0.769600 2.757500 1.813600
v 0.769600 2.757500 1.784800
v 0.769600 2.757500 1.731000
v 0.769600 2.757500 1.630300
v 0.769600 2.757500 1.533600
v 0.769600 2.757500 1.489100
v 0.769600 2.757500 1.466500
v 0.769600 2.757500 1.432200
v 0.769600 2.757500 1.397100
v 0.769600 2.757500 1.373700
v 0.769600 2.759100 2.562600
v 0.769600 2.759100 2.560200
v 0.769600 2.759100 2.556300
v 0.769600 2.759100 2.522000
v 0.769600 2.759100 2.425300
v 0.769600 2.759100 2.320700
v 0.769600 2.759100 2.259900
v 0.769600 2.759100 2.224800
v 0.769600 2.759100 2.196700
v 0.769600 2.759100 2.164700
v 0.769600 2.759100 2.118700
v 0.769600 2.759100 2.071900
v 0.769600 2.759100 2.038300
v 0.769600 2.759100 2.011800
v 0.769600 2.759100 1.983700
v 0.769600 2.759100 1.956400
v 0.769600 2.759100 1.932200
v 0.769600 2.759100 1.909600
v 0.769600 2.759100 1.887800
v 0.769600 2.759100 1.865100
v 0.769600 2.759100 1.840200
v 0.769600 2.759100 1.813600
v 0.769600 2.759100 1.784800
v 0.769600 2.759100 1.731000
v 0.769600 2.759100 1.630300
v 0.769600 2.759100 1.533600
v 0.769600 2.759100 1.489100
v 0.769600 2.759100 1.466500
v 0.769600 2.759100 1.432200
v 0.769600 2.759100 1.397100
v 0.769600 2.759100 1.373700
v 0.767200 2.705900 1.210300
v 0.767200 2.705900 1.179500
v 0.767200 2.706800 1.218300
v 0.767200 2.706900 1.171900
v 0.767200 2.715400 1.171000
v 0.767200 2.716000 1.219400
v 0.767200 2.751100 1.219400
v 0.767200 2.751200 1.171100
v 0.767200 2.759300 1.218400
v 0.767200 2.759800 1.172200
v 0.767200 2.760300 1.210700
v 0.767200 2.760600 1.180300
v 0.765700 2.441600 1.944700
v 0.764900 2.759100 2.574300
v 0.763300 2.589800 1.476600
v 0.762500 2.669400 1.358800
v 0.762500 2.710700 1.358800
v 0.762500 2.737200 1.358800
v 0.762500 2.751300 1.358800
v 0.762500 2.757500 1.358800
v 0.762500 2.759100 1.358800
v 0.761700 2.543800 1.608500
v 0.761700 2.570300 1.592900
v 0.761700 2.600700 1.358800
v 0.761700 2.627200 1.358800
v 0.760900 2.587400 1.371300
v 0.760100 2.219200 2.519700
v 0.760100 2.322200 2.519700
v 0.760100 2.419700 2.519700
v 0.760100 2.437700 1.972000
v 0.760100 2.440000 1.920500
v 0.760100 2.507100 2.519700
v 0.760100 2.582800 1.571800
v 0.760100 2.585900 2.524300
v 0.760100 2.586700 1.528900
v 0.760100 2.587400 1.429800
v 0.760100 2.587400 1.394700
v 0.760100 2.657700 2.539200
v 0.760100 2.713000 2.554000
v 0.760100 2.741100 2.559400
v 0.760100 2.752100 2.559400
v 0.760100 2.757500 2.559400
v 0.758500 2.223900 2.181900
v 0.758500 2.436900 2.020400
v 0.756900 2.223900 2.541500
v 0.756900 2.497000 1.635800
v 0.754600 2.585100 1.361200
v 0.753000 2.440000 1.894800
v 0.753000 2.454000 1.667000
v 0.751400 2.439200 1.832400
v 0.751400 2.439200 1.783200
v 0.751400 2.440000 1.867500
v 0.751400 2.440000 1.734100
v 0.751400 2.440000 1.697400
v 0.749800 2.759900 2.607000
v 0.749000 2.422800 2.058600
v 0.746600 2.219200 2.156900
v 0.746600 2.312800 2.124900
v 0.746600 2.387000 2.092900
v 0.743500 2.223900 2.195100
v 0.741900 2.223900 2.527500
v 0.739500 2.606200 1.351000
v 0.739500 2.654500 1.351000
v 0.739500 2.703700 1.351000
v 0.739500 2.734100 1.351000
v 0.739500 2.750500 1.351000
v 0.739500 2.757500 1.351000
v 0.739500 2.759100 1.351000
v 0.739500 2.759900 2.656200
v 0.739500 2.759900 2.654600
v 0.738700 2.759900 2.653800
v 0.737900 2.549200 1.573400
v 0.737900 2.578100 1.351000
v 0.737100 2.526600 1.589000
v 0.736300 2.565600 1.355700
v 0.736300 2.759900 2.639800
v 0.734700 2.759900 2.651500
v 0.733900 2.230900 2.238800
v 0.733900 2.561700 1.369000
v 0.732800 2.222700 1.208200
v 0.732400 2.226200 1.213700
v 0.732400 2.230900 2.503300
v 0.732400 2.436100 1.950900
v 0.732400 2.559400 1.551500
v 0.731600 2.227800 1.216800
v 0.731600 2.562500 1.390800
v 0.731300 2.321400 1.208600
v 0.730800 2.219200 2.515000
v 0.730800 2.322200 2.515000
v 0.730800 2.420500 2.515000
v 0.730800 2.510200 2.515000
v 0.730800 2.562500 1.509400
v 0.730800 2.562500 1.461800
v 0.730800 2.562500 1.422000
v 0.730800 2.590600 2.520400
v 0.730800 2.660800 2.537600
v 0.730800 2.713800 2.554000
v 0.730800 2.741100 2.560200
v 0.730800 2.752100 2.560200
v 0.730800 2.757500 2.560200
v 0.730800 2.759100 2.561800
v 0.730800 2.759100 2.560200
v 0.730400 2.213400 1.201900
v 0.727600 2.759100 2.574300
v 0.726800 2.705800 1.171300
v 0.726700 2.706200 1.201800
v 0.726700 2.706500 1.177600
v 0.726600 2.705300 1.207900
v 0.726100 2.634100 1.208600
v 0.725900 2.700400 1.208600
v 0.724600 2.695900 1.170300
v 0.720500 2.759100 2.609400
v 0.720500 2.759900 2.667100
v 0.720500 2.759900 2.663200
v 0.719700 2.486000 1.610000
v 0.719700 2.759900 2.660100
v 0.718100 2.212200 2.684300
v 0.718100 2.215300 2.684300
v 0.718100 2.220800 2.681100
v 0.718100 2.223900 2.659300
v 0.717300 2.639700 1.344000
v 0.717300 2.696700 1.344000
v 0.717300 2.731800 1.344000
v 0.717300 2.749700 1.344000
v 0.717300 2.757500 1.344000
v 0.717300 2.759100 1.344000
v 0.716500 2.584300 1.344000
v 0.715700 2.223900 2.111700
v 0.715700 2.223900 2.010200
v 0.715700 2.223900 1.262900
v 0.715700 2.223900 1.230100
v 0.715700 2.223900 1.175500
v 0.715700 2.759900 2.657000
v 0.714100 2.253400 1.208600
v 0.714100 2.555500 1.344000
v 0.714100 2.759100 2.644500
v 0.712700 2.213300 1.177100
v 0.712500 2.471200 1.208700
v 0.711900 2.599700 1.170200
v 0.710900 2.672600 1.208600
v 0.709700 2.214300 1.171000
v 0.709700 2.270500 1.170200
v 0.709400 2.635000 1.330700
v 0.709400 2.635000 1.298800
v 0.709400 2.635000 1.236400
v 0.709400 2.635000 1.159100
v 0.709400 2.694300 1.330700
v 0.709400 2.694300 1.298800
v 0.709400 2.694300 1.236400
v 0.709400 2.694300 1.159100
v 0.709400 2.730200 1.330700
v 0.709400 2.730200 1.298800
v 0.709400 2.730200 1.236400
v 0.709400 2.730200 1.159100
v 0.709400 2.749700 1.330700
v 0.709400 2.749700 1.298800
v 0.709400 2.749700 1.236400
v 0.709400 2.749700 1.159100
v 0.709400 2.757500 1.330700
v 0.709400 2.757500 1.298800
v 0.709400 2.757500 1.236400
v 0.709400 2.757500 1.159100
v 0.709400 2.759100 1.330700
v 0.709400 2.759100 1.298800
v 0.709400 2.759100 1.236400
v 0.709400 2.759100 1.159100
v 0.708600 2.226200 1.173900
v 0.708600 2.227000 1.170000
v 0.708600 2.577300 1.330700
v 0.708600 2.577300 1.298800
v 0.708600 2.577300 1.236400
v 0.708600 2.577300 1.159100
v 0.706200 2.510200 1.574900
v 0.706200 2.547700 1.330700
v 0.706200 2.547700 1.298800
v 0.706200 2.547700 1.236400
v 0.706200 2.547700 1.159100
v 0.705400 2.230900 2.503300
v 0.705400 2.230900 2.238800
v 0.705400 2.759100 2.675700
v 0.705400 2.759100 2.669400
v 0.704600 2.436100 1.918200
v 0.704600 2.759100 2.664800
v 0.703800 2.514900 1.330700
v 0.703800 2.514900 1.298800
v 0.703800 2.514900 1.236400
v 0.703800 2.514900 1.159100
v 0.702200 2.431400 1.988400
v 0.702200 2.448600 1.330700
v 0.702200 2.448600 1.298800
v 0.702200 2.448600 1.236400
v 0.702200 2.448600 1.159100
v 0.701400 2.448600 1.636600
v 0.701400 2.521100 1.560100
v 0.700600 2.219200 2.514200
v 0.700600 2.322200 2.514200
v 0.700600 2.421300 2.514200
v 0.700600 2.512600 2.514200
v 0.700600 2.523500 1.347900
v 0.700600 2.594500 2.519700
v 0.700600 2.663900 2.536800
v 0.700600 2.714600 2.554000
v 0.700600 2.741100 2.559400
v 0.700600 2.752100 2.559400
v 0.700600 2.757500 2.559400
v 0.700600 2.759100 2.661600
v 0.700600 2.759100 2.561000
v 0.700600 2.759100 2.560200
v 0.699800 2.759100 2.678000
v 0.699800 2.759100 2.671800
v 0.699800 2.759100 2.575000
v 0.699000 2.758300 2.671800
v 0.699000 2.759100 2.666300
v 0.698300 2.165400 2.667100
v 0.698300 2.187200 2.667100
v 0.698300 2.193500 2.673300
v 0.698300 2.205200 2.667100
v 0.698300 2.213800 2.667100
v 0.698300 2.215300 2.673300
v 0.698300 2.232500 2.673300
v 0.698300 2.241900 2.673300
v 0.698300 2.244200 2.669400
v 0.698300 2.266000 2.676500
v 0.698300 2.277000 2.690500
v 0.698300 2.298800 2.690500
v 0.698300 2.316700 2.690500
v 0.698300 2.326100 2.690500
v 0.698300 2.326100 2.677200
v 0.698300 2.328400 2.687400
v 0.698300 2.388500 2.711600
v 0.698300 2.410400 2.711600
v 0.698300 2.427500 2.685000
v 0.698300 2.428300 2.711600
v 0.698300 2.437700 2.711600
v 0.698300 2.461100 2.710800
v 0.698300 2.517200 2.687400
v 0.698300 2.521900 2.709200
v 0.698300 2.596000 2.684300
v 0.698300 2.596800 2.703800
v 0.698300 2.664700 2.692800
v 0.698300 2.664700 2.678800
v 0.698300 2.716200 2.681900
v 0.698300 2.716200 2.673300
v 0.698300 2.741900 2.678000
v 0.698300 2.741900 2.671800
v 0.698300 2.752800 2.678000
v 0.698300 2.752800 2.671800
v 0.698300 2.757500 2.678000
v 0.698300 2.757500 2.671800
v 0.698300 2.758300 2.678000
v 0.698300 2.759100 2.610900
v 0.697500 2.165400 2.664800
v 0.697500 2.187200 2.664800
v 0.697500 2.205200 2.664800
v 0.697500 2.213800 2.664800
v 0.697500 2.243400 2.665500
v 0.697500 2.323000 2.667900
v 0.697500 2.422800 2.669400
v 0.697500 2.514100 2.670200
v 0.697500 2.595200 2.669400
v 0.697500 2.664700 2.667900
v 0.697500 2.716200 2.666300
v 0.697500 2.741900 2.666300
v 0.697500 2.752800 2.666300
v 0.697500 2.757500 2.666300
v 0.697500 2.758300 2.666300
v 0.697500 2.759100 2.647600
v 0.696700 2.375300 1.330700
v 0.696700 2.375300 1.298800
v 0.696700 2.375300 1.236400
v 0.696700 2.375300 1.159100
v 0.695900 2.223900 2.195100
v 0.695100 2.223900 2.528200
v 0.695100 2.436100 1.883100
v 0.695100 2.436100 1.837000
v 0.695100 2.436100 1.773100
v 0.695100 2.436100 1.709900
v 0.695100 2.436100 1.667000
v 0.695100 2.759100 2.663200
v 0.694300 2.758300 2.663200
v 0.693600 2.460100 1.208700
v 0.693500 2.165400 2.663200
v 0.693500 2.187200 2.663200
v 0.693500 2.205200 2.663200
v 0.693500 2.213800 2.663200
v 0.693500 2.243400 2.663200
v 0.693500 2.321400 2.663200
v 0.693500 2.421300 2.663200
v 0.693500 2.512600 2.663200
v 0.693500 2.529700 1.366600
v 0.693500 2.595200 2.663200
v 0.693500 2.664700 2.663200
v 0.693500 2.716200 2.663200
v 0.693500 2.741900 2.663200
v 0.693500 2.752800 2.663200
v 0.693500 2.757500 2.663200
v 0.693400 2.260800 1.208600
v 0.693200 2.649800 1.208600
v 0.691900 2.528900 1.536700
v 0.691100 2.759100 2.649200
v 0.690300 2.530500 1.386900
v 0.690300 2.758300 2.649200
v 0.689500 2.219200 2.514200
v 0.689500 2.321400 2.643700
v 0.689500 2.321400 2.514200
v 0.689500 2.421300 2.643700
v 0.689500 2.421300 2.514200
v 0.689500 2.513300 2.643700
v 0.689500 2.514100 2.514200
v 0.689500 2.595200 2.644500
v 0.689500 2.596000 2.519700
v 0.689500 2.664700 2.646000
v 0.689500 2.664700 2.536800
v 0.689500 2.714600 2.554000
v 0.689500 2.715400 2.648400
v 0.689500 2.741100 2.559400
v 0.689500 2.741900 2.649200
v 0.689500 2.752100 2.559400
v 0.689500 2.752800 2.649200
v 0.689500 2.757500 2.649200
v 0.689500 2.757500 2.559400
v 0.689500 2.758300 2.559400
v 0.689500 2.759100 2.611700
v 0.689500 2.759100 2.575000
v 0.689500 2.759100 2.561000
v 0.688700 2.165400 2.660900
v 0.688700 2.187200 2.660900
v 0.688700 2.205200 2.660900
v 0.688700 2.213800 2.660900
v 0.688700 2.217700 2.642900
v 0.688700 2.219200 2.589100
v 0.688700 2.219200 2.535300
v 0.688700 2.219200 2.515800
v 0.688700 2.219200 2.514200
v 0.688700 2.263400 1.212100
v 0.688700 2.321400 2.589100
v 0.688700 2.321400 2.535300
v 0.688700 2.321400 2.515800
v 0.688700 2.321400 2.514200
v 0.688700 2.421300 2.589100
v 0.688700 2.421300 2.535300
v 0.688700 2.421300 2.515800
v 0.688700 2.421300 2.514200
v 0.688700 2.513300 2.589100
v 0.688700 2.514100 2.535300
v 0.688700 2.514100 2.515800
v 0.688700 2.514100 2.514200
v 0.688700 2.531300 1.495400
v 0.688700 2.531300 1.450100
v 0.688700 2.531300 1.414200
v 0.688700 2.596000 2.592200
v 0.688700 2.596000 2.539900
v 0.688700 2.596800 2.522000
v 0.688700 2.596800 2.520400
v 0.688700 2.664700 2.600800
v 0.688700 2.665500 2.554800
v 0.688700 2.665500 2.538400
v 0.688700 2.665500 2.536800
v 0.688700 2.714600 2.554000
v 0.688700 2.715400 2.609400
v 0.688700 2.715400 2.569600
v 0.688700 2.715400 2.555500
v 0.688700 2.741100 2.611700
v 0.688700 2.741100 2.575000
v 0.688700 2.741100 2.561000
v 0.688700 2.741100 2.559400
v 0.688700 2.752100 2.611700
v 0.688700 2.752100 2.575000
v 0.688700 2.752100 2.561000
v 0.688700 2.752100 2.559400
v 0.688700 2.757500 2.611700
v 0.688700 2.757500 2.575000
v 0.688700 2.757500 2.561000
v 0.688700 2.757500 2.559400
v 0.688700 2.758300 2.611700
v 0.688700 2.758300 2.575000
v 0.688700 2.758300 2.561000
v 0.688700 2.758300 2.560200
v 0.688200 2.457300 1.212300
v 0.687900 2.444700 1.344000
v 0.687700 2.642200 1.212300
v 0.685600 2.417400 2.021200
v 0.684100 2.214000 1.207100
v 0.684000 2.323000 1.330700
v 0.684000 2.323000 1.298800
v 0.684000 2.323000 1.236400
v 0.684000 2.323000 1.159100
v 0.682400 2.376000 1.344000
v 0.681600 2.223900 2.160000
v 0.680000 2.223900 2.542300
v 0.679200 2.480600 1.582700
v 0.678400 2.380700 2.051600
v 0.678200 2.281100 1.225200
v 0.678100 2.213300 1.189500
v 0.677700 2.454000 1.225500
v 0.677100 2.617900 1.225600
v 0.676100 2.219200 2.110100
v 0.676100 2.308900 2.081200
v 0.674200 2.227300 1.208500
v 0.672200 2.213600 1.172100
v 0.672200 2.215600 1.170400
v 0.671300 2.321400 1.344000
v 0.667900 2.302300 1.237300
v 0.667600 2.452200 1.237500
v 0.667500 2.593700 1.237600
v 0.663400 2.223900 2.561000
v 0.663200 2.242200 1.208500
v 0.662600 2.223900 2.135800
v 0.661000 2.245600 1.212000
v 0.661000 2.284000 1.330700
v 0.661000 2.284000 1.298800
v 0.661000 2.284000 1.236400
v 0.661000 2.284000 1.159100
v 0.656400 2.431800 1.170200
v 0.656200 2.482900 1.564800
v 0.655400 2.288700 1.340900
v 0.654800 2.263500 1.225200
v 0.653000 2.457000 1.239700
v 0.653000 2.589400 1.239700
v 0.652900 2.318700 1.239700
v 0.652300 2.658400 1.208600
v 0.652000 2.602200 1.237700
v 0.650700 2.431400 1.946300
v 0.650000 2.682000 1.208600
v 0.649100 2.223900 2.557900
v 0.648600 2.651000 1.212100
v 0.648500 2.285400 1.237300
v 0.648300 2.223900 2.149900
v 0.645900 2.474300 1.354200
v 0.645700 2.704300 1.170600
v 0.645700 2.706400 1.172500
v 0.645700 2.706500 1.189700
v 0.645600 2.705900 1.206700
v 0.645400 2.704000 1.208400
v 0.645100 2.487600 1.540600
v 0.644300 2.434500 1.350300
v 0.644300 2.488400 1.366600
v 0.643200 2.674300 1.170200
v 0.642000 2.489200 1.386900
v 0.641200 2.489200 1.496100
v 0.641200 2.489200 1.447800
v 0.641200 2.489200 1.412700
v 0.640700 2.304200 1.239700
v 0.639600 2.378400 1.350300
v 0.639000 2.629400 1.224000
v 0.638800 2.230900 2.533700
v 0.638800 2.230900 2.192800
v 0.636600 2.593400 1.237800
v 0.636300 2.464900 1.237600
v 0.635300 2.333000 1.237100
v 0.634000 2.431400 1.901000
v 0.634000 2.431400 1.844100
v 0.634000 2.431400 1.763700
v 0.634000 2.431400 1.687300
v 0.634000 2.432200 1.636600
v 0.634000 2.441600 1.598300
v 0.633200 2.316000 1.349500
v 0.628900 2.321100 1.236800
v 0.627700 2.223900 2.110900
v 0.627700 2.223900 1.982900
v 0.627700 2.223900 1.290200
v 0.627700 2.223900 1.249600
v 0.627700 2.223900 1.174700
v 0.626900 2.266800 1.344800
v 0.625300 2.212200 2.685000
v 0.625300 2.215300 2.685000
v 0.625300 2.220800 2.681900
v 0.625300 2.223900 2.660100
v 0.624500 2.249700 1.299500
v 0.624500 2.249700 1.236400
v 0.624500 2.249700 1.159100
v 0.624500 2.250400 1.331500
v 0.622100 2.417400 1.972000
v 0.615900 2.615400 1.227100
v 0.615800 2.447000 1.574100
v 0.615600 2.481000 1.226900
v 0.614500 2.344600 1.226400
v 0.614200 2.449400 1.358800
v 0.609400 2.380700 1.997000
v 0.608800 2.334600 1.226200
v 0.606300 2.230900 2.532900
v 0.606300 2.230900 2.192800
v 0.606300 2.448600 1.549200
v 0.605500 2.219200 2.054700
v 0.605500 2.308900 2.025100
v 0.603100 2.448600 1.389300
v 0.603100 2.448600 1.369000
v 0.603000 2.658400 1.208600
v 0.602300 2.448600 1.502400
v 0.602300 2.448600 1.450900
v 0.602300 2.448600 1.415000
v 0.600700 2.417400 1.921300
v 0.600700 2.417400 1.856600
v 0.600700 2.417400 1.766100
v 0.600700 2.417400 1.677900
v 0.600700 2.417400 1.621000
v 0.600700 2.424400 1.356500
v 0.599900 2.419700 1.588200
v 0.599900 2.651500 1.211800
v 0.597500 2.223900 2.557900
v 0.597500 2.380700 1.356500
v 0.597500 2.426000 1.574100
v 0.596800 2.223900 2.149900
v 0.595500 2.644400 1.216600
v 0.594400 2.310500 1.355700
v 0.594100 2.353200 1.218300
v 0.593600 2.493900 1.218300
v 0.593000 2.633500 1.218300
v 0.590900 2.675200 1.208600
v 0.589600 2.422100 1.552300
v 0.586400 2.380700 1.943900
v 0.586400 2.380700 1.874500
v 0.586400 2.380700 1.774600
v 0.586400 2.380700 1.676300
v 0.586400 2.380700 1.613200
v 0.586400 2.420500 1.504700
v 0.586400 2.420500 1.453200
v 0.586400 2.420500 1.416600
v 0.586400 2.420500 1.390000
v 0.586400 2.420500 1.369800
v 0.585600 2.390100 1.564800
v 0.584100 2.223900 2.597700
v 0.583300 2.223900 2.135800
v 0.583300 2.381500 1.506300
v 0.583300 2.381500 1.455600
v 0.583300 2.381500 1.418100
v 0.583300 2.381500 1.391600
v 0.583300 2.381500 1.370500
v 0.581700 2.219200 2.000900
v 0.581700 2.219200 1.922900
v 0.581700 2.219200 1.798800
v 0.581700 2.219200 1.675600
v 0.581700 2.219200 1.603800
v 0.581700 2.219200 1.557000
v 0.581700 2.219200 1.511000
v 0.581700 2.219200 1.467300
v 0.581700 2.219200 1.426700
v 0.581700 2.219200 1.393200
v 0.581700 2.219200 1.369000
v 0.581700 2.219200 1.350300
v 0.581700 2.308900 1.971200
v 0.581700 2.308900 1.897900
v 0.581700 2.308900 1.785600
v 0.581700 2.308900 1.675600
v 0.581700 2.308900 1.607700
v 0.581700 2.308900 1.560100
v 0.581700 2.308900 1.508600
v 0.581700 2.308900 1.461000
v 0.581700 2.308900 1.422000
v 0.581700 2.308900 1.392400
v 0.581700 2.308900 1.369800
v 0.580900 2.218400 1.236400
v 0.580900 2.218400 1.159100
v 0.580900 2.219200 1.332300
v 0.580900 2.219200 1.299500
v 0.578000 2.214000 1.207100
v 0.577800 2.226700 1.208500
v 0.577700 2.213300 1.189500
v 0.577700 2.213700 1.172100
v 0.577700 2.215700 1.170400
v 0.577300 2.241500 1.208500
v 0.577200 2.245500 1.212100
v 0.577200 2.263400 1.225200
v 0.577200 2.285300 1.237300
v 0.577200 2.304200 1.239700
v 0.577200 2.353200 1.218300
v 0.577200 2.493900 1.218300
v 0.577200 2.633500 1.218300
v 0.577200 2.644600 1.216500
v 0.577200 2.651900 1.211600
v 0.577200 2.658400 1.208600
v 0.576600 2.320500 1.237200
v 0.576600 2.334000 1.226500
v 0.573000 2.675200 1.208600
v 0.571300 2.696400 1.208600
v 0.566600 2.223900 2.123400
v 0.566600 2.223900 1.251200
v 0.565000 2.223900 2.618000
v 0.565000 2.223900 1.176300
v 0.561400 2.633500 1.218300
v 0.560800 2.493900 1.218300
v 0.560300 2.353200 1.218300
v 0.558800 2.644400 1.216600
v 0.551500 2.223900 1.265200
v 0.550000 2.223900 2.603900
v 0.549200 2.651500 1.211800
v 0.547600 2.431800 1.170200
v 0.544000 2.333600 1.226900
v 0.542000 2.230900 1.308100
v 0.541200 2.658400 1.208600
v 0.540400 2.230900 2.579700
v 0.538700 2.344000 1.227000
v 0.537900 2.477400 1.227000
v 0.537100 2.611000 1.227000
v 0.526200 2.212200 2.684300
v 0.526200 2.215300 2.684300
v 0.526200 2.220800 2.681100
v 0.526200 2.223900 2.659300
v 0.526200 2.681900 1.208600
v 0.523900 2.320000 1.237600
v 0.518000 2.332400 1.237700
v 0.516600 2.458100 1.237700
v 0.515100 2.585200 1.237700
v 0.514600 2.674200 1.170200
v 0.513500 2.230900 2.579700
v 0.513500 2.230900 1.308100
v 0.511800 2.703900 1.208400
v 0.511800 2.704200 1.170600
v 0.511800 2.706000 1.206700
v 0.511800 2.706400 1.172500
v 0.511800 2.706500 1.189700
v 0.511400 2.628200 1.224100
v 0.510800 2.304200 1.239700
v 0.504000 2.223900 2.603900
v 0.504000 2.223900 1.265200
v 0.502200 2.651000 1.211900
v 0.499900 2.285300 1.237300
v 0.496200 2.658400 1.208600
v 0.495700 2.318800 1.239700
v 0.495000 2.445300 1.239700
v 0.494200 2.570100 1.239700
v 0.493500 2.263400 1.225200
v 0.490800 2.599900 1.237800
v 0.489700 2.223900 1.251200
v 0.488400 2.213300 1.189500
v 0.488400 2.213700 1.172100
v 0.488400 2.214200 1.207000
v 0.488400 2.215800 1.170400
v 0.488100 2.223900 2.618000
v 0.487900 2.245500 1.212100
v 0.486100 2.227100 1.208400
v 0.485500 2.241800 1.208500
v 0.483500 2.675200 1.208600
v 0.479700 2.583800 1.239700
v 0.474700 2.431000 1.237400
v 0.474600 2.302200 1.237300
v 0.474200 2.555100 1.236900
v 0.471500 2.223900 2.618700
v 0.470700 2.223900 1.251200
v 0.467900 2.567400 1.236500
v 0.464100 2.413700 1.227300
v 0.463900 2.280800 1.226200
v 0.463700 2.542400 1.227000
v 0.458100 2.555800 1.226500
v 0.457200 2.223900 2.604700
v 0.456900 2.696400 1.208600
v 0.456400 2.223900 1.265200
v 0.455600 2.226200 1.213700
v 0.455600 2.226200 1.173900
v 0.455600 2.227000 1.170000
v 0.455600 2.227800 1.216800
v 0.454400 2.263600 1.215600
v 0.454400 2.399100 1.218900
v 0.454300 2.531300 1.218800
v 0.451200 2.241800 1.209300
v 0.449800 2.546000 1.218800
v 0.449100 2.261900 1.213500
v 0.448200 2.398200 1.218200
v 0.448100 2.529400 1.218000
v 0.447700 2.230900 2.580500
v 0.447700 2.230900 1.308100
v 0.443500 2.431800 1.170100
v 0.441500 2.675200 1.208600
v 0.436700 2.213400 1.189500
v 0.436700 2.213800 1.172100
v 0.436700 2.215800 1.170400
v 0.436600 2.214300 1.207000
v 0.435800 2.223900 1.176300
v 0.434700 2.227700 1.208400
v 0.433400 2.212200 2.685000
v 0.433400 2.215300 2.685000
v 0.433400 2.220800 2.681900
v 0.433400 2.223900 2.660100
v 0.433200 2.601100 1.238100
v 0.433200 2.625300 1.225800
v 0.432800 2.261200 1.213500
v 0.432800 2.398400 1.218200
v 0.432800 2.529400 1.218000
v 0.432800 2.546000 1.218800
v 0.432800 2.584600 1.239700
v 0.432800 2.650900 1.211800
v 0.432800 2.658400 1.208600
v 0.432600 2.556000 1.226800
v 0.432600 2.567600 1.236700
v 0.417400 2.529400 1.218000
v 0.417200 2.398200 1.218200
v 0.416700 2.226200 1.213700
v 0.416700 2.226200 1.173900
v 0.416700 2.227000 1.170000
v 0.416700 2.227800 1.216800
v 0.416400 2.261900 1.213500
v 0.415800 2.546000 1.218800
v 0.414800 2.241800 1.209300
v 0.414400 2.230900 2.579700
v 0.414400 2.230900 1.308100
v 0.411100 2.531300 1.218800
v 0.411000 2.263600 1.215600
v 0.411000 2.399100 1.218900
v 0.407100 2.556100 1.226800
v 0.405600 2.223900 2.604700
v 0.404800 2.223900 1.265200
v 0.401900 2.541500 1.226900
v 0.401500 2.412700 1.227200
v 0.401400 2.280900 1.226300
v 0.397200 2.567700 1.236700
v 0.392200 2.223900 2.618700
v 0.391400 2.223900 1.251200
v 0.391400 2.553100 1.236800
v 0.391000 2.429000 1.237200
v 0.390700 2.302400 1.237400
v 0.389400 2.674200 1.170200
v 0.385000 2.583600 1.239700
v 0.383500 2.705900 1.194900
v 0.383500 2.706100 1.216700
v 0.383500 2.706200 1.173200
v 0.383500 2.708300 1.171200
v 0.383500 2.708700 1.219000
v 0.383500 2.733100 1.170900
v 0.383500 2.733800 1.219500
v 0.383500 2.758100 1.219100
v 0.383500 2.758200 1.171400
v 0.383500 2.760100 1.217000
v 0.383500 2.760400 1.173900
v 0.383500 2.760600 1.195500
v 0.381200 2.227000 1.208500
v 0.380700 2.214200 1.207100
v 0.380400 2.703900 1.208400
v 0.380400 2.704100 1.170600
v 0.380400 2.706400 1.172500
v 0.380300 2.706000 1.206700
v 0.380300 2.706500 1.189700
v 0.380000 2.241800 1.208500
v 0.378900 2.213400 1.189500
v 0.377700 2.245500 1.212100
v 0.375100 2.681900 1.208600
v 0.374700 2.223900 1.251200
v 0.374000 2.599200 1.238200
v 0.373900 2.223900 2.618000
v 0.371800 2.263800 1.225400
v 0.369900 2.442100 1.239700
v 0.369800 2.318800 1.239700
v 0.369800 2.566800 1.239700
v 0.369400 2.658400 1.208600
v 0.365400 2.285700 1.237500
v 0.364700 2.431800 1.170100
v 0.363300 2.651000 1.211900
v 0.359600 2.223900 1.265200
v 0.358100 2.223900 2.603900
v 0.354700 2.304200 1.239700
v 0.354200 2.627800 1.224400
v 0.350100 2.230900 1.308100
v 0.348500 2.230900 2.579700
v 0.348400 2.580200 1.238200
v 0.348300 2.453600 1.238100
v 0.348200 2.332000 1.238000
v 0.342000 2.319800 1.237800
v 0.335100 2.212200 2.684300
v 0.335100 2.215300 2.684300
v 0.335100 2.220800 2.681100
v 0.335100 2.223900 2.659300
v 0.331900 2.223900 1.177100
v 0.327900 2.603600 1.227500
v 0.327600 2.470200 1.227400
v 0.327300 2.343600 1.227300
v 0.324200 2.658400 1.208600
v 0.321900 2.333300 1.227200
v 0.321600 2.230900 2.579700
v 0.321600 2.230900 1.308100
v 0.317200 2.675200 1.208600
v 0.316400 2.651500 1.211800
v 0.312100 2.223900 2.603900
v 0.312100 2.223900 1.265200
v 0.306600 2.644400 1.216600
v 0.306000 2.696400 1.208600
v 0.305200 2.353200 1.218300
v 0.304700 2.484400 1.218300
v 0.304100 2.624000 1.218300
v 0.298600 2.223900 1.251200
v 0.296200 2.223900 2.618000
v 0.292800 2.675200 1.208600
v 0.288500 2.214200 1.207100
v 0.288400 2.226500 1.208500
v 0.288300 2.241200 1.208500
v 0.288300 2.245500 1.212100
v 0.288300 2.264100 1.225500
v 0.288300 2.286100 1.237600
v 0.288300 2.304200 1.239700
v 0.288300 2.353200 1.218300
v 0.288300 2.484500 1.218300
v 0.288300 2.624100 1.218300
v 0.288300 2.644600 1.216500
v 0.288300 2.651900 1.211600
v 0.288300 2.658400 1.208600
v 0.288100 2.319800 1.237800
v 0.288100 2.333300 1.227200
v 0.286500 2.213400 1.189500
v 0.279500 2.223900 2.618700
v 0.278800 2.223900 1.251200
v 0.275300 2.674100 1.170200
v 0.272500 2.624000 1.218300
v 0.272000 2.484400 1.218300
v 0.271400 2.353200 1.218300
v 0.270000 2.644400 1.216600
v 0.265300 2.223900 2.604700
v 0.265300 2.223900 1.265200
v 0.260300 2.651500 1.211800
v 0.258000 2.704000 1.208400
v 0.257700 2.704100 1.170600
v 0.257700 2.706100 1.206700
v 0.257700 2.706400 1.172500
v 0.257700 2.706600 1.189700
v 0.255800 2.230900 2.580500
v 0.255800 2.230900 1.308100
v 0.255000 2.681900 1.208600
v 0.254500 2.333200 1.227200
v 0.252300 2.658400 1.208600
v 0.249300 2.343600 1.227200
v 0.248900 2.471300 1.227400
v 0.248500 2.605500 1.227500
v 0.243900 2.223900 1.176300
v 0.242300 2.212200 2.685000
v 0.242300 2.215300 2.685000
v 0.242300 2.220800 2.681900
v 0.242300 2.223900 2.660100
v 0.234500 2.319700 1.237900
v 0.228600 2.332000 1.237900
v 0.228100 2.455800 1.238100
v 0.227800 2.584100 1.238200
v 0.222400 2.230900 2.579700
v 0.222400 2.230900 1.308100
v 0.222400 2.628400 1.224400
v 0.221900 2.304200 1.239700
v 0.213700 2.223900 2.604700
v 0.213700 2.223900 1.265200
v 0.213300 2.651000 1.211900
v 0.211400 2.286300 1.237800
v 0.208600 2.215800 1.170400
v 0.207300 2.658400 1.208600
v 0.206800 2.318800 1.239700
v 0.206700 2.444400 1.239700
v 0.206700 2.570000 1.239700
v 0.205000 2.264400 1.225700
v 0.202400 2.600900 1.238200
v 0.201000 2.223900 2.618700
v 0.200600 2.213600 1.172700
v 0.199500 2.223900 1.251200
v 0.199000 2.245500 1.212100
v 0.198600 2.681900 1.208600
v 0.196600 2.241800 1.208500
v 0.191700 2.227100 1.208500
v 0.191600 2.584600 1.239700
v 0.190200 2.704000 1.208400
v 0.189900 2.706100 1.206700
v 0.189800 2.706600 1.189700
v 0.188300 2.214200 1.207100
v 0.187800 2.213400 1.189500
v 0.186300 2.303300 1.237800
v 0.186000 2.431900 1.237600
v 0.185800 2.556000 1.237400
v 0.182800 2.223900 1.251200
v 0.182000 2.223900 2.618000
v 0.179900 2.568400 1.237300
v 0.175600 2.281900 1.226700
v 0.175500 2.415500 1.227500
v 0.175300 2.544400 1.227300
v 0.170000 2.556800 1.227300
v 0.167700 2.223900 1.265200
v 0.167200 2.431800 1.170100
v 0.166100 2.223900 2.603900
v 0.165500 2.263600 1.215600
v 0.165500 2.401400 1.218900
v 0.165400 2.533600 1.218800
v 0.161200 2.241900 1.209300
v 0.160900 2.546000 1.218800
v 0.160200 2.261900 1.213500
v 0.159300 2.400400 1.218200
v 0.159200 2.531600 1.218000
v 0.159000 2.230900 1.308100
v 0.157400 2.230900 2.579700
v 0.144200 2.261200 1.213500
v 0.144200 2.400700 1.218200
v 0.144200 2.531600 1.218000
v 0.144200 2.546000 1.218800
v 0.144200 2.556700 1.227200
v 0.144200 2.568300 1.237300
v 0.144200 2.584600 1.239700
v 0.144200 2.600900 1.238200
v 0.144200 2.625100 1.225900
v 0.144200 2.650900 1.211800
v 0.144200 2.658400 1.208600
v 0.144100 2.231900 1.208500
v 0.144000 2.218600 1.208200
v 0.143900 2.227800 1.216800
v 0.143100 2.212200 2.684300
v 0.143100 2.215300 2.684300
v 0.143100 2.220800 2.681100
v 0.143100 2.223900 2.659300
v 0.143100 2.226200 1.213700
v 0.143100 2.226200 1.173900
v 0.140800 2.223900 1.177100
v 0.131400 2.681900 1.208600
v 0.129700 2.230900 2.579700
v 0.129700 2.230900 1.308100
v 0.129100 2.531600 1.218000
v 0.129000 2.400400 1.218200
v 0.128100 2.261900 1.213500
v 0.127400 2.546000 1.218800
v 0.127100 2.241900 1.209300
v 0.125600 2.213500 1.177200
v 0.122900 2.533600 1.218800
v 0.122800 2.263600 1.215600
v 0.122800 2.401400 1.218900
v 0.120900 2.223900 1.265200
v 0.120200 2.223900 2.603900
v 0.118400 2.556600 1.227200
v 0.117900 2.704000 1.208400
v 0.117400 2.706100 1.206700
v 0.117100 2.706600 1.189700
v 0.116200 2.674000 1.170200
v 0.116200 2.706500 1.173100
v 0.113100 2.544300 1.227300
v 0.112700 2.415900 1.227700
v 0.112500 2.282400 1.227000
v 0.108500 2.568300 1.237200
v 0.106700 2.223900 1.251200
v 0.105100 2.223900 2.618000
v 0.102600 2.555900 1.237300
v 0.102100 2.432100 1.237700
v 0.101800 2.304000 1.238000
v 0.100400 2.213400 1.189500
v 0.100000 2.214200 1.207100
v 0.096700 2.227100 1.208500
v 0.091700 2.241800 1.208500
v 0.090100 2.585500 1.239700
v 0.089300 2.245500 1.212100
v 0.089000 2.704500 1.170700
v 0.087600 2.223900 2.618700
v 0.087600 2.223900 1.251200
v 0.086100 2.600800 1.238300
v 0.083100 2.265100 1.226100
v 0.081700 2.567800 1.239700
v 0.081600 2.444400 1.239700
v 0.081500 2.318800 1.239700
v 0.081000 2.658400 1.208600
v 0.078300 2.213500 1.180500
v 0.078000 2.675200 1.208600
v 0.076700 2.287100 1.238000
v 0.075600 2.696600 1.208600
v 0.075000 2.651000 1.211900
v 0.073400 2.223900 2.604700
v 0.073400 2.223900 1.265200
v 0.071900 2.213500 1.177200
v 0.066400 2.304200 1.239700
v 0.066100 2.628400 1.224400
v 0.063800 2.230900 2.580500
v 0.063800 2.230900 1.308100
v 0.060600 2.579600 1.238300
v 0.060600 2.596300 1.238300
v 0.060200 2.455800 1.238200
v 0.059900 2.331900 1.238000
v 0.054000 2.319600 1.238000
v 0.052000 2.223900 1.176300
v 0.050400 2.212200 2.685000
v 0.050400 2.215300 2.685000
v 0.050400 2.220800 2.681900
v 0.050400 2.223900 2.660100
v 0.042900 2.704100 1.208400
v 0.042700 2.706600 1.189700
v 0.042300 2.706100 1.206700
v 0.040100 2.682000 1.208700
v 0.039900 2.600800 1.227600
v 0.039900 2.617700 1.227600
v 0.039500 2.471200 1.227500
v 0.039100 2.343500 1.227300
v 0.036000 2.658400 1.208600
v 0.033900 2.333100 1.227300
v 0.031300 2.230900 2.579700
v 0.031300 2.230900 1.308100
v 0.028700 2.213400 1.189500
v 0.028100 2.214200 1.207100
v 0.028000 2.226600 1.208500
v 0.028000 2.241300 1.208500
v 0.028000 2.651500 1.211800
v 0.027800 2.245500 1.212100
v 0.026800 2.265000 1.226000
v 0.025800 2.286900 1.238000
v 0.025500 2.304200 1.239700
v 0.023900 2.319600 1.238000
v 0.021800 2.223900 2.604700
v 0.021800 2.223900 1.265200
v 0.018400 2.644400 1.216600
v 0.016900 2.353200 1.218300
v 0.016400 2.484400 1.218300
v 0.015800 2.619400 1.218300
v 0.015800 2.636400 1.218300
v 0.014300 2.333100 1.227300
v 0.009100 2.223900 2.618700
v 0.008900 2.706500 1.172600
v 0.008500 2.658400 1.208600
v 0.008400 2.682000 1.208700
v 0.008300 2.223900 1.251200
v 0.008300 2.706600 1.189700
v 0.007900 2.704100 1.208400
v 0.007900 2.706100 1.206700
v 0.006500 2.651900 1.211600
v 0.006000 2.353200 1.218300
v 0.005400 2.484500 1.218300
v 0.004800 2.619500 1.218300
v 0.004800 2.636400 1.218300
v 0.004800 2.644600 1.216500
v 0.000400 2.212200 2.685000
v 0.000400 2.215300 2.685000
v 0.000400 2.220800 2.682700
v 0.000400 2.223900 2.660900
v 0.000400 2.223900 2.618700
v 0.000400 2.223900 1.251200
v 0.000400 2.223900 1.175500
v 0.000400 2.226200 1.213700
v 0.000400 2.226200 1.173900
v 0.000400 2.227000 1.170000
v 0.000400 2.227800 1.216800
v -0.000200 2.213500 1.177200
v -0.005200 2.619500 1.218300
v -0.005200 2.636400 1.218300
v -0.005200 2.644600 1.216500
v -0.005800 2.484500 1.218300
v -0.006500 2.353200 1.218300
v -0.006900 2.651900 1.211600
v -0.008300 2.223900 1.251200
v -0.008300 2.706100 1.206700
v -0.008400 2.704100 1.208400
v -0.008800 2.706600 1.189700
v -0.008900 2.682000 1.208700
v -0.009000 2.658400 1.208600
v -0.009100 2.223900 2.618700
v -0.009300 2.706500 1.172600
v -0.014700 2.333100 1.227300
v -0.016300 2.619400 1.218300
v -0.016300 2.636400 1.218300
v -0.016800 2.484400 1.218300
v -0.017400 2.353200 1.218300
v -0.018800 2.644400 1.216600
v -0.021800 2.223900 2.604700
v -0.021800 2.223900 1.265200
v -0.024400 2.319600 1.238000
v -0.025900 2.304200 1.239700
v -0.026200 2.286900 1.238000
v -0.027200 2.265000 1.226000
v -0.028200 2.245500 1.212100
v -0.028400 2.226600 1.208500
v -0.028400 2.241300 1.208500
v -0.028500 2.651500 1.211800
v -0.028600 2.214200 1.207100
v -0.029100 2.213400 1.189500
v -0.031300 2.230900 2.579700
v -0.031300 2.230900 1.308100
v -0.034400 2.333100 1.227300
v -0.036500 2.658400 1.208600
v -0.039600 2.343500 1.227300
v -0.039900 2.471200 1.227500
v -0.040400 2.600800 1.227600
v -0.040400 2.617700 1.227600
v -0.040600 2.682000 1.208700
v -0.042800 2.706100 1.206700
v -0.043100 2.706600 1.189700
v -0.043400 2.704100 1.208400
v -0.050300 2.212200 2.685000
v -0.050300 2.215300 2.685000
v -0.050300 2.220800 2.681900
v -0.050300 2.223900 2.660100
v -0.051900 2.223900 1.176300
v -0.054400 2.319600 1.238000
v -0.060400 2.331900 1.238000
v -0.060700 2.455800 1.238200
v -0.061000 2.579600 1.238300
v -0.061000 2.596300 1.238300
v -0.063800 2.230900 2.580500
v -0.063800 2.230900 1.308100
v -0.066500 2.628400 1.224400
v -0.066900 2.304200 1.239700
v -0.072400 2.213500 1.177200
v -0.073300 2.223900 2.604700
v -0.073300 2.223900 1.265200
v -0.075500 2.651000 1.211900
v -0.076000 2.696600 1.208600
v -0.077200 2.287100 1.238000
v -0.078500 2.675200 1.208600
v -0.078800 2.213500 1.180500
v -0.081500 2.658400 1.208600
v -0.081900 2.318800 1.239700
v -0.082000 2.444400 1.239700
v -0.082100 2.567800 1.239700
v -0.083600 2.265100 1.226100
v -0.086500 2.600800 1.238300
v -0.087600 2.223900 2.618700
v -0.087600 2.223900 1.251200
v -0.089400 2.704500 1.170700
v -0.089800 2.245500 1.212100
v -0.090500 2.585500 1.239700
v -0.092200 2.241800 1.208500
v -0.097100 2.227100 1.208500
v -0.100500 2.214200 1.207100
v -0.100900 2.213400 1.189500
v -0.102200 2.304000 1.238000
v -0.102600 2.432100 1.237700
v -0.103100 2.555900 1.237300
v -0.105100 2.223900 2.618000
v -0.106700 2.223900 1.251200
v -0.109000 2.568300 1.237200
v -0.112900 2.282400 1.227000
v -0.113200 2.415900 1.227700
v -0.113600 2.544300 1.227300
v -0.116700 2.674000 1.170200
v -0.116700 2.706500 1.173100
v -0.117600 2.706600 1.189700
v -0.117900 2.706100 1.206700
v -0.118400 2.704000 1.208400
v -0.118900 2.556600 1.227200
v -0.120100 2.223900 2.603900
v -0.120900 2.223900 1.265200
v -0.123200 2.263600 1.215600
v -0.123200 2.401400 1.218900
v -0.123300 2.533600 1.218800
v -0.126100 2.213500 1.177200
v -0.127500 2.241900 1.209300
v -0.127900 2.546000 1.218800
v -0.128500 2.261900 1.213500
v -0.129500 2.400400 1.218200
v -0.129500 2.531600 1.218000
v -0.129600 2.230900 2.579700
v -0.129600 2.230900 1.308100
v -0.131800 2.681900 1.208600
v -0.140700 2.223900 1.177100
v -0.143100 2.212200 2.684300
v -0.143100 2.215300 2.684300
v -0.143100 2.220800 2.681100
v -0.143100 2.223900 2.659300
v -0.143100 2.226200 1.213700
v -0.143100 2.226200 1.173900
v -0.143900 2.227800 1.216800
v -0.144400 2.218600 1.208200
v -0.144500 2.231900 1.208500
v -0.144600 2.261200 1.213500
v -0.144600 2.400700 1.218200
v -0.144600 2.531600 1.218000
v -0.144600 2.546000 1.218800
v -0.144600 2.556700 1.227200
v -0.144600 2.568300 1.237300
v -0.144600 2.584600 1.239700
v -0.144600 2.600900 1.238200
v -0.144600 2.625100 1.225900
v -0.144600 2.650900 1.211800
v -0.144600 2.658400 1.208600
v -0.157400 2.230900 2.579700
v -0.159000 2.230900 1.308100
v -0.159700 2.531600 1.218000
v -0.159800 2.400400 1.218200
v -0.160700 2.261900 1.213500
v -0.161300 2.546000 1.218800
v -0.161600 2.241900 1.209300
v -0.165900 2.533600 1.218800
v -0.166000 2.263600 1.215600
v -0.166000 2.401400 1.218900
v -0.166100 2.223900 2.603900
v -0.167600 2.431800 1.170100
v -0.167700 2.223900 1.265200
v -0.170500 2.556800 1.227300
v -0.175800 2.544400 1.227300
v -0.176000 2.281900 1.226700
v -0.176000 2.415500 1.227500
v -0.180300 2.568400 1.237300
v -0.182000 2.223900 2.618000
v -0.182800 2.223900 1.251200
v -0.186300 2.556000 1.237400
v -0.186500 2.431900 1.237600
v -0.186700 2.303300 1.237800
v -0.188300 2.213400 1.189500
v -0.188700 2.214200 1.207100
v -0.190200 2.706600 1.189700
v -0.190300 2.706100 1.206700
v -0.190700 2.704000 1.208400
v -0.192000 2.584600 1.239700
v -0.192100 2.227100 1.208500
v -0.197100 2.241800 1.208500
v -0.199100 2.681900 1.208600
v -0.199400 2.223900 1.251200
v -0.199400 2.245500 1.212100
v -0.201000 2.223900 2.618700
v -0.201100 2.213600 1.172700
v -0.202800 2.600900 1.238200
v -0.205500 2.264400 1.225700
v -0.207100 2.570000 1.239700
v -0.207200 2.444400 1.239700
v -0.207300 2.318800 1.239700
v -0.207700 2.658400 1.208600
v -0.209000 2.215800 1.170400
v -0.211900 2.286300 1.237800
v -0.213700 2.223900 2.604700
v -0.213700 2.223900 1.265200
v -0.213800 2.651000 1.211900
v -0.222400 2.230900 2.579700
v -0.222400 2.230900 1.308100
v -0.222400 2.304200 1.239700
v -0.222800 2.628400 1.224400
v -0.228300 2.584100 1.238200
v -0.228600 2.455800 1.238100
v -0.229000 2.332000 1.237900
v -0.235000 2.319700 1.237900
v -0.242300 2.212200 2.685000
v -0.242300 2.215300 2.685000
v -0.242300 2.220800 2.681900
v -0.242300 2.223900 2.660100
v -0.243800 2.223900 1.176300
v -0.249000 2.605500 1.227500
v -0.249300 2.471300 1.227400
v -0.249800 2.343600 1.227200
v -0.252800 2.658400 1.208600
v -0.255000 2.333200 1.227200
v -0.255400 2.681900 1.208600
v -0.255700 2.230900 2.580500
v -0.255700 2.230900 1.308100
v -0.258200 2.704100 1.170600
v -0.258200 2.706100 1.206700
v -0.258200 2.706400 1.172500
v -0.258200 2.706600 1.189700
v -0.258500 2.704000 1.208400
v -0.260700 2.651500 1.211800
v -0.265300 2.223900 2.604700
v -0.265300 2.223900 1.265200
v -0.270400 2.644400 1.216600
v -0.271900 2.353200 1.218300
v -0.272400 2.484400 1.218300
v -0.273000 2.624000 1.218300
v -0.275700 2.674100 1.170200
v -0.278700 2.223900 1.251200
v -0.279500 2.223900 2.618700
v -0.287000 2.213400 1.189500
v -0.288500 2.319800 1.237800
v -0.288500 2.333300 1.227200
v -0.288800 2.241200 1.208500
v -0.288800 2.245500 1.212100
v -0.288800 2.264100 1.225500
v -0.288800 2.286100 1.237600
v -0.288800 2.304200 1.239700
v -0.288800 2.353200 1.218300
v -0.288800 2.484500 1.218300
v -0.288800 2.624100 1.218300
v -0.288800 2.644600 1.216500
v -0.288800 2.651900 1.211600
v -0.288800 2.658400 1.208600
v -0.288900 2.226500 1.208500
v -0.289000 2.214200 1.207100
v -0.293300 2.675200 1.208600
v -0.296200 2.223900 2.618000
v -0.298600 2.223900 1.251200
v -0.304600 2.624000 1.218300
v -0.305100 2.484400 1.218300
v -0.305700 2.353200 1.218300
v -0.306500 2.696400 1.208600
v -0.307100 2.644400 1.216600
v -0.312000 2.223900 2.603900
v -0.312000 2.223900 1.265200
v -0.316800 2.651500 1.211800
v -0.317700 2.675200 1.208600
v -0.321600 2.230900 2.579700
v -0.321600 2.230900 1.308100
v -0.322400 2.333300 1.227200
v -0.324700 2.658400 1.208600
v -0.327800 2.343600 1.227300
v -0.328100 2.470200 1.227400
v -0.328300 2.603600 1.227500
v -0.331900 2.223900 1.177100
v -0.335000 2.212200 2.684300
v -0.335000 2.215300 2.684300
v -0.335000 2.220800 2.681100
v -0.335000 2.223900 2.659300
v -0.342500 2.319800 1.237800
v -0.348500 2.230900 2.579700
v -0.348600 2.332000 1.238000
v -0.348800 2.453600 1.238100
v -0.348900 2.580200 1.238200
v -0.350100 2.230900 1.308100
v -0.354700 2.627800 1.224400
v -0.355100 2.304200 1.239700
v -0.358000 2.223900 2.603900
v -0.359600 2.223900 1.265200
v -0.363800 2.651000 1.211900
v -0.365200 2.431800 1.170100
v -0.365900 2.285700 1.237500
v -0.369800 2.658400 1.208600
v -0.370300 2.318800 1.239700
v -0.370300 2.566800 1.239700
v -0.370400 2.442100 1.239700
v -0.372300 2.263800 1.225400
v -0.373900 2.223900 2.618000
v -0.374500 2.599200 1.238200
v -0.374700 2.223900 1.251200
v -0.375600 2.681900 1.208600
v -0.378100 2.245500 1.212100
v -0.379300 2.213400 1.189500
v -0.380500 2.241800 1.208500
v -0.380800 2.706000 1.206700
v -0.380800 2.706500 1.189700
v -0.380900 2.703900 1.208400
v -0.380900 2.704100 1.170600
v -0.380900 2.706400 1.172500
v -0.381100 2.214200 1.207100
v -0.381700 2.227000 1.208500
v -0.384000 2.705900 1.194900
v -0.384000 2.706100 1.216700
v -0.384000 2.706200 1.173200
v -0.384000 2.708300 1.171200
v -0.384000 2.708700 1.219000
v -0.384000 2.733100 1.170900
v -0.384000 2.733800 1.219500
v -0.384000 2.758100 1.219100
v -0.384000 2.758200 1.171400
v -0.384000 2.760100 1.217000
v -0.384000 2.760400 1.173900
v -0.384000 2.760600 1.195500
v -0.385400 2.583600 1.239700
v -0.389800 2.674200 1.170200
v -0.391200 2.302400 1.237400
v -0.391300 2.223900 1.251200
v -0.391500 2.429000 1.237200
v -0.391800 2.553100 1.236800
v -0.392100 2.223900 2.618700
v -0.397700 2.567700 1.236700
v -0.401900 2.280900 1.226300
v -0.402000 2.412700 1.227200
v -0.402300 2.541500 1.226900
v -0.404800 2.223900 1.265200
v -0.405600 2.223900 2.604700
v -0.407500 2.556100 1.226800
v -0.411500 2.263600 1.215600
v -0.411500 2.399100 1.218900
v -0.411600 2.531300 1.218800
v -0.414300 2.230900 2.579700
v -0.414300 2.230900 1.308100
v -0.415200 2.241800 1.209300
v -0.416200 2.546000 1.218800
v -0.416700 2.226200 1.213700
v -0.416700 2.226200 1.173900
v -0.416700 2.227000 1.170000
v -0.416700 2.227800 1.216800
v -0.416900 2.261900 1.213500
v -0.417700 2.398200 1.218200
v -0.417900 2.529400 1.218000
v -0.433000 2.556000 1.226800
v -0.433000 2.567600 1.236700
v -0.433200 2.261200 1.213500
v -0.433200 2.398400 1.218200
v -0.433200 2.529400 1.218000
v -0.433200 2.546000 1.218800
v -0.433200 2.584600 1.239700
v -0.433200 2.650900 1.211800
v -0.433200 2.658400 1.208600
v -0.433400 2.212200 2.685000
v -0.433400 2.215300 2.685000
v -0.433400 2.220800 2.681900
v -0.433400 2.223900 2.660100
v -0.433700 2.601100 1.238100
v -0.433700 2.625300 1.225800
v -0.435100 2.227700 1.208400
v -0.435700 2.223900 1.176300
v -0.437100 2.213400 1.189500
v -0.437100 2.213800 1.172100
v -0.437100 2.214300 1.207000
v -0.437100 2.215800 1.170400
v -0.442000 2.675200 1.208600
v -0.443900 2.431800 1.170100
v -0.447600 2.230900 2.580500
v -0.447600 2.230900 1.308100
v -0.448600 2.529400 1.218000
v -0.448700 2.398200 1.218200
v -0.449600 2.261900 1.213500
v -0.450200 2.546000 1.218800
v -0.451700 2.241800 1.209300
v -0.454800 2.531300 1.218800
v -0.454900 2.263600 1.215600
v -0.454900 2.399100 1.218900
v -0.455600 2.226200 1.213700
v -0.455600 2.226200 1.173900
v -0.455600 2.227000 1.170000
v -0.455600 2.227800 1.216800
v -0.456400 2.223900 1.265200
v -0.457200 2.223900 2.604700
v -0.457300 2.696400 1.208600
v -0.458500 2.555800 1.226500
v -0.464200 2.542400 1.227000
v -0.464400 2.280800 1.226200
v -0.464600 2.413700 1.227300
v -0.468400 2.567400 1.236500
v -0.470600 2.223900 1.251200
v -0.471400 2.223900 2.618700
v -0.474700 2.555100 1.236900
v -0.475100 2.302200 1.237300
v -0.475200 2.431000 1.237400
v -0.480200 2.583800 1.239700
v -0.483900 2.675200 1.208600
v -0.485900 2.241800 1.208500
v -0.486600 2.227100 1.208400
v -0.488100 2.223900 2.618000
v -0.488300 2.245500 1.212100
v -0.488900 2.213300 1.189500
v -0.488900 2.213700 1.172100
v -0.488900 2.214200 1.207000
v -0.488900 2.215800 1.170400
v -0.489700 2.223900 1.251200
v -0.491200 2.599900 1.237800
v -0.494000 2.263400 1.225200
v -0.494700 2.570100 1.239700
v -0.495400 2.445300 1.239700
v -0.496200 2.318800 1.239700
v -0.496600 2.658400 1.208600
v -0.500400 2.285300 1.237300
v -0.502700 2.651000 1.211900
v -0.503900 2.223900 2.603900
v -0.503900 2.223900 1.265200
v -0.511200 2.304200 1.239700
v -0.511900 2.628200 1.224100
v -0.512200 2.703900 1.208400
v -0.512200 2.704200 1.170600
v -0.512200 2.706000 1.206700
v -0.512200 2.706400 1.172500
v -0.512200 2.706500 1.189700
v -0.513500 2.230900 2.579700
v -0.513500 2.230900 1.308100
v -0.515100 2.674200 1.170200
v -0.515500 2.585200 1.237700
v -0.517100 2.458100 1.237700
v -0.518500 2.332400 1.237700
v -0.524400 2.320000 1.237600
v -0.526200 2.212200 2.684300
v -0.526200 2.215300 2.684300
v -0.526200 2.220800 2.681100
v -0.526200 2.223900 2.659300
v -0.526700 2.681900 1.208600
v -0.537600 2.611000 1.227000
v -0.538400 2.477400 1.227000
v -0.539200 2.344000 1.227000
v -0.540400 2.230900 2.579700
v -0.541700 2.658400 1.208600
v -0.542000 2.230900 1.308100
v -0.544500 2.333600 1.226900
v -0.548100 2.431800 1.170200
v -0.549600 2.651500 1.211800
v -0.549900 2.223900 2.603900
v -0.551500 2.223900 1.265200
v -0.559300 2.644400 1.216600
v -0.560800 2.353200 1.218300
v -0.561300 2.493900 1.218300
v -0.561900 2.633500 1.218300
v -0.565000 2.223900 2.618000
v -0.565000 2.223900 1.176300
v -0.566600 2.223900 2.123400
v -0.566600 2.223900 1.251200
v -0.571700 2.696400 1.208600
v -0.573500 2.675200 1.208600
v -0.577000 2.320500 1.237200
v -0.577000 2.334000 1.226500
v -0.577700 2.241500 1.208500
v -0.577700 2.245500 1.212100
v -0.577700 2.263400 1.225200
v -0.577700 2.285300 1.237300
v -0.577700 2.304200 1.239700
v -0.577700 2.353200 1.218300
v -0.577700 2.493900 1.218300
v -0.577700 2.633500 1.218300
v -0.577700 2.644600 1.216500
v -0.577700 2.651900 1.211600
v -0.577700 2.658400 1.208600
v -0.578200 2.213300 1.189500
v -0.578200 2.213700 1.172100
v -0.578200 2.215700 1.170400
v -0.578300 2.226700 1.208500
v -0.578500 2.214000 1.207100
v -0.580900 2.218400 1.236400
v -0.580900 2.218400 1.159100
v -0.580900 2.219200 1.332300
v -0.580900 2.219200 1.299500
v -0.581700 2.219200 2.000900
v -0.581700 2.219200 1.922900
v -0.581700 2.219200 1.798800
v -0.581700 2.219200 1.675600
v -0.581700 2.219200 1.603800
v -0.581700 2.219200 1.557000
v -0.581700 2.219200 1.511000
v -0.581700 2.219200 1.467300
v -0.581700 2.219200 1.426700
v -0.581700 2.219200 1.393200
v -0.581700 2.219200 1.369000
v -0.581700 2.219200 1.350300
v -0.581700 2.308900 1.971200
v -0.581700 2.308900 1.897900
v -0.581700 2.308900 1.785600
v -0.581700 2.308900 1.675600
v -0.581700 2.308900 1.607700
v -0.581700 2.308900 1.560100
v -0.581700 2.308900 1.508600
v -0.581700 2.308900 1.461000
v -0.581700 2.308900 1.422000
v -0.581700 2.308900 1.392400
v -0.581700 2.308900 1.369800
v -0.583200 2.223900 2.135800
v -0.583200 2.381500 1.506300
v -0.583200 2.381500 1.455600
v -0.583200 2.381500 1.418100
v -0.583200 2.381500 1.391600
v -0.583200 2.381500 1.370500
v -0.584000 2.223900 2.597700
v -0.585600 2.390100 1.564800
v -0.586400 2.380700 1.943900
v -0.586400 2.380700 1.874500
v -0.586400 2.380700 1.774600
v -0.586400 2.380700 1.676300
v -0.586400 2.380700 1.613200
v -0.586400 2.420500 1.504700
v -0.586400 2.420500 1.453200
v -0.586400 2.420500 1.416600
v -0.586400 2.420500 1.390000
v -0.586400 2.420500 1.369800
v -0.589600 2.422100 1.552300
v -0.591400 2.675200 1.208600
v -0.593500 2.633500 1.218300
v -0.594000 2.493900 1.218300
v -0.594400 2.310500 1.355700
v -0.594600 2.353200 1.218300
v -0.595900 2.644400 1.216600
v -0.596700 2.223900 2.149900
v -0.597500 2.223900 2.557900
v -0.597500 2.380700 1.356500
v -0.597500 2.426000 1.574100
v -0.599900 2.419700 1.588200
v -0.600300 2.651500 1.211800
v -0.600700 2.417400 1.921300
v -0.600700 2.417400 1.856600
v -0.600700 2.417400 1.766100
v -0.600700 2.417400 1.677900
v -0.600700 2.417400 1.621000
v -0.600700 2.424400 1.356500
v -0.602300 2.448600 1.502400
v -0.602300 2.448600 1.450900
v -0.602300 2.448600 1.415000
v -0.603100 2.448600 1.389300
v -0.603100 2.448600 1.369000
v -0.603400 2.658400 1.208600
v -0.605500 2.219200 2.054700
v -0.605500 2.308900 2.025100
v -0.606200 2.230900 2.532900
v -0.606200 2.230900 2.192800
v -0.606200 2.448600 1.549200
v -0.609300 2.334600 1.226200
v -0.609400 2.380700 1.997000
v -0.614200 2.449400 1.358800
v -0.614900 2.344600 1.226400
v -0.615800 2.447000 1.574100
v -0.616000 2.481000 1.226900
v -0.616400 2.615400 1.227100
v -0.622100 2.417400 1.972000
v -0.624500 2.249700 1.299500
v -0.624500 2.249700 1.236400
v -0.624500 2.249700 1.159100
v -0.624500 2.250400 1.331500
v -0.625300 2.212200 2.685000
v -0.625300 2.215300 2.685000
v -0.625300 2.220800 2.681900
v -0.625300 2.223900 2.660100
v -0.626900 2.266800 1.344800
v -0.627700 2.223900 2.110900
v -0.627700 2.223900 1.982900
v -0.627700 2.223900 1.290200
v -0.627700 2.223900 1.249600
v -0.627700 2.223900 1.174700
v -0.629400 2.321100 1.236800
v -0.633200 2.316000 1.349500
v -0.634000 2.431400 1.901000
v -0.634000 2.431400 1.844100
v -0.634000 2.431400 1.763700
v -0.634000 2.431400 1.687300
v -0.634000 2.432200 1.636600
v -0.634000 2.441600 1.598300
v -0.635800 2.333000 1.237100
v -0.636800 2.464900 1.237600
v -0.637000 2.593400 1.237800
v -0.638800 2.230900 2.533700
v -0.638800 2.230900 2.192800
v -0.639500 2.629400 1.224000
v -0.639600 2.378400 1.350300
v -0.641100 2.304200 1.239700
v -0.641100 2.489200 1.496100
v -0.641100 2.489200 1.447800
v -0.641100 2.489200 1.412700
v -0.641900 2.489200 1.386900
v -0.643600 2.674300 1.170200
v -0.644300 2.434500 1.350300
v -0.644300 2.488400 1.366600
v -0.645100 2.487600 1.540600
v -0.645900 2.474300 1.354200
v -0.645900 2.704000 1.208400
v -0.646100 2.705900 1.206700
v -0.646200 2.704300 1.170600
v -0.646200 2.706400 1.172500
v -0.646200 2.706500 1.189700
v -0.648300 2.223900 2.149900
v -0.648900 2.285400 1.237300
v -0.649000 2.651000 1.212100
v -0.649100 2.223900 2.557900
v -0.650500 2.682000 1.208600
v -0.650700 2.431400 1.946300
v -0.652500 2.602200 1.237700
v -0.652800 2.658400 1.208600
v -0.653400 2.318700 1.239700
v -0.653500 2.457000 1.239700
v -0.653500 2.589400 1.239700
v -0.655200 2.263500 1.225200
v -0.655400 2.288700 1.340900
v -0.656200 2.482900 1.564800
v -0.656900 2.431800 1.170200
v -0.661000 2.284000 1.330700
v -0.661000 2.284000 1.298800
v -0.661000 2.284000 1.236400
v -0.661000 2.284000 1.159100
v -0.661400 2.245600 1.212000
v -0.662600 2.223900 2.135800
v -0.663300 2.223900 2.561000
v -0.663600 2.242200 1.208500
v -0.667900 2.593700 1.237600
v -0.668100 2.452200 1.237500
v -0.668400 2.302300 1.237300
v -0.671300 2.321400 1.344000
v -0.672700 2.213600 1.172100
v -0.672700 2.215600 1.170400
v -0.674700 2.227300 1.208500
v -0.676000 2.219200 2.110100
v -0.676000 2.308900 2.081200
v -0.677600 2.617900 1.225600
v -0.678100 2.454000 1.225500
v -0.678400 2.380700 2.051600
v -0.678600 2.213300 1.189500
v -0.678700 2.281100 1.225200
v -0.679200 2.480600 1.582700
v -0.680000 2.223900 2.542300
v -0.681600 2.223900 2.160000
v -0.682400 2.376000 1.344000
v -0.684000 2.323000 1.330700
v -0.684000 2.323000 1.298800
v -0.684000 2.323000 1.236400
v -0.684000 2.323000 1.159100
v -0.684500 2.214000 1.207100
v -0.685500 2.417400 2.021200
v -0.687900 2.444700 1.344000
v -0.688200 2.642200 1.212300
v -0.688700 2.165400 2.660900
v -0.688700 2.187200 2.660900
v -0.688700 2.205200 2.660900
v -0.688700 2.213800 2.660900
v -0.688700 2.217700 2.642900
v -0.688700 2.219200 2.589100
v -0.688700 2.219200 2.535300
v -0.688700 2.219200 2.515800
v -0.688700 2.219200 2.514200
v -0.688700 2.321400 2.589100
v -0.688700 2.321400 2.535300
v -0.688700 2.321400 2.515800
v -0.688700 2.321400 2.514200
v -0.688700 2.421300 2.589100
v -0.688700 2.421300 2.535300
v -0.688700 2.421300 2.515800
v -0.688700 2.421300 2.514200
v -0.688700 2.457300 1.212300
v -0.688700 2.513300 2.589100
v -0.688700 2.514100 2.535300
v -0.688700 2.514100 2.515800
v -0.688700 2.514100 2.514200
v -0.688700 2.531300 1.495400
v -0.688700 2.531300 1.450100
v -0.688700 2.531300 1.414200
v -0.688700 2.596000 2.592200
v -0.688700 2.596000 2.539900
v -0.688700 2.596800 2.522000
v -0.688700 2.596800 2.520400
v -0.688700 2.664700 2.600800
v -0.688700 2.665500 2.554800
v -0.688700 2.665500 2.538400
v -0.688700 2.665500 2.536800
v -0.688700 2.714600 2.554000
v -0.688700 2.715400 2.609400
v -0.688700 2.715400 2.569600
v -0.688700 2.715400 2.555500
v -0.688700 2.741100 2.611700
v -0.688700 2.741100 2.575000
v -0.688700 2.741100 2.561000
v -0.688700 2.741100 2.559400
v -0.688700 2.752100 2.611700
v -0.688700 2.752100 2.575000
v -0.688700 2.752100 2.561000
v -0.688700 2.752100 2.559400
v -0.688700 2.757500 2.611700
v -0.688700 2.757500 2.575000
v -0.688700 2.757500 2.561000
v -0.688700 2.757500 2.559400
v -0.688700 2.758300 2.611700
v -0.688700 2.758300 2.575000
v -0.688700 2.758300 2.561000
v -0.688700 2.758300 2.560200
v -0.689200 2.263400 1.212100
v -0.689500 2.219200 2.514200
v -0.689500 2.321400 2.643700
v -0.689500 2.321400 2.514200
v -0.689500 2.421300 2.643700
v -0.689500 2.421300 2.514200
v -0.689500 2.513300 2.643700
v -0.689500 2.514100 2.514200
v -0.689500 2.595200 2.644500
v -0.689500 2.596000 2.519700
v -0.689500 2.664700 2.646000
v -0.689500 2.664700 2.536800
v -0.689500 2.714600 2.554000
v -0.689500 2.715400 2.648400
v -0.689500 2.741100 2.559400
v -0.689500 2.741900 2.649200
v -0.689500 2.752100 2.559400
v -0.689500 2.752800 2.649200
v -0.689500 2.757500 2.649200
v -0.689500 2.757500 2.559400
v -0.689500 2.758300 2.559400
v -0.689500 2.759100 2.611700
v -0.689500 2.759100 2.575000
v -0.689500 2.759100 2.561000
v -0.690300 2.530500 1.386900
v -0.690300 2.758300 2.649200
v -0.691100 2.759100 2.649200
v -0.691900 2.528900 1.536700
v -0.693500 2.165400 2.663200
v -0.693500 2.187200 2.663200
v -0.693500 2.205200 2.663200
v -0.693500 2.213800 2.663200
v -0.693500 2.243400 2.663200
v -0.693500 2.321400 2.663200
v -0.693500 2.421300 2.663200
v -0.693500 2.512600 2.663200
v -0.693500 2.529700 1.366600
v -0.693500 2.595200 2.663200
v -0.693500 2.664700 2.663200
v -0.693500 2.716200 2.663200
v -0.693500 2.741900 2.663200
v -0.693500 2.752800 2.663200
v -0.693500 2.757500 2.663200
v -0.693700 2.649800 1.208600
v -0.693900 2.260800 1.208600
v -0.694000 2.460100 1.208700
v -0.694300 2.758300 2.663200
v -0.695100 2.223900 2.528200
v -0.695100 2.436100 1.883100
v -0.695100 2.436100 1.837000
v -0.695100 2.436100 1.773100
v -0.695100 2.436100 1.709900
v -0.695100 2.436100 1.667000
v -0.695100 2.759100 2.663200
v -0.695900 2.223900 2.195100
v -0.696700 2.375300 1.330700
v -0.696700 2.375300 1.298800
v -0.696700 2.375300 1.236400
v -0.696700 2.375300 1.159100
v -0.697400 2.165400 2.664800
v -0.697400 2.187200 2.664800
v -0.697400 2.205200 2.664800
v -0.697400 2.213800 2.664800
v -0.697400 2.243400 2.665500
v -0.697400 2.323000 2.667900
v -0.697400 2.422800 2.669400
v -0.697400 2.514100 2.670200
v -0.697400 2.595200 2.669400
v -0.697400 2.664700 2.667900
v -0.697400 2.716200 2.666300
v -0.697400 2.741900 2.666300
v -0.697400 2.752800 2.666300
v -0.697400 2.757500 2.666300
v -0.697400 2.758300 2.666300
v -0.697400 2.759100 2.647600
v -0.698200 2.165400 2.667100
v -0.698200 2.187200 2.667100
v -0.698200 2.193500 2.673300
v -0.698200 2.205200 2.667100
v -0.698200 2.213800 2.667100
v -0.698200 2.215300 2.673300
v -0.698200 2.232500 2.673300
v -0.698200 2.241900 2.673300
v -0.698200 2.244200 2.669400
v -0.698200 2.266000 2.676500
v -0.698200 2.277000 2.690500
v -0.698200 2.298800 2.690500
v -0.698200 2.316700 2.690500
v -0.698200 2.326100 2.690500
v -0.698200 2.326100 2.677200
v -0.698200 2.328400 2.687400
v -0.698200 2.388500 2.711600
v -0.698200 2.410400 2.711600
v -0.698200 2.427500 2.685000
v -0.698200 2.428300 2.711600
v -0.698200 2.437700 2.711600
v -0.698200 2.461100 2.710800
v -0.698200 2.517200 2.687400
v -0.698200 2.521900 2.709200
v -0.698200 2.596000 2.684300
v -0.698200 2.596800 2.703800
v -0.698200 2.664700 2.692800
v -0.698200 2.664700 2.678800
v -0.698200 2.716200 2.681900
v -0.698200 2.716200 2.673300
v -0.698200 2.741900 2.678000
v -0.698200 2.741900 2.671800
v -0.698200 2.752800 2.678000
v -0.698200 2.752800 2.671800
v -0.698200 2.757500 2.678000
v -0.698200 2.757500 2.671800
v -0.698200 2.758300 2.678000
v -0.698200 2.759100 2.610900
v -0.699000 2.758300 2.671800
v -0.699000 2.759100 2.666300
v -0.699800 2.759100 2.678000
v -0.699800 2.759100 2.671800
v -0.699800 2.759100 2.575000
v -0.700600 2.219200 2.514200
v -0.700600 2.322200 2.514200
v -0.700600 2.421300 2.514200
v -0.700600 2.512600 2.514200
v -0.700600 2.523500 1.347900
v -0.700600 2.594500 2.519700
v -0.700600 2.663900 2.536800
v -0.700600 2.714600 2.554000
v -0.700600 2.741100 2.559400
v -0.700600 2.752100 2.559400
v -0.700600 2.757500 2.559400
v -0.700600 2.759100 2.661600
v -0.700600 2.759100 2.561000
v -0.700600 2.759100 2.560200
v -0.701400 2.448600 1.636600
v -0.701400 2.521100 1.560100
v -0.702200 2.431400 1.988400
v -0.702200 2.448600 1.330700
v -0.702200 2.448600 1.298800
v -0.702200 2.448600 1.236400
v -0.702200 2.448600 1.159100
v -0.703800 2.514900 1.330700
v -0.703800 2.514900 1.298800
v -0.703800 2.514900 1.236400
v -0.703800 2.514900 1.159100
v -0.704600 2.436100 1.918200
v -0.704600 2.759100 2.664800
v -0.705400 2.230900 2.503300
v -0.705400 2.230900 2.238800
v -0.705400 2.759100 2.675700
v -0.705400 2.759100 2.669400
v -0.706200 2.510200 1.574900
v -0.706200 2.547700 1.330700
v -0.706200 2.547700 1.298800
v -0.706200 2.547700 1.236400
v -0.706200 2.547700 1.159100
v -0.708500 2.226200 1.173900
v -0.708500 2.227000 1.170000
v -0.708500 2.577300 1.330700
v -0.708500 2.577300 1.298800
v -0.708500 2.577300 1.236400
v -0.708500 2.577300 1.159100
v -0.709300 2.635000 1.330700
v -0.709300 2.635000 1.298800
v -0.709300 2.635000 1.236400
v -0.709300 2.635000 1.159100
v -0.709300 2.694300 1.330700
v -0.709300 2.694300 1.298800
v -0.709300 2.694300 1.236400
v -0.709300 2.694300 1.159100
v -0.709300 2.730200 1.330700
v -0.709300 2.730200 1.298800
v -0.709300 2.730200 1.236400
v -0.709300 2.730200 1.159100
v -0.709300 2.749700 1.330700
v -0.709300 2.749700 1.298800
v -0.709300 2.749700 1.236400
v -0.709300 2.749700 1.159100
v -0.709300 2.757500 1.330700
v -0.709300 2.757500 1.298800
v -0.709300 2.757500 1.236400
v -0.709300 2.757500 1.159100
v -0.709300 2.759100 1.330700
v -0.709300 2.759100 1.298800
v -0.709300 2.759100 1.236400
v -0.709300 2.759100 1.159100
v -0.710100 2.214300 1.171000
v -0.710100 2.270500 1.170200
v -0.711300 2.672600 1.208600
v -0.712300 2.599700 1.170200
v -0.713000 2.471200 1.208700
v -0.713100 2.213300 1.177100
v -0.714100 2.555500 1.344000
v -0.714100 2.759100 2.644500
v -0.714500 2.253400 1.208600
v -0.715700 2.223900 2.111700
v -0.715700 2.223900 2.010200
v -0.715700 2.223900 1.262900
v -0.715700 2.223900 1.230100
v -0.715700 2.223900 1.175500
v -0.715700 2.759900 2.657000
v -0.716500 2.584300 1.344000
v -0.717300 2.639700 1.344000
v -0.717300 2.696700 1.344000
v -0.717300 2.731800 1.344000
v -0.717300 2.749700 1.344000
v -0.717300 2.757500 1.344000
v -0.717300 2.759100 1.344000
v -0.718100 2.212200 2.684300
v -0.718100 2.215300 2.684300
v -0.718100 2.220800 2.681100
v -0.718100 2.223900 2.659300
v -0.719600 2.486000 1.610000
v -0.719600 2.759900 2.660100
v -0.720400 2.759100 2.609400
v -0.720400 2.759900 2.667100
v -0.720400 2.759900 2.663200
v -0.725000 2.695900 1.170300
v -0.726300 2.700400 1.208600
v -0.726600 2.634100 1.208600
v -0.727000 2.705300 1.207900
v -0.727100 2.706200 1.201800
v -0.727100 2.706500 1.177600
v -0.727200 2.705800 1.171300
v -0.727600 2.759100 2.574300
v -0.730700 2.219200 2.515000
v -0.730700 2.322200 2.515000
v -0.730700 2.420500 2.515000
v -0.730700 2.510200 2.515000
v -0.730700 2.562500 1.509400
v -0.730700 2.562500 1.461800
v -0.730700 2.562500 1.422000
v -0.730700 2.590600 2.520400
v -0.730700 2.660800 2.537600
v -0.730700 2.713800 2.554000
v -0.730700 2.741100 2.560200
v -0.730700 2.752100 2.560200
v -0.730700 2.757500 2.560200
v -0.730700 2.759100 2.561800
v -0.730700 2.759100 2.560200
v -0.730900 2.213400 1.201900
v -0.731500 2.227800 1.216800
v -0.731500 2.562500 1.390800
v -0.731800 2.321400 1.208600
v -0.732300 2.226200 1.213700
v -0.732300 2.230900 2.503300
v -0.732300 2.436100 1.950900
v -0.732300 2.559400 1.551500
v -0.733200 2.222700 1.208200
v -0.733900 2.230900 2.238800
v -0.733900 2.561700 1.369000
v -0.734700 2.759900 2.651500
v -0.736300 2.565600 1.355700
v -0.736300 2.759900 2.639800
v -0.737100 2.526600 1.589000
v -0.737900 2.549200 1.573400
v -0.737900 2.578100 1.351000
v -0.738700 2.759900 2.653800
v -0.739500 2.606200 1.351000
v -0.739500 2.654500 1.351000
v -0.739500 2.703700 1.351000
v -0.739500 2.734100 1.351000
v -0.739500 2.750500 1.351000
v -0.739500 2.757500 1.351000
v -0.739500 2.759100 1.351000
v -0.739500 2.759900 2.656200
v -0.739500 2.759900 2.654600
v -0.741900 2.223900 2.527500
v -0.743400 2.223900 2.195100
v -0.746600 2.219200 2.156900
v -0.746600 2.312800 2.124900
v -0.746600 2.387000 2.092900
v -0.749000 2.422800 2.058600
v -0.749800 2.759900 2.607000
v -0.751400 2.439200 1.832400
v -0.751400 2.439200 1.783200
v -0.751400 2.440000 1.867500
v -0.751400 2.440000 1.734100
v -0.751400 2.440000 1.697400
v -0.753000 2.440000 1.894800
v -0.753000 2.454000 1.667000
v -0.754500 2.585100 1.361200
v -0.756900 2.223900 2.541500
v -0.756900 2.497000 1.635800
v -0.758500 2.223900 2.181900
v -0.758500 2.436900 2.020400
v -0.760100 2.219200 2.519700
v -0.760100 2.322200 2.519700
v -0.760100 2.419700 2.519700
v -0.760100 2.437700 1.972000
v -0.760100 2.440000 1.920500
v -0.760100 2.507100 2.519700
v -0.760100 2.582800 1.571800
v -0.760100 2.585900 2.524300
v -0.760100 2.586700 1.528900
v -0.760100 2.587400 1.429800
v -0.760100 2.587400 1.394700
v -0.760100 2.657700 2.539200
v -0.760100 2.713000 2.554000
v -0.760100 2.741100 2.559400
v -0.760100 2.752100 2.559400
v -0.760100 2.757500 2.559400
v -0.760900 2.587400 1.371300
v -0.761700 2.543800 1.608500
v -0.761700 2.570300 1.592900
v -0.761700 2.600700 1.358800
v -0.761700 2.627200 1.358800
v -0.762500 2.669400 1.358800
v -0.762500 2.710700 1.358800
v -0.762500 2.737200 1.358800
v -0.762500 2.751300 1.358800
v -0.762500 2.757500 1.358800
v -0.762500 2.759100 1.358800
v -0.763300 2.589800 1.476600
v -0.764800 2.759100 2.574300
v -0.765600 2.441600 1.944700
v -0.767700 2.705900 1.210300
v -0.767700 2.705900 1.179500
v -0.767700 2.706800 1.218300
v -0.767700 2.706900 1.171900
v -0.767700 2.715400 1.171000
v -0.767700 2.716000 1.219400
v -0.767700 2.751100 1.219400
v -0.767700 2.751200 1.171100
v -0.767700 2.759300 1.218400
v -0.767700 2.759800 1.172200
v -0.767700 2.760300 1.210700
v -0.767700 2.760600 1.180300
v -0.769600 2.219200 2.533700
v -0.769600 2.219200 2.515800
v -0.769600 2.219200 2.425300
v -0.769600 2.219200 2.324600
v -0.769600 2.219200 2.274700
v -0.769600 2.219200 2.251300
v -0.769600 2.219200 2.226300
v -0.769600 2.219200 2.203700
v -0.769600 2.219200 2.184200
v -0.769600 2.322200 2.533700
v -0.769600 2.324500 2.512600
v -0.769600 2.324500 2.146000
v -0.769600 2.333900 2.412000
v -0.769600 2.337000 2.162400
v -0.769600 2.340900 2.192000
v -0.769600 2.341700 2.301200
v -0.769600 2.341700 2.224800
v -0.769600 2.343300 2.249700
v -0.769600 2.406500 2.109300
v -0.769600 2.419700 2.533700
v -0.769600 2.423600 2.510300
v -0.769600 2.433000 2.165500
v -0.769600 2.434500 2.203700
v -0.769600 2.436100 2.402600
v -0.769600 2.436900 2.230200
v -0.769600 2.439200 2.117900
v -0.769600 2.440000 2.073400
v -0.769600 2.443900 1.972000
v -0.769600 2.448600 2.039900
v -0.769600 2.448600 1.941600
v -0.769600 2.449400 1.990700
v -0.769600 2.450900 1.824600
v -0.769600 2.450900 1.784000
v -0.769600 2.450900 1.744200
v -0.769600 2.450900 1.713000
v -0.769600 2.451700 1.882300
v -0.769600 2.451700 1.855800
v -0.769600 2.452500 1.909600
v -0.769600 2.455600 2.008700
v -0.769600 2.456400 2.270000
v -0.769600 2.457200 2.076500
v -0.769600 2.458700 1.955600
v -0.769600 2.459500 2.046100
v -0.769600 2.459500 1.922100
v -0.769600 2.461100 2.021200
v -0.769600 2.461100 1.986100
v -0.769600 2.462600 2.004000
v -0.769600 2.463400 1.817500
v -0.769600 2.463400 1.782400
v -0.769600 2.463400 1.748100
v -0.769600 2.463400 1.720000
v -0.769600 2.464200 1.848000
v -0.769600 2.465000 1.954100
v -0.769600 2.465000 1.929100
v -0.769600 2.465700 2.156100
v -0.769600 2.465700 2.114000
v -0.769600 2.465700 2.078900
v -0.769600 2.465700 2.050800
v -0.769600 2.465700 2.027400
v -0.769600 2.465700 2.004800
v -0.769600 2.465700 1.979800
v -0.769600 2.465700 1.683400
v -0.769600 2.466500 2.195900
v -0.769600 2.469600 2.222400
v -0.769600 2.471200 1.844100
v -0.769600 2.471200 1.816000
v -0.769600 2.471200 1.784000
v -0.769600 2.471200 1.752000
v -0.769600 2.472000 1.725500
v -0.769600 2.475100 1.873700
v -0.769600 2.475900 1.892400
v -0.769600 2.476700 1.903400
v -0.769600 2.479000 1.910400
v -0.769600 2.479000 1.691900
v -0.769600 2.485200 2.238000
v -0.769600 2.486000 1.863600
v -0.769600 2.486800 1.697400
v -0.769600 2.506300 2.533700
v -0.769600 2.507900 2.509500
v -0.769600 2.511000 1.649800
v -0.769600 2.513300 2.399500
v -0.769600 2.519600 2.284800
v -0.769600 2.521100 1.897100
v -0.769600 2.522700 2.243500
v -0.769600 2.522700 1.904100
v -0.769600 2.522700 1.887000
v -0.769600 2.524300 1.657600
v -0.769600 2.525000 1.876800
v -0.769600 2.526600 1.870600
v -0.769600 2.532800 1.662300
v -0.769600 2.560100 1.621000
v -0.769600 2.566400 2.244300
v -0.769600 2.569500 2.284100
v -0.769600 2.573400 1.628000
v -0.769600 2.580400 2.395600
v -0.769600 2.582000 1.631900
v -0.769600 2.583500 2.509500
v -0.769600 2.584300 2.536800
v -0.769600 2.584300 1.904100
v -0.769600 2.584300 1.897900
v -0.769600 2.585100 1.887800
v -0.769600 2.585900 1.876800
v -0.769600 2.585900 1.870600
v -0.769600 2.588200 1.604600
v -0.769600 2.600700 2.244300
v -0.769600 2.600700 1.584300
v -0.769600 2.601500 1.610800
v -0.769600 2.605400 1.541400
v -0.769600 2.606200 1.432200
v -0.769600 2.606900 1.500000
v -0.769600 2.606900 1.465700
v -0.769600 2.607700 1.396300
v -0.769600 2.607700 1.372900
v -0.769600 2.609300 1.614700
v -0.769600 2.610900 1.482900
v -0.769600 2.613200 2.280200
v -0.769600 2.614000 1.591300
v -0.769600 2.617900 1.550000
v -0.769600 2.618700 1.508600
v -0.769600 2.619400 1.486800
v -0.769600 2.621000 1.595200
v -0.769600 2.623300 2.239600
v -0.769600 2.624900 1.554600
v -0.769600 2.624900 1.513300
v -0.769600 2.624900 1.490700
v -0.769600 2.628800 1.468800
v -0.769600 2.631900 1.432200
v -0.769600 2.633500 2.224800
v -0.769600 2.633500 1.396300
v -0.769600 2.634300 1.372900
v -0.769600 2.636600 2.200600
v -0.769600 2.637400 2.254400
v -0.769600 2.637400 2.165500
v -0.769600 2.637400 2.126500
v -0.769600 2.637400 2.090600
v -0.769600 2.638200 1.479800
v -0.769600 2.647500 2.231800
v -0.769600 2.648300 2.064800
v -0.769600 2.649100 2.380000
v -0.769600 2.649900 2.206000
v -0.769600 2.650600 2.170900
v -0.769600 2.650600 2.131900
v -0.769600 2.650600 2.095300
v -0.769600 2.654500 1.869800
v -0.769600 2.655300 2.508000
v -0.769600 2.655300 1.904900
v -0.769600 2.655300 1.876100
v -0.769600 2.656100 1.898700
v -0.769600 2.656100 1.887000
v -0.769600 2.656900 2.545400
v -0.769600 2.659200 2.074200
v -0.769600 2.673300 2.293400
v -0.769600 2.674000 1.372900
v -0.769600 2.674800 1.397100
v -0.769600 2.675600 1.432200
v -0.769600 2.676400 1.463400
v -0.769600 2.677200 1.476600
v -0.769600 2.683400 2.247400
v -0.769600 2.683400 2.056300
v -0.769600 2.685000 2.218500
v -0.769600 2.685700 2.185800
v -0.769600 2.685700 2.069500
v -0.769600 2.686500 2.148300
v -0.769600 2.686500 2.104600
v -0.769600 2.709900 1.863600
v -0.769600 2.711500 2.414300
v -0.769600 2.711500 1.910400
v -0.769600 2.712300 2.518100
v -0.769600 2.713000 2.554000
v -0.769600 2.713800 1.373700
v -0.769600 2.715400 1.887000
v -0.769600 2.715400 1.397100
v -0.769600 2.716900 1.480500
v -0.769600 2.717700 1.432200
v -0.769600 2.718500 2.315300
v -0.769600 2.718500 2.051600
v -0.769600 2.720100 1.869000
v -0.769600 2.721600 2.260700
v -0.769600 2.721600 1.904100
v -0.769600 2.722400 2.229500
v -0.769600 2.723200 2.199000
v -0.769600 2.724000 2.163100
v -0.769600 2.724000 2.114800
v -0.769600 2.724000 1.469600
v -0.769600 2.727100 2.064800
v -0.769600 2.728600 1.846400
v -0.769600 2.729400 1.820700
v -0.769600 2.729400 1.789500
v -0.769600 2.730200 1.732500
v -0.769600 2.730200 1.631900
v -0.769600 2.730200 1.493000
v -0.769600 2.731000 1.535900
v -0.769600 2.731800 2.038300
v -0.769600 2.731800 1.923600
v -0.769600 2.733300 2.014900
v -0.769600 2.733300 1.981400
v -0.769600 2.733300 1.947000
v -0.769600 2.734100 1.844800
v -0.769600 2.734900 1.818300
v -0.769600 2.734900 1.787900
v -0.769600 2.734900 1.490700
v -0.769600 2.735700 1.924400
v -0.769600 2.735700 1.732500
v -0.769600 2.735700 1.631900
v -0.769600 2.735700 1.535100
v -0.769600 2.736500 2.039100
v -0.769600 2.737200 1.948600
v -0.769600 2.738000 2.014900
v -0.769600 2.738000 1.981400
v -0.769600 2.738800 1.373700
v -0.769600 2.739600 1.397100
v -0.769600 2.741100 2.556300
v -0.769600 2.741100 2.522000
v -0.769600 2.741100 2.425300
v -0.769600 2.741100 1.432200
v -0.769600 2.741900 2.321500
v -0.769600 2.742700 2.263800
v -0.769600 2.743500 2.230200
v -0.769600 2.743500 2.201400
v -0.769600 2.743500 1.906500
v -0.769600 2.743500 1.887000
v -0.769600 2.743500 1.866700
v -0.769600 2.743500 1.843300
v -0.769600 2.743500 1.467300
v -0.769600 2.744300 2.167000
v -0.769600 2.744300 2.117900
v -0.769600 2.744300 2.070300
v -0.769600 2.744300 1.816000
v -0.769600 2.744300 1.786300
v -0.769600 2.744300 1.731700
v -0.769600 2.744300 1.489900
v -0.769600 2.745000 2.039100
v -0.769600 2.745000 1.926800
v -0.769600 2.745000 1.631100
v -0.769600 2.745000 1.534400
v -0.769600 2.745800 2.013400
v -0.769600 2.745800 1.982200
v -0.769600 2.745800 1.951700
v -0.769600 2.751300 1.373700
v -0.769600 2.752100 2.556300
v -0.769600 2.752100 2.522000
v -0.769600 2.752100 2.425300
v -0.769600 2.752100 1.432200
v -0.769600 2.752100 1.397100
v -0.769600 2.752800 2.320700
v -0.769600 2.752800 2.261400
v -0.769600 2.752800 2.227100
v -0.769600 2.752800 2.198200
v -0.769600 2.752800 2.165500
v -0.769600 2.752800 2.117900
v -0.769600 2.752800 2.071100
v -0.769600 2.752800 1.929900
v -0.769600 2.752800 1.908000
v -0.769600 2.752800 1.887800
v -0.769600 2.752800 1.865900
v -0.769600 2.752800 1.841700
v -0.769600 2.752800 1.814400
v -0.769600 2.752800 1.785600
v -0.769600 2.752800 1.731000
v -0.769600 2.752800 1.631100
v -0.769600 2.752800 1.533600
v -0.769600 2.752800 1.489900
v -0.769600 2.752800 1.466500
v -0.769600 2.753600 2.039100
v -0.769600 2.753600 2.012600
v -0.769600 2.753600 1.982900
v -0.769600 2.753600 1.954100
v -0.769600 2.757500 2.556300
v -0.769600 2.757500 2.522000
v -0.769600 2.757500 2.425300
v -0.769600 2.757500 2.320700
v -0.769600 2.757500 2.259900
v -0.769600 2.757500 2.225600
v -0.769600 2.757500 2.196700
v -0.769600 2.757500 2.164700
v -0.769600 2.757500 2.118700
v -0.769600 2.757500 2.071900
v -0.769600 2.757500 2.038300
v -0.769600 2.757500 2.011800
v -0.769600 2.757500 1.982900
v -0.769600 2.757500 1.955600
v -0.769600 2.757500 1.931400
v -0.769600 2.757500 1.909600
v -0.769600 2.757500 1.887800
v -0.769600 2.757500 1.865100
v -0.769600 2.757500 1.840900
v -0.769600 2.757500 1.813600
v -0.769600 2.757500 1.784800
v -0.769600 2.757500 1.731000
v -0.769600 2.757500 1.630300
v -0.769600 2.757500 1.533600
v -0.769600 2.757500 1.489100
v -0.769600 2.757500 1.466500
v -0.769600 2.757500 1.432200
v -0.769600 2.757500 1.397100
v -0.769600 2.757500 1.373700
v -0.769600 2.759100 2.562600
v -0.769600 2.759100 2.560200
v -0.769600 2.759100 2.556300
v -0.769600 2.759100 2.522000
v -0.769600 2.759100 2.425300
v -0.769600 2.759100 2.320700
v -0.769600 2.759100 2.259900
v -0.769600 2.759100 2.224800
v -0.769600 2.759100 2.196700
v -0.769600 2.759100 2.164700
v -0.769600 2.759100 2.118700
v -0.769600 2.759100 2.071900
v -0.769600 2.759100 2.038300
v -0.769600 2.759100 2.011800
v -0.769600 2.759100 1.983700
v -0.769600 2.759100 1.956400
v -0.769600 2.759100 1.932200
v -0.769600 2.759100 1.909600
v -0.769600 2.759100 1.887800
v -0.769600 2.759100 1.865100
v -0.769600 2.759100 1.840200
v -0.769600 2.759100 1.813600
v -0.769600 2.759100 1.784800
v -0.769600 2.759100 1.731000
v -0.769600 2.759100 1.630300
v -0.769600 2.759100 1.533600
v -0.769600 2.759100 1.489100
v -0.769600 2.759100 1.466500
v -0.769600 2.759100 1.432200
v -0.769600 2.759100 1.397100
v -0.769600 2.759100 1.373700
v -0.771200 2.477400 1.840900
v -0.771200 2.477400 1.815200
v -0.771200 2.478200 1.785600
v -0.771200 2.478200 1.755900
v -0.771200 2.478200 1.730200
v -0.771200 2.490700 1.858900
v -0.771200 2.493800 1.702100
v -0.771200 2.529700 1.864400
v -0.771200 2.539100 1.667000
v -0.771200 2.585900 1.864400
v -0.771200 2.588200 1.635800
v -0.771200 2.615500 1.618600
v -0.771200 2.627200 1.599100
v -0.771200 2.629600 1.495400
v -0.771200 2.630400 1.559300
v -0.771200 2.630400 1.518800
v -0.771200 2.642100 1.485200
v -0.771200 2.652200 1.864400
v -0.771200 2.677900 1.481300
v -0.771200 2.705200 1.858900
v -0.771200 2.713800 1.485200
v -0.771200 2.723200 1.844100
v -0.771200 2.724000 1.819900
v -0.771200 2.724000 1.789500
v -0.771200 2.724700 1.733300
v -0.771200 2.725500 1.633400
v -0.771200 2.725500 1.538300
v -0.771200 2.725500 1.496900
v -0.772000 2.470400 2.153800
v -0.772000 2.470400 2.114000
v -0.772000 2.470400 2.081200
v -0.772000 2.470400 1.956400
v -0.772000 2.470400 1.933000
v -0.772000 2.471200 2.192000
v -0.772000 2.471200 2.053100
v -0.772000 2.471200 2.029000
v -0.772000 2.471200 2.005600
v -0.772000 2.471200 1.981400
v -0.772000 2.474300 2.217700
v -0.772000 2.484500 1.915800
v -0.772000 2.489200 2.233400
v -0.772000 2.525000 2.238800
v -0.772000 2.525000 1.910400
v -0.772000 2.566400 2.238800
v -0.772000 2.584300 1.910400
v -0.772000 2.598400 2.238800
v -0.772000 2.619400 2.234100
v -0.772000 2.628800 2.220100
v -0.772000 2.631900 2.196700
v -0.772000 2.632700 2.162400
v -0.772000 2.632700 2.124100
v -0.772000 2.632700 2.087500
v -0.772000 2.644400 2.060200
v -0.772000 2.653000 1.911200
v -0.772000 2.678700 2.050800
v -0.772000 2.707600 1.915100
v -0.772000 2.713800 2.046900
v -0.772000 2.727100 2.036000
v -0.772000 2.727100 1.926800
v -0.772000 2.728600 2.014100
v -0.772000 2.728600 1.981400
v -0.772000 2.728600 1.948600
v -0.776700 2.486000 1.833100
v -0.776700 2.486000 1.809000
v -0.776700 2.486800 1.783200
v -0.776700 2.487600 1.756700
v -0.776700 2.487600 1.734100
v -0.776700 2.497700 1.850300
v -0.776700 2.502400 1.708300
v -0.776700 2.533600 1.855800
v -0.776700 2.545300 1.674000
v -0.776700 2.585900 1.855800
v -0.776700 2.593700 1.642800
v -0.776700 2.621800 1.624900
v -0.776700 2.635800 1.604600
v -0.776700 2.638200 1.505500
v -0.776700 2.638900 1.528900
v -0.776700 2.639700 1.567100
v -0.776700 2.648300 1.855800
v -0.776700 2.648300 1.493800
v -0.776700 2.677900 1.489900
v -0.776700 2.698200 1.851100
v -0.776700 2.707600 1.493800
v -0.776700 2.715400 1.835500
v -0.776700 2.715400 1.812900
v -0.776700 2.715400 1.784800
v -0.776700 2.716200 1.733300
v -0.776700 2.716900 1.636600
v -0.776700 2.716900 1.544500
v -0.776700 2.717700 1.504700
v -0.779900 2.478200 2.149900
v -0.779900 2.479000 2.113200
v -0.779900 2.479000 2.081200
v -0.779900 2.479000 2.053900
v -0.779900 2.479000 2.029700
v -0.779900 2.479000 2.005600
v -0.779900 2.479000 1.981400
v -0.779900 2.479000 1.958700
v -0.779900 2.479000 1.938500
v -0.779900 2.479800 2.184200
v -0.779900 2.482900 2.209900
v -0.779900 2.492300 1.923600
v -0.779900 2.496200 2.224800
v -0.779900 2.528900 2.230200
v -0.779900 2.529700 1.919000
v -0.779900 2.566400 2.230200
v -0.779900 2.584300 1.919000
v -0.779900 2.593700 2.230200
v -0.779900 2.612400 2.225600
v -0.779900 2.621000 2.212300
v -0.779900 2.623300 2.189700
v -0.779900 2.624900 2.158500
v -0.779900 2.624900 2.121000
v -0.779900 2.624900 2.082800
v -0.779900 2.636600 2.053100
v -0.779900 2.649100 1.919000
v -0.779900 2.670900 2.043000
v -0.779900 2.700600 1.922900
v -0.779900 2.706000 2.039900
v -0.779900 2.718500 2.029700
v -0.779900 2.719300 1.933800
v -0.779900 2.720100 2.011800
v -0.779900 2.720800 1.982900
v -0.779900 2.720800 1.953300
v -0.782300 2.495400 1.825300
v -0.782300 2.495400 1.803500
v -0.782300 2.495400 1.780100
v -0.782300 2.496200 1.756700
v -0.782300 2.496200 1.737200
v -0.782300 2.505500 1.841700
v -0.782300 2.510200 1.713800
v -0.782300 2.538300 1.847200
v -0.782300 2.551600 1.681800
v -0.782300 2.585900 1.847200
v -0.782300 2.598400 1.650600
v -0.782300 2.628000 1.631900
v -0.782300 2.643600 1.847200
v -0.782300 2.643600 1.611600
v -0.782300 2.646700 1.514900
v -0.782300 2.647500 1.574900
v -0.782300 2.647500 1.538300
v -0.782300 2.654500 1.502400
v -0.782300 2.677900 1.498500
v -0.782300 2.691200 1.841700
v -0.782300 2.701300 1.502400
v -0.782300 2.706800 1.826100
v -0.782300 2.706800 1.804300
v -0.782300 2.706800 1.780100
v -0.782300 2.708400 1.639700
v -0.782300 2.709100 1.551500
v -0.782300 2.709100 1.512500
v -0.783100 2.706800 1.739500
v -0.783900 2.501600 1.821400
v -0.783900 2.501600 1.801200
v -0.783900 2.502400 1.778500
v -0.783900 2.502400 1.757500
v -0.783900 2.502400 1.738800
v -0.783900 2.511800 1.835500
v -0.783900 2.514900 1.819100
v -0.783900 2.514900 1.800400
v -0.783900 2.514900 1.778500
v -0.783900 2.515700 1.756700
v -0.783900 2.515700 1.718500
v -0.783900 2.517200 1.736400
v -0.783900 2.521100 1.830000
v -0.783900 2.527400 1.718500
v -0.783900 2.541400 1.840900
v -0.783900 2.543000 1.833100
v -0.783900 2.543800 1.819100
v -0.783900 2.543800 1.800400
v -0.783900 2.543800 1.778500
v -0.783900 2.545300 1.753600
v -0.783900 2.550000 1.724700
v -0.783900 2.554700 1.699700
v -0.783900 2.554700 1.688000
v -0.783900 2.585900 1.840900
v -0.783900 2.585900 1.819100
v -0.783900 2.585900 1.800400
v -0.783900 2.585900 1.778500
v -0.783900 2.586700 1.833100
v -0.783900 2.587400 1.750500
v -0.783900 2.596000 1.712200
v -0.783900 2.599100 1.675600
v -0.783900 2.599900 1.658400
v -0.783900 2.630400 1.638900
v -0.783900 2.635000 1.660000
v -0.783900 2.638900 1.819100
v -0.783900 2.638900 1.800400
v -0.783900 2.638900 1.778500
v -0.783900 2.639700 1.833100
v -0.783900 2.641300 1.840900
v -0.783900 2.641300 1.748900
v -0.783900 2.647500 1.708300
v -0.783900 2.647500 1.617100
v -0.783900 2.652200 1.542900
v -0.783900 2.652200 1.519500
v -0.783900 2.653000 1.580400
v -0.783900 2.654500 1.634200
v -0.783900 2.659200 1.507800
v -0.783900 2.660800 1.589700
v -0.783900 2.660800 1.546100
v -0.783900 2.660800 1.521900
v -0.783900 2.664700 1.512500
v -0.783900 2.670100 1.673200
v -0.783900 2.673300 1.830800
v -0.783900 2.677900 1.611600
v -0.783900 2.677900 1.503900
v -0.783900 2.678700 1.551500
v -0.783900 2.678700 1.521900
v -0.783900 2.678700 1.510200
v -0.783900 2.684200 1.819900
v -0.783900 2.684200 1.800400
v -0.783900 2.684200 1.778500
v -0.783900 2.685000 1.756700
v -0.783900 2.686500 1.836300
v -0.783900 2.686500 1.738800
v -0.783900 2.692000 1.511700
v -0.783900 2.692800 1.706800
v -0.783900 2.695100 1.631900
v -0.783900 2.695900 1.556200
v -0.783900 2.696700 1.521100
v -0.783900 2.697400 1.507100
v -0.783900 2.700600 1.750500
v -0.783900 2.701300 1.821400
v -0.783900 2.701300 1.801200
v -0.783900 2.702100 1.778500
v -0.783900 2.702100 1.759800
v -0.783900 2.702100 1.721600
v -0.783900 2.702900 1.639700
v -0.783900 2.703700 1.555400
v -0.783900 2.704500 1.518000
v -0.787100 2.486800 2.146000
v -0.787100 2.486800 2.111700
v -0.787100 2.487600 2.082000
v -0.787100 2.487600 2.053900
v -0.787100 2.487600 2.029700
v -0.787100 2.487600 2.006300
v -0.787100 2.487600 1.982200
v -0.787100 2.487600 1.960300
v -0.787100 2.487600 1.942400
v -0.787100 2.488400 2.178000
v -0.787100 2.491500 2.201400
v -0.787100 2.499300 1.931400
v -0.787100 2.504000 2.216200
v -0.787100 2.532800 2.221700
v -0.787100 2.533600 1.927500
v -0.787100 2.566400 2.221700
v -0.787100 2.584300 1.927500
v -0.787100 2.589800 2.221700
v -0.787100 2.604600 2.217000
v -0.787100 2.612400 2.204500
v -0.787100 2.614800 2.182600
v -0.787100 2.616300 2.153800
v -0.787100 2.616300 2.117900
v -0.787100 2.616300 2.077300
v -0.787100 2.627200 2.045300
v -0.787100 2.644400 1.927500
v -0.787100 2.662300 2.034400
v -0.787100 2.693500 1.931400
v -0.787100 2.697400 2.032100
v -0.787100 2.709900 2.024300
v -0.787100 2.710700 1.940800
v -0.787100 2.711500 2.008700
v -0.787100 2.712300 1.983700
v -0.787100 2.712300 1.958000
v -0.789400 2.493100 2.144400
v -0.789400 2.493100 2.111700
v -0.789400 2.493100 2.082000
v -0.789400 2.493100 2.053900
v -0.789400 2.493100 2.029700
v -0.789400 2.493100 2.006300
v -0.789400 2.493100 1.982200
v -0.789400 2.493100 1.961100
v -0.789400 2.493100 1.945500
v -0.789400 2.493800 2.174800
v -0.789400 2.497000 2.197500
v -0.789400 2.504000 1.936900
v -0.789400 2.505500 2.144400
v -0.789400 2.505500 2.111700
v -0.789400 2.505500 2.082000
v -0.789400 2.505500 2.054700
v -0.789400 2.505500 2.029700
v -0.789400 2.505500 2.006300
v -0.789400 2.505500 1.982200
v -0.789400 2.506300 2.174800
v -0.789400 2.506300 1.961900
v -0.789400 2.506300 1.947800
v -0.789400 2.508700 2.210700
v -0.789400 2.509400 2.195900
v -0.789400 2.513300 1.940800
v -0.789400 2.516500 2.206000
v -0.789400 2.535200 2.174100
v -0.789400 2.535200 2.144400
v -0.789400 2.535200 2.111700
v -0.789400 2.536000 2.215400
v -0.789400 2.536000 2.082000
v -0.789400 2.536000 2.054700
v -0.789400 2.536000 2.029700
v -0.789400 2.536700 2.195100
v -0.789400 2.536700 2.006300
v -0.789400 2.536700 1.933800
v -0.789400 2.537500 2.208400
v -0.789400 2.537500 1.982900
v -0.789400 2.537500 1.961900
v -0.789400 2.537500 1.939200
v -0.789400 2.538300 1.948600
v -0.789400 2.566400 2.215400
v -0.789400 2.566400 2.208400
v -0.789400 2.566400 2.195100
v -0.789400 2.567200 2.174100
v -0.789400 2.567200 2.145200
v -0.789400 2.567900 2.112400
v -0.789400 2.568700 2.080400
v -0.789400 2.571100 2.051600
v -0.789400 2.579600 2.028200
v -0.789400 2.581200 2.006300
v -0.789400 2.582800 1.982900
v -0.789400 2.584300 1.962600
v -0.789400 2.584300 1.948600
v -0.789400 2.584300 1.940000
v -0.789400 2.584300 1.933800
v -0.789400 2.585900 2.208400
v -0.789400 2.586700 2.215400
v -0.789400 2.586700 2.195100
v -0.789400 2.588200 2.174800
v -0.789400 2.589000 2.146800
v -0.789400 2.589000 2.113200
v -0.789400 2.589000 2.076500
v -0.789400 2.595200 2.206000
v -0.789400 2.599100 2.195900
v -0.789400 2.599900 2.211500
v -0.789400 2.599900 2.044600
v -0.789400 2.601500 2.175600
v -0.789400 2.602300 2.148300
v -0.789400 2.602300 2.114000
v -0.789400 2.602300 2.073400
v -0.789400 2.606200 2.199000
v -0.789400 2.609300 2.178000
v -0.789400 2.609300 2.074200
v -0.789400 2.610100 2.150700
v -0.789400 2.610100 2.115600
v -0.789400 2.613200 2.039100
v -0.789400 2.621000 2.039900
v -0.789400 2.631100 2.023500
v -0.789400 2.637400 2.005600
v -0.789400 2.639700 1.983700
v -0.789400 2.640500 1.963400
v -0.789400 2.640500 1.949400
v -0.789400 2.640500 1.940000
v -0.789400 2.642100 1.933800
v -0.789400 2.646700 2.025800
v -0.789400 2.656100 2.029000
v -0.789400 2.674800 1.941600
v -0.789400 2.677200 2.024300
v -0.789400 2.683400 2.019600
v -0.789400 2.686500 2.005600
v -0.789400 2.687300 1.948600
v -0.789400 2.688100 1.984500
v -0.789400 2.688100 1.962600
v -0.789400 2.688900 1.936900
v -0.789400 2.691200 2.026600
v -0.789400 2.704500 2.019600
v -0.789400 2.705200 1.945500
v -0.789400 2.706000 2.006300
v -0.789400 2.706800 1.984500
v -0.789400 2.706800 1.961100
v -0.805300 2.223900 2.181900
v -0.806100 2.223900 2.113200
v -0.806100 2.223900 1.220000
v -0.806100 2.223900 1.177100
v -0.810800 2.223900 2.540700
v -0.811600 2.212200 2.683500
v -0.811600 2.215300 2.683500
v -0.811600 2.220800 2.680400
v -0.811600 2.223900 2.658500
vn 0.000756 -0.453095 -0.891462
vn 0.001557 -0.091638 -0.995791
vn 0.000000 -0.091638 -0.995792
vn 0.000000 -0.453095 -0.891462
vn -0.000000 -0.091638 -0.995792
vn -0.001839 -0.449576 -0.893240
vn -0.003583 -0.482905 -0.875666
vn -0.003282 -0.482997 -0.875616
vn -0.001962 -0.479568 -0.877503
vn -0.002523 -0.418335 -0.908289
vn 0.000000 -0.407277 -0.913305
vn -0.001908 -0.405963 -0.913887
vn 0.000000 -0.392424 -0.919784
vn 0.001900 -0.392424 -0.919783
vn 0.001965 -0.479568 -0.877502
vn 0.003587 -0.482903 -0.875666
vn 0.001910 -0.450901 -0.892572
vn -0.071767 -0.406668 -0.910753
vn -0.015375 -0.087124 -0.996079
vn 0.001523 -0.091517 -0.995802
vn -0.002423 0.145664 -0.989331
vn 0.000408 0.145664 -0.989334
vn 0.000000 0.146543 -0.989204
vn -0.083727 0.086595 -0.992719
vn 0.054070 -0.055921 -0.996970
vn 0.035138 -0.053335 -0.997958
vn 0.188956 -0.286809 -0.939168
vn 0.181225 -0.332620 -0.925484
vn 0.082970 -0.226302 -0.970517
vn -0.036938 -0.524558 -0.850573
vn -0.002040 -0.558150 -0.829738
vn 0.000461 -0.421148 -0.906992
vn 0.000000 -0.419047 -0.907965
vn 0.000000 0.000000 -1.000000
vn 0.000000 0.000000 -1.000000
vn 0.000000 0.000000 -1.000000
vn 0.000000 0.000000 -1.000000
vn 0.000000 -0.000000 -1.000000
vn 0.000000 0.000000 -1.000000
vn 0.000000 -0.009051 -0.999959
vn -0.000000 -0.009051 -0.999959
vn 0.000000 -0.009051 -0.999959
vn -0.002675 -0.009426 -0.999952
vn -0.000000 0.000000 -1.000000
vn 0.000000 0.000000 -1.000000
vn -0.000000 -0.000000 -1.000000
vn 0.000000 0.000000 -1.000000
vn -0.000000 -0.420714 -0.907193
vn -0.000499 -0.419047 -0.907965
vn 0.000000 -0.420714 -0.907193
vn 0.000000 0.000000 -1.000000
vn 0.000000 0.000000 -1.000000
vn 0.000000 0.000000 -1.000000
vn 0.001816 -0.008655 -0.999961
vn 0.000022 -0.026447 -0.999650
vn 0.000514 -0.629254 -0.777200
vn 0.000000 -0.629210 -0.777236
vn 0.000513 -0.629224 -0.777224
vn 0.000814 -0.999568 -0.029397
vn -0.000000 -0.999568 -0.029397
vn -0.000000 -0.629210 -0.777236
vn -0.000000 -0.629210 -0.777236
vn -0.000000 -0.026661 -0.999645
vn -0.001686 -0.009498 -0.999953
vn -0.000000 0.000000 -1.000000
vn 0.000000 0.000000 -1.000000
vn 0.000000 -0.000000 -1.000000
vn -0.000000 -0.407277 -0.913305
vn 0.002370 -0.405672 -0.914016
vn 0.004148 -0.556165 -0.831061
vn 0.001578 -0.558584 -0.829446
vn 0.002031 -0.557321 -0.830294
vn -0.001551 -0.557322 -0.830295
vn 0.004501 -0.083617 -0.996488
vn 0.277165 -0.114823 -0.953937
vn -0.000553 -0.087466 -0.996167
vn 0.000553 -0.087466 -0.996167
vn -0.004526 -0.083598 -0.996489
vn -0.127597 -0.097889 -0.986984
vn 0.018670 -0.468559 -0.883235
vn -0.000583 -0.474504 -0.880253
vn 0.001957 -0.479843 -0.877352
vn 0.001892 -0.392424 -0.919783
vn -0.001889 -0.392424 -0.919783
vn 0.000000 -0.407277 -0.913305
vn 0.000000 0.000000 -1.000000
vn 0.000000 0.000000 -1.000000
vn 0.000000 0.000000 -1.000000
vn 0.000000 0.000000 -1.000000
vn -0.000000 0.000000 -1.000000
vn 0.000000 0.000000 -1.000000
vn 0.000000 -0.026661 -0.999645
vn -0.000020 -0.026504 -0.999649
vn -0.000470 -0.629210 -0.777236
vn 0.000499 -0.666783 -0.745251
vn -0.006103 -0.667157 -0.744892
vn 0.003845 -0.140882 -0.990019
vn -0.000911 -0.035194 -0.999380
vn -0.000000 0.000000 -1.000000
vn -0.000000 0.000000 -1.000000
vn -0.000000 0.000000 -1.000000
vn 0.001275 -0.000507 -0.999999
vn 0.006125 -0.000102 -0.999981
vn 0.001755 0.000447 -0.999998
vn 0.015089 0.003839 -0.999879
vn 0.000267 0.000457 -1.000000
vn -0.000307 -0.000526 -1.000000
vn -0.000636 -0.000491 -1.000000
vn 0.000000 0.000000 -1.000000
vn 0.000000 0.000000 -1.000000
vn 0.081566 -0.387915 -0.918079
vn 0.556731 -0.001506 -0.830691
vn 0.561405 -0.001324 -0.827540
vn 0.561669 -0.000595 -0.827362
vn 0.597014 0.000702 -0.802230
vn -0.000180 0.000501 -1.000000
vn -0.000889 0.002476 -0.999997
vn 0.004311 0.010405 -0.999937
vn -0.003322 0.107105 -0.994242
vn 0.083953 0.573006 -0.815240
vn -0.008161 0.999064 -0.042471
vn 0.001151 0.999994 -0.003202
vn -0.005522 0.999867 0.015363
vn 0.013501 0.985658 0.168213
vn -0.010288 0.647580 0.761928
vn 0.015544 0.014232 0.999778
vn -0.003604 0.001189 0.999993
vn 0.000000 0.000000 1.000000
vn 0.000000 -0.000000 1.000000
vn 0.000987 -0.000909 0.999999
vn -0.002364 -0.013539 0.999906
vn 0.006766 -0.099012 0.995063
vn -0.006017 -0.670895 0.741528
vn 0.005726 -0.993877 0.110340
vn -0.000871 -0.999983 0.005822
vn 0.001855 -0.999921 -0.012403
vn -0.001567 -0.999377 -0.035269
vn 0.005169 -0.989270 -0.146007
vn 0.000747 -0.999377 -0.035282
vn 0.000000 -0.999568 -0.029397
vn 0.000000 -0.999983 0.005822
vn 0.000000 -0.999568 -0.029397
vn 0.000000 -0.999983 0.005822
vn 0.000000 -0.670907 0.741542
vn -0.000487 -0.653630 0.756814
vn -0.000010 -0.013335 0.999911
vn -0.000010 -0.013333 0.999911
vn 0.000000 0.000000 1.000000
vn 0.000000 0.000000 1.000000
vn -0.000000 0.000925 1.000000
vn -0.000001 0.000926 1.000000
vn -0.000685 0.647614 0.761968
vn -0.000686 0.647659 0.761930
vn -0.001059 0.999857 0.016876
vn -0.000000 0.999736 0.022986
vn 0.000000 0.999210 -0.039741
vn 0.000000 0.999210 -0.039741
vn 0.000000 0.104685 -0.994506
vn 0.000682 0.109561 -0.993980
vn -0.001354 0.109592 -0.993976
vn -0.002275 0.999206 -0.039780
vn 0.000000 0.998680 -0.051362
vn 0.000000 0.999736 0.022986
vn 0.000000 0.999736 0.022986
vn 0.000000 0.629183 0.777257
vn -0.000726 0.647659 0.761930
vn -0.000001 0.000926 1.000000
vn 0.000960 0.001189 0.999999
vn 0.000960 -0.000131 1.000000
vn 0.000000 -0.000413 1.000000
vn 0.000000 -0.013379 0.999910
vn -0.000010 -0.013333 0.999911
vn -0.000486 -0.636869 0.770972
vn 0.000000 -0.653631 0.756814
vn 0.000000 -0.999983 0.005822
vn 0.000000 -0.999983 0.005822
vn 0.000815 -0.999983 0.005817
vn 0.000814 -0.999568 -0.029397
vn 0.000000 -0.999932 0.011629
vn 0.000000 -0.636869 0.770972
vn 0.000000 -0.636869 0.770972
vn 0.000000 -0.013379 0.999911
vn -0.000012 -0.013328 0.999911
vn -0.000000 -0.000413 1.000000
vn 0.000000 -0.000413 1.000000
vn -0.000000 0.001389 0.999999
vn -0.000000 -0.000413 1.000000
vn -0.000008 -0.013329 0.999911
vn -0.000554 -0.015894 0.999873
vn 0.001053 -0.636869 0.770972
vn -0.002102 -0.779841 0.625973
vn 0.000670 -0.999959 0.008982
vn 0.000000 -0.999932 0.011629
vn -0.000000 -0.999568 -0.029397
vn 0.000000 -0.999568 -0.029397
vn -0.000000 -0.629210 -0.777236
vn 0.000000 -0.629210 -0.777236
vn -0.000000 -0.009051 -0.999959
vn 0.002838 -0.010771 -0.999938
vn 0.000000 0.000000 -1.000000
vn -0.000000 0.000000 -1.000000
vn 0.000000 0.000000 -1.000000
vn -0.000000 -0.407277 -0.913305
vn 0.002370 -0.405672 -0.914016
vn 0.003275 -0.482999 -0.875615
vn 0.000000 -0.420714 -0.907193
vn 0.000000 0.004233 -0.999991
vn 0.002723 -0.000486 -0.999996
vn 0.002692 -0.000315 -0.999996
vn -0.002928 -0.013941 -0.999898
vn 0.000036 -0.026817 -0.999640
vn 0.000838 -0.629330 -0.777138
vn 0.000000 -0.629210 -0.777236
vn 0.000000 -0.999568 -0.029397
vn 0.000000 -0.999568 -0.029397
vn 0.000000 -0.999982 0.006018
vn 0.000000 -0.999982 0.006018
vn -0.000000 -0.999568 -0.029397
vn -0.000000 -0.999568 -0.029397
vn -0.000000 -0.647641 -0.761946
vn 0.000000 -0.647640 -0.761946
vn 0.000000 -0.999568 -0.029397
vn 0.000000 -0.647641 -0.761946
vn -0.000000 -0.013570 -0.999908
vn -0.000000 -0.013570 -0.999908
vn 0.000000 0.004233 -0.999991
vn 0.000000 0.004233 -0.999991
vn -0.000000 -0.419047 -0.907965
vn -0.000596 -0.421283 -0.906929
vn 0.000000 -0.419047 -0.907965
vn 0.000000 -0.419047 -0.907965
vn 0.000000 0.004233 -0.999991
vn 0.000000 0.004233 -0.999991
vn 0.000000 -0.013570 -0.999908
vn 0.000000 -0.013570 -0.999908
vn 0.000000 -0.647641 -0.761946
vn 0.000000 -0.647641 -0.761946
vn 0.000000 -0.647641 -0.761946
vn -0.000000 -0.013570 -0.999908
vn -0.000000 -0.013570 -0.999908
vn 0.000000 0.004233 -0.999991
vn 0.000000 0.004233 -0.999991
vn -0.000000 -0.420714 -0.907193
vn 0.000646 -0.419210 -0.907889
vn 0.000000 -0.420714 -0.907193
vn 0.000000 0.004233 -0.999991
vn -0.002723 -0.000486 -0.999996
vn -0.002690 -0.000302 -0.999996
vn 0.002919 -0.013940 -0.999899
vn 0.000000 0.000000 -1.000000
vn 0.000000 0.000000 -1.000000
vn -0.002842 -0.010787 -0.999938
vn -0.000036 -0.026817 -0.999640
vn 0.000000 -0.009051 -0.999959
vn -0.000000 0.000000 -1.000000
vn 0.000000 0.000000 -1.000000
vn -0.000000 -0.407277 -0.913305
vn -0.002370 -0.405672 -0.914016
vn -0.001897 -0.392424 -0.919783
vn 0.000000 -0.392424 -0.919784
vn 0.000000 0.000000 -1.000000
vn 0.001911 -0.405983 -0.913879
vn 0.001965 -0.479568 -0.877502
vn -0.001962 -0.479568 -0.877503
vn 0.003582 -0.482893 -0.875672
vn 0.003274 -0.482988 -0.875621
vn 0.002370 -0.405672 -0.914016
vn 0.000000 -0.420714 -0.907193
vn 0.000000 0.000000 -1.000000
vn 0.000000 0.000000 -1.000000
vn 0.000000 -0.009051 -0.999959
vn 0.000000 -0.009051 -0.999959
vn 0.000000 -0.009051 -0.999959
vn 0.000000 -0.629210 -0.777236
vn 0.000000 -0.629210 -0.777236
vn -0.000838 -0.629330 -0.777138
vn 0.000000 -0.647641 -0.761946
vn 0.000000 -0.647641 -0.761946
vn 0.000000 -0.999568 -0.029397
vn -0.000000 -0.999568 -0.029397
vn 0.000000 -0.999568 -0.029397
vn 0.000000 -0.999568 -0.029397
vn 0.000000 -0.999983 0.005842
vn 0.000000 -0.999983 0.005842
vn 0.000027 -0.999983 0.005896
vn 0.003075 -0.750727 0.660605
vn 0.000000 -0.688747 0.725002
vn 0.000000 -0.999983 0.005842
vn 0.000000 -0.688747 0.725002
vn 0.000000 -0.016390 0.999866
vn 0.000000 -0.016390 0.999866
vn 0.000554 -0.015896 0.999874
vn -0.001054 -0.636869 0.770972
vn 0.002103 -0.779801 0.626024
vn -0.003078 -0.750778 0.660548
vn -0.000027 -0.999983 0.005841
vn 0.000000 -0.999982 0.006018
vn -0.000000 -0.999568 -0.029397
vn 0.000000 -0.999568 -0.029397
vn 0.000000 -0.999982 0.006018
vn 0.000000 -0.999568 -0.029397
vn 0.000000 -0.999568 -0.029397
vn 0.000000 -0.999982 0.006018
vn 0.000000 -0.999568 -0.029397
vn -0.000670 -0.999959 0.008986
vn 0.000000 -0.999568 -0.029397
vn 0.000000 -0.999932 0.011629
vn 0.000000 -0.999932 0.011629
vn 0.000000 -0.636869 0.770972
vn -0.000815 -0.999983 0.005817
vn -0.000814 -0.999568 -0.029397
vn -0.000000 -0.999568 -0.029397
vn -0.000000 -0.629210 -0.777236
vn 0.000000 -0.629210 -0.777236
vn -0.000514 -0.629254 -0.777200
vn -0.000513 -0.629224 -0.777224
vn -0.000814 -0.999568 -0.029397
vn 0.000000 -0.999568 -0.029397
vn 0.000000 -0.999983 0.005822
vn 0.000000 -0.999983 0.005822
vn 0.000000 -0.653630 0.756814
vn 0.000485 -0.636869 0.770972
vn 0.000000 -0.636869 0.770972
vn 0.000000 -0.013334 0.999911
vn 0.000008 -0.013329 0.999911
vn 0.000000 -0.000413 1.000000
vn 0.000000 -0.000413 1.000000
vn 0.000000 -0.000413 1.000000
vn 0.000000 -0.000413 1.000000
vn -0.000000 0.001389 0.999999
vn 0.000000 0.001389 0.999999
vn 0.000000 0.001389 0.999999
vn 0.000000 0.001389 0.999999
vn -0.000000 0.647614 0.761968
vn -0.001213 0.629183 0.777257
vn -0.001928 0.999734 0.022986
vn -0.001928 0.999734 0.022986
vn -0.001926 0.998678 -0.051362
vn 0.000789 0.999735 0.022986
vn -0.001389 0.647614 0.761968
vn 0.000000 0.722626 0.691240
vn 0.000000 0.722626 0.691240
vn 0.000000 0.001389 0.999999
vn -0.000000 0.001389 0.999999
vn 0.000000 0.001389 0.999999
vn 0.000000 -0.000413 1.000000
vn 0.000000 -0.000413 1.000000
vn 0.000000 -0.000413 1.000000
vn 0.000012 -0.013375 0.999911
vn 0.000000 -0.013379 0.999911
vn 0.000000 -0.000413 1.000000
vn 0.000010 -0.013333 0.999911
vn 0.000010 -0.013333 0.999911
vn 0.000501 -0.670907 0.741542
vn 0.000000 -0.653631 0.756814
vn 0.000000 -0.999983 0.005822
vn 0.000000 -0.999983 0.005822
vn -0.000000 -0.999568 -0.029397
vn -0.000000 -0.999568 -0.029397
vn -0.000000 -0.629210 -0.777236
vn 0.000000 -0.629210 -0.777236
vn 0.000470 -0.629210 -0.777236
vn -0.000499 -0.666783 -0.745251
vn -0.000748 -0.999377 -0.035282
vn 0.006095 -0.667157 -0.744893
vn -0.005163 -0.989270 -0.146007
vn 0.001565 -0.999377 -0.035269
vn -0.001853 -0.999921 -0.012403
vn 0.000870 -0.999983 0.005822
vn -0.005719 -0.993877 0.110340
vn 0.006009 -0.670895 0.741528
vn -0.006757 -0.099014 0.995063
vn 0.002362 -0.013531 0.999906
vn -0.000987 -0.000909 0.999999
vn 0.000010 -0.013335 0.999911
vn 0.000000 0.000000 1.000000
vn 0.000000 0.000000 1.000000
vn -0.000000 0.000000 1.000000
vn 0.000000 0.000000 1.000000
vn -0.000961 -0.000131 1.000000
vn -0.000000 0.000925 1.000000
vn 0.003595 0.001188 0.999993
vn -0.015503 0.014232 0.999779
vn 0.010261 0.647580 0.761928
vn -0.013465 0.985662 0.168196
vn 0.005507 0.999867 0.015368
vn -0.001150 0.999994 -0.003208
vn 0.008173 0.999062 -0.042521
vn -0.084075 0.573632 -0.814787
vn 0.000000 0.999210 -0.039741
vn 0.000000 0.999736 0.022986
vn 0.001059 0.999857 0.016876
vn 0.000686 0.647614 0.761968
vn 0.000685 0.647659 0.761930
vn 0.000001 0.000926 1.000000
vn 0.000001 0.000926 1.000000
vn 0.000726 0.647659 0.761930
vn -0.000961 0.001189 0.999999
vn 0.000000 0.001389 0.999999
vn 0.000000 0.001389 0.999999
vn -0.000000 0.647614 0.761968
vn 0.000000 0.647614 0.761968
vn 0.001216 0.629183 0.777257
vn -0.000000 0.629183 0.777257
vn -0.000000 0.999736 0.022986
vn 0.001932 0.999734 0.022986
vn -0.000000 0.999736 0.022986
vn 0.000000 0.999210 -0.039741
vn 0.000000 0.999210 -0.039741
vn 0.000000 0.104685 -0.994505
vn 0.003318 0.107127 -0.994240
vn -0.004303 0.010410 -0.999937
vn -0.015115 0.003823 -0.999878
vn -0.001762 0.000446 -0.999998
vn -0.006125 -0.000102 -0.999981
vn -0.001282 -0.000506 -0.999999
vn 0.000000 0.000000 -1.000000
vn 0.000000 0.000000 -1.000000
vn 0.002098 -0.008653 -0.999960
vn -0.003840 -0.140883 -0.990019
vn -0.001730 -0.009454 -0.999954
vn 0.000020 -0.026504 -0.999649
vn -0.000000 0.000000 -1.000000
vn 0.000000 -0.000000 -1.000000
vn 0.000000 0.000000 -1.000000
vn 0.000000 0.000000 -1.000000
vn 0.000632 -0.000491 -1.000000
vn 0.000309 -0.000526 -1.000000
vn -0.000295 0.000502 -1.000000
vn 0.000164 0.000460 -1.000000
vn 0.000886 0.002478 -0.999997
vn 0.002277 0.001681 -0.999996
vn -0.000000 0.000000 -1.000000
vn -0.000682 0.109561 -0.993980
vn 0.001354 0.109592 -0.993976
vn 0.002287 0.998677 -0.051362
vn 0.001930 0.998678 -0.051362
vn 0.001932 0.999734 0.022986
vn -0.000789 0.999736 0.022986
vn 0.001152 0.720621 0.693328
vn 0.000000 0.722626 0.691240
vn -0.000000 0.999754 0.022194
vn -0.000000 0.999754 0.022194
vn -0.000000 0.999754 0.022194
vn 0.000000 1.000000 0.000000
vn -0.001493 0.999995 0.002896
vn 0.000000 0.999967 0.008141
vn -0.000000 0.999938 0.011126
vn 0.000663 0.999955 0.009498
vn -0.000000 0.999967 0.008141
vn -0.000647 0.999935 0.011413
vn 0.000000 0.998968 -0.045415
vn 0.000000 0.998968 -0.045415
vn 0.000000 0.998968 -0.045415
vn 0.000000 0.998968 -0.045415
vn 0.000000 0.998968 -0.045415
vn 0.000000 0.999967 0.008141
vn 0.000000 0.999967 0.008141
vn 0.000000 0.999754 0.022194
vn 0.001491 0.999995 0.002892
vn 0.000000 1.000000 0.000000
vn 0.000000 0.999754 0.022194
vn -0.000663 0.999955 0.009498
vn 0.000962 0.999980 0.006171
vn -0.000000 0.999938 0.011126
vn 0.000000 0.998968 -0.045415
vn 0.000000 0.998968 -0.045415
vn 0.000000 0.998968 -0.045415
vn 0.000000 0.999929 0.011906
vn 0.000000 0.999929 0.011906
vn 0.000000 0.999929 0.011906
vn 0.000000 0.999929 0.011906
vn 0.000000 0.998680 -0.051362
vn -0.001926 0.998678 -0.051362
vn -0.000208 0.107931 -0.994158
vn -0.001556 0.108168 -0.994131
vn -0.001091 0.000044 -0.999999
vn 0.000000 0.000000 -1.000000
vn 0.000000 0.000000 -1.000000
vn -0.002265 0.001687 -0.999996
vn 0.340338 0.558490 -0.756478
vn 0.005830 0.715423 -0.698668
vn 0.319408 0.503359 -0.802875
vn 0.287489 0.453736 -0.843489
vn 0.781190 -0.001371 -0.624292
vn 0.779517 -0.001618 -0.626380
vn 0.779456 -0.002108 -0.626453
vn 0.780233 -0.001998 -0.625486
vn 0.095482 -0.445551 -0.890150
vn 0.083078 -0.390898 -0.916677
vn 0.000000 -0.427558 -0.903988
vn 0.000000 0.000000 -1.000000
vn 0.000000 0.000000 -1.000000
vn 0.000000 0.000000 -1.000000
vn 0.000000 0.000000 -1.000000
vn -0.000000 0.000000 -1.000000
vn 0.000000 -0.000000 -1.000000
vn 0.000000 0.000000 -1.000000
vn 0.000000 0.000000 -1.000000
vn 0.000000 0.000000 -1.000000
vn 0.000000 -0.000000 -1.000000
vn -0.000000 -0.420714 -0.907193
vn 0.000000 -0.420714 -0.907193
vn -0.002375 -0.405642 -0.914029
vn 0.000497 -0.419047 -0.907965
vn 0.000000 -0.419047 -0.907965
vn -0.000577 -0.420928 -0.907094
vn -0.001264 -0.421181 -0.906976
vn 0.002556 -0.558976 -0.829180
vn 0.000642 -0.559792 -0.828633
vn 0.001568 -0.557322 -0.830295
vn -0.002024 -0.557321 -0.830294
vn -0.001569 -0.558592 -0.829441
vn -0.042375 -0.519184 -0.853611
vn -0.003137 -0.470806 -0.882231
vn -0.001948 -0.471180 -0.882035
vn 0.001278 -0.479833 -0.877359
vn 0.002576 -0.453097 -0.891457
vn -0.013036 -0.453060 -0.891385
vn -0.002259 -0.433301 -0.901247
vn -0.184658 -0.320459 -0.929090
vn -0.136572 -0.271041 -0.952830
vn -0.194074 -0.261489 -0.945494
vn -0.361993 0.000156 -0.932181
vn -0.460923 -0.000026 -0.887440
vn -0.368606 0.001320 -0.929585
vn 0.000000 -0.000000 -1.000000
vn 0.000000 -0.000000 -1.000000
vn 0.000000 0.000000 -1.000000
vn 0.000000 -0.000000 -1.000000
vn 0.358971 0.001543 -0.933347
vn -0.000000 0.000000 -1.000000
vn 0.000000 0.000000 -1.000000
vn 0.000000 -0.000000 -1.000000
vn 0.367210 0.001399 -0.930137
vn 0.366462 -0.000126 -0.930433
vn 0.458892 -0.000364 -0.888492
vn 0.458968 -0.000381 -0.888453
vn 0.070983 0.000611 -0.997477
vn 0.074523 -0.000059 -0.997219
vn 0.075279 0.001368 -0.997162
vn 0.459164 -0.000048 -0.888351
vn 0.457269 -0.000398 -0.889328
vn 0.373558 -0.000010 -0.927607
vn 0.310308 -0.155153 -0.937889
vn 0.000000 -0.406564 -0.913622
vn 0.365149 -0.182573 -0.912871
vn 0.368793 -0.179899 -0.911937
vn -0.001862 -0.622841 -0.782346
vn -0.001220 -0.408285 -0.912854
vn 0.000000 -0.408270 -0.912861
vn 0.000000 0.000000 -1.000000
vn -0.377809 0.001728 -0.925882
vn -0.367828 -0.000138 -0.929894
vn -0.313903 -0.155476 -0.936639
vn 0.000000 -0.408270 -0.912861
vn -0.361223 -0.180497 -0.914844
vn 0.000000 -0.617557 -0.786526
vn 0.000000 -0.617557 -0.786526
vn 0.000317 -0.617557 -0.786526
vn 0.001630 -0.120930 -0.992660
vn 0.000000 -0.120899 -0.992665
vn 0.000000 -0.115350 -0.993325
vn 0.088841 -0.043337 -0.995103
vn 0.050779 -0.052518 -0.997328
vn 0.082623 -0.000066 -0.996581
vn -0.100883 0.000080 -0.994898
vn -0.100883 0.000080 -0.994898
vn -0.110848 -0.001422 -0.993836
vn -0.087119 0.034124 -0.995613
vn -0.530437 0.250131 -0.809982
vn -0.532614 0.227651 -0.815167
vn -0.693271 -0.000044 -0.720677
vn -0.693280 -0.000042 -0.720668
vn -0.693281 -0.000043 -0.720668
vn -0.092889 -0.001404 -0.995676
vn -0.051724 0.053495 -0.997228
vn -0.051088 0.075731 -0.995819
vn 0.000000 0.105550 -0.994414
vn 0.002284 0.115248 -0.993334
vn 0.000000 0.115248 -0.993337
vn 0.000000 -0.120899 -0.992665
vn -0.105020 -0.036215 -0.993811
vn -0.373257 -0.171679 -0.911705
vn -0.457276 -0.000382 -0.889325
vn -0.459177 -0.000025 -0.888345
vn -0.459407 0.000338 -0.888226
vn -0.070378 0.000732 -0.997520
vn -0.037942 -0.051121 -0.997971
vn -0.073899 0.000059 -0.997266
vn -0.074237 0.000698 -0.997240
vn -0.078060 -0.000063 -0.996949
vn -0.047848 -0.049815 -0.997612
vn 0.072782 0.075773 -0.994465
vn 0.000678 0.117698 -0.993049
vn 0.052209 0.073137 -0.995955
vn 0.109314 0.000089 -0.994007
vn 0.270095 0.403957 -0.873995
vn -0.001374 0.483909 -0.875117
vn -0.000683 0.481921 -0.876214
vn 0.000369 0.481921 -0.876215
vn 0.001018 0.483834 -0.875159
vn -0.272030 0.403245 -0.873724
vn -0.191556 0.374742 -0.907124
vn -0.715916 0.004181 -0.698174
vn -0.648329 0.004559 -0.761346
vn -0.652172 -0.000164 -0.758071
vn -0.729280 0.016380 -0.684019
vn -0.217266 0.416687 -0.882704
vn -0.200178 0.528871 -0.824758
vn -0.000154 0.584047 -0.811720
vn 0.000000 0.584534 -0.811369
vn -0.001129 0.584533 -0.811369
vn 0.000000 0.587911 -0.808926
vn 0.269155 0.508938 -0.817641
vn 0.188842 0.374659 -0.907727
vn 0.155227 0.455907 -0.876387
vn 0.740164 0.005153 -0.672406
vn 0.714785 0.005318 -0.699324
vn 0.689257 0.000488 -0.724517
vn 0.118446 -0.001288 -0.992960
vn 0.119440 -0.002912 -0.992837
vn 0.690195 -0.000664 -0.723623
vn 0.133741 -0.000107 -0.991016
vn 0.686068 -0.000097 -0.727537
vn 0.109980 0.037649 -0.993221
vn 0.536732 0.211313 -0.816863
vn 0.111539 0.100253 -0.988690
vn -0.059993 -0.053923 -0.996741
vn -0.001974 -0.094347 -0.995537
vn 0.003819 0.182546 -0.983190
vn -0.001419 -0.096554 -0.995327
vn -0.000492 0.173775 -0.984785
vn 0.001642 -0.096462 -0.995335
vn -0.002957 0.173746 -0.984786
vn 0.007525 -0.112121 -0.993666
vn 0.013640 -0.427586 -0.903872
vn 0.131344 -0.352474 -0.926558
vn 0.064192 -0.258432 -0.963894
vn 0.169167 -0.191156 -0.966872
vn 0.003679 -0.154963 -0.987913
vn -0.000000 -0.160069 -0.987106
vn -0.000000 -0.160069 -0.987106
vn -0.003720 -0.154906 -0.987922
vn -0.105598 -0.175904 -0.978727
vn 0.015118 -0.477376 -0.878569
vn 0.097572 -0.446973 -0.889210
vn 0.111250 -0.488947 -0.865190
vn 0.208077 -0.366313 -0.906928
vn 0.775738 -0.001981 -0.631052
vn 0.768174 -0.000633 -0.640241
vn 0.768105 -0.001555 -0.640322
vn 0.144451 0.000495 -0.989512
vn 0.095206 -0.160931 -0.982363
vn -0.077655 -0.147984 -0.985936
vn -0.200095 -0.362782 -0.910138
vn -0.114393 0.000000 -0.993436
vn 0.149004 0.000000 -0.988837
vn 0.148969 0.000108 -0.988842
vn 0.156916 0.001003 -0.987612
vn 0.762045 -0.000661 -0.647524
vn 0.307371 0.354658 -0.883029
vn 0.296037 0.395275 -0.869551
vn 0.353936 0.472583 -0.807091
vn 0.001670 0.593132 -0.805104
vn 0.001687 0.668947 -0.743308
vn 0.000761 0.590582 -0.806977
vn 0.000000 0.590583 -0.806977
vn 0.000000 0.668948 -0.743310
vn -0.002278 0.696592 -0.717464
vn -0.000022 0.006805 -0.999977
vn 0.023385 0.005688 -0.999710
vn -0.000732 0.062843 -0.998023
vn -0.001213 0.104090 -0.994567
vn 0.003219 0.103435 -0.994631
vn 0.001970 0.108817 -0.994060
vn 0.001863 0.998975 -0.045225
vn 0.000000 0.998968 -0.045415
vn 0.000000 0.108726 -0.994072
vn 0.000000 0.998968 -0.045415
vn 0.000000 0.998968 -0.045415
vn 0.000000 0.998968 -0.045415
vn 0.000000 0.998968 -0.045415
vn 0.000000 0.107894 -0.994162
vn -0.000701 0.113096 -0.993584
vn 0.000609 0.113085 -0.993585
vn 0.000000 0.000000 -1.000000
vn -0.023049 0.001869 -0.999733
vn 0.002656 0.059968 -0.998197
vn -0.064351 0.153759 -0.986011
vn 0.070691 0.146209 -0.986725
vn 0.008693 0.203660 -0.979003
vn 0.022903 0.202191 -0.979078
vn -0.168552 0.513673 -0.841267
vn -0.240393 0.592302 -0.769018
vn -0.154682 0.455009 -0.876949
vn -0.272393 0.510259 -0.815744
vn 0.000000 0.590583 -0.806977
vn 0.000000 0.483606 -0.875286
vn -0.269890 0.404035 -0.874022
vn -0.190079 0.375483 -0.907129
vn -0.715404 0.004707 -0.698695
vn -0.741089 0.004442 -0.671393
vn -0.638253 0.018743 -0.769599
vn -0.108688 0.024202 -0.993781
vn -0.358549 0.034535 -0.932872
vn -0.000445 0.034465 -0.999406
vn 0.001461 0.034236 -0.999413
vn -0.001470 0.034236 -0.999413
vn -0.008753 0.203821 -0.978969
vn -0.022571 0.202656 -0.978990
vn 0.225948 0.600071 -0.767373
vn 0.004554 0.695827 -0.718195
vn -0.000000 0.000000 -1.000000
vn 0.000000 0.641926 -0.766766
vn 0.000000 -0.000000 -1.000000
vn -0.004201 0.641921 -0.766759
vn 0.000000 0.697353 -0.716727
vn -0.227706 0.602627 -0.764847
vn -0.178616 0.494128 -0.850843
vn -0.362076 0.022316 -0.931881
vn -0.106640 0.034414 -0.993702
vn -0.112296 -0.000667 -0.993675
vn -0.651478 -0.000081 -0.758667
vn -0.493918 0.211111 -0.843491
vn -0.530630 0.196848 -0.824429
vn -0.114365 0.042426 -0.992532
vn -0.128403 -0.001413 -0.991721
vn 0.000030 -0.001524 -0.999999
vn -0.000670 0.033919 -0.999424
vn 0.000000 -0.001527 -0.999999
vn 0.000000 0.055463 -0.998461
vn 0.000000 0.055463 -0.998461
vn 0.000000 0.617501 -0.786570
vn -0.000651 0.618130 -0.786076
vn -0.000408 0.652741 -0.757581
vn 0.001837 0.656660 -0.754184
vn 0.002552 0.656659 -0.754183
vn 0.002400 0.617499 -0.786568
vn 0.000000 0.621082 -0.783745
vn 0.000000 0.055463 -0.998461
vn 0.000000 0.055463 -0.998461
vn -0.000000 -0.001527 -0.999999
vn 0.114365 0.042426 -0.992532
vn 0.533926 0.198071 -0.822004
vn 0.128162 -0.000653 -0.991753
vn 0.110668 -0.001514 -0.993856
vn -0.000030 -0.001524 -0.999999
vn 0.106666 0.023804 -0.994010
vn 0.645445 0.018286 -0.763588
vn 0.660685 -0.000068 -0.750663
vn 0.659238 -0.000288 -0.751935
vn 0.503062 0.209949 -0.838361
vn 0.532066 0.222622 -0.816912
vn 0.529811 0.245541 -0.811794
vn -0.002133 0.650764 -0.759277
vn -0.002779 0.146760 -0.989168
vn 0.098332 0.038767 -0.994398
vn 0.089618 0.042531 -0.995068
vn 0.115077 -0.002744 -0.993353
vn 0.689397 0.000444 -0.724383
vn 0.686323 -0.000127 -0.727297
vn 0.685866 0.000437 -0.727727
vn 0.097830 -0.002026 -0.995201
vn 0.096585 0.000078 -0.995325
vn -0.070219 -0.000057 -0.997532
vn -0.066564 0.000645 -0.997782
vn -0.052346 -0.024842 -0.998320
vn -0.047404 0.000000 -0.998876
vn -0.460945 -0.000000 -0.887429
vn -0.460945 0.000000 -0.887429
vn -0.053923 -0.404551 -0.912925
vn -0.048821 -0.393617 -0.917977
vn -0.080946 -0.231323 -0.969504
vn 0.036884 -0.524612 -0.850542
vn 0.002113 -0.558081 -0.829784
vn -0.004108 -0.209093 -0.977887
vn 0.002623 -0.556899 -0.830576
vn 0.000000 -0.557323 -0.830296
vn 0.000000 -0.557323 -0.830296
vn -0.002635 -0.556898 -0.830577
vn -0.002114 -0.558101 -0.829770
vn -0.004148 -0.556205 -0.831035
vn -0.017058 -0.478778 -0.877770
vn -0.003588 -0.482915 -0.875660
vn 0.080624 -0.232192 -0.969323
vn 0.004107 -0.209142 -0.977877
vn -0.000000 -0.214402 -0.976745
vn 0.000000 -0.214402 -0.976745
vn -0.000000 -0.214402 -0.976745
vn -0.000000 -0.214402 -0.976745
vn -0.000000 0.000000 -1.000000
vn -0.360016 0.000000 -0.932946
vn -0.360016 0.000000 -0.932946
vn -0.359568 -0.000667 -0.933119
vn -0.460062 -0.001090 -0.887886
vn -0.457216 -0.000389 -0.889355
vn -0.457635 0.000327 -0.889140
vn -0.071015 0.001437 -0.997474
vn -0.078782 -0.000063 -0.996892
vn 0.083400 0.000066 -0.996516
vn 0.040185 0.059445 -0.997422
vn 0.234252 0.346530 -0.908319
vn 0.711601 0.005283 -0.702564
vn 0.737709 0.005198 -0.675099
vn 0.151847 0.450339 -0.879851
vn 0.270769 0.501342 -0.821791
vn 0.217665 0.414617 -0.883580
vn 0.001864 0.475348 -0.879796
vn 0.000387 0.098693 -0.995118
vn 0.060767 0.062431 -0.996198
vn -0.059800 -0.061438 -0.996318
vn -0.060811 -0.029664 -0.997708
vn -0.368791 -0.179901 -0.911937
vn -0.457584 0.000317 -0.889166
vn -0.370291 0.000584 -0.928916
vn -0.370679 0.001373 -0.928760
vn 0.000000 -0.000000 -1.000000
vn 0.000000 0.000000 -1.000000
vn 0.000000 0.000000 -1.000000
vn 0.000000 0.000000 -1.000000
vn 0.000000 0.000000 -1.000000
vn 0.000000 0.000000 -1.000000
vn 0.000000 0.000000 -1.000000
vn 0.360016 0.000000 -0.932946
vn 0.048696 -0.393752 -0.917926
vn 0.058533 -0.414869 -0.907996
vn -0.000763 -0.450239 -0.892908
vn -0.002024 -0.453094 -0.891460
vn 0.000000 -0.453095 -0.891462
vn 0.001839 -0.449576 -0.893240
vn -0.000000 -0.091638 -0.995792
vn -0.000000 -0.091638 -0.995792
vn -0.001557 -0.091638 -0.995791
vn -0.001523 -0.091517 -0.995802
vn 0.015375 -0.087124 -0.996079
vn 0.069148 -0.391827 -0.917437
vn 0.459189 0.000000 -0.888339
vn 0.360016 0.000000 -0.932946
vn 0.459189 0.000000 -0.888339
vn 0.066205 0.000000 -0.997806
vn 0.040392 -0.019169 -0.999000
vn 0.066534 0.000591 -0.997784
vn 0.458740 -0.000764 -0.888570
vn 0.458599 -0.000730 -0.888643
vn 0.369793 -0.000424 -0.929114
vn 0.361094 0.001605 -0.932528
vn 0.000000 0.000000 -1.000000
vn 0.000000 0.000000 -1.000000
vn 0.000000 0.000000 -1.000000
vn 0.000000 0.000000 -1.000000
vn -0.000000 0.000000 -1.000000
vn 0.000000 0.000000 -1.000000
vn 0.000000 0.000000 -1.000000
vn -0.376353 0.001721 -0.926475
vn -0.311841 -0.155923 -0.937253
vn 0.000000 -0.408669 -0.912683
vn -0.365147 -0.182576 -0.912871
vn 0.000000 -0.408669 -0.912683
vn -0.000000 -0.621149 -0.783692
vn 0.000000 -0.408669 -0.912683
vn 0.000000 0.000000 -1.000000
vn 0.000000 0.000000 -1.000000
vn 0.000000 -0.000000 -1.000000
vn 0.370699 0.001413 -0.928752
vn -0.000000 -0.408669 -0.912683
vn -0.000000 -0.408669 -0.912683
vn -0.000000 -0.621149 -0.783692
vn -0.000000 -0.621149 -0.783692
vn -0.000000 -0.109717 -0.993963
vn -0.000000 -0.109717 -0.993963
vn 0.000000 0.097791 -0.995207
vn 0.000000 0.097791 -0.995207
vn 0.000000 0.480538 -0.876974
vn -0.000704 0.480563 -0.876960
vn -0.000416 0.580459 -0.814289
vn 0.000000 0.581238 -0.813733
vn 0.000000 0.580445 -0.814299
vn 0.000000 0.480538 -0.876974
vn 0.000705 0.480563 -0.876960
vn -0.001868 0.475347 -0.879796
vn -0.000388 0.098693 -0.995118
vn 0.000000 0.097791 -0.995207
vn 0.000000 0.097791 -0.995207
vn 0.000000 -0.109717 -0.993963
vn 0.000000 -0.109717 -0.993963
vn 0.000000 -0.621149 -0.783692
vn 0.000000 -0.621149 -0.783692
vn -0.000000 -0.109717 -0.993963
vn 0.000000 -0.109717 -0.993963
vn 0.059787 -0.061835 -0.996294
vn -0.060513 0.062585 -0.996203
vn -0.040101 0.059559 -0.997419
vn -0.267377 0.397114 -0.877958
vn -0.189522 0.369409 -0.909735
vn -0.270016 0.501631 -0.821862
vn 0.000414 0.581325 -0.813671
vn 0.000000 0.580445 -0.814299
vn 0.000000 0.580445 -0.814299
vn 0.000000 0.650793 -0.759255
vn 0.000000 0.650793 -0.759255
vn 0.000000 0.650793 -0.759255
vn 0.000000 0.650793 -0.759255
vn 0.005450 0.695525 -0.718482
vn 0.226422 0.599819 -0.767431
vn 0.178616 0.494128 -0.850843
vn 0.358633 0.034245 -0.932850
vn 0.000674 0.033920 -0.999424
vn -0.001464 0.033672 -0.999432
vn 0.001464 0.033672 -0.999432
vn 0.008918 0.205124 -0.978695
vn 0.021478 0.204543 -0.978622
vn 0.022508 0.007656 -0.999717
vn -0.000000 0.000000 -1.000000
vn 0.002441 0.048959 -0.998798
vn 0.013605 0.111428 -0.993679
vn 0.000000 0.242523 -0.970146
vn -0.013726 0.111459 -0.993674
vn 0.000000 0.107894 -0.994162
vn 0.000816 0.112178 -0.993688
vn 0.000000 0.112191 -0.993687
vn 0.000000 0.112191 -0.993687
vn -0.000816 0.112184 -0.993687
vn 0.000000 0.107894 -0.994162
vn 0.013706 0.111349 -0.993687
vn 0.000000 0.242523 -0.970146
vn 0.000000 0.998968 -0.045415
vn 0.000000 0.998968 -0.045415
vn 0.000000 0.998968 -0.045415
vn 0.000000 0.999929 0.011906
vn -0.000000 0.999929 0.011906
vn 0.000000 0.998968 -0.045415
vn -0.000000 0.999929 0.011906
vn 0.000000 0.998680 -0.051362
vn 0.001926 0.998679 -0.051351
vn -0.001866 0.998975 -0.045224
vn 0.000000 0.998968 -0.045415
vn 0.000000 0.108726 -0.994072
vn -0.001973 0.108802 -0.994061
vn -0.000609 0.113085 -0.993585
vn 0.000702 0.113096 -0.993584
vn 0.000000 0.107894 -0.994162
vn -0.013605 0.111428 -0.993679
vn -0.002441 0.048959 -0.998798
vn 0.033712 0.022288 -0.999183
vn -0.002286 0.022572 -0.999743
vn -0.006895 0.068092 -0.997655
vn 0.052386 0.167812 -0.984426
vn -0.052286 0.168160 -0.984372
vn -0.008972 0.205079 -0.978704
vn -0.021540 0.204437 -0.978643
vn -0.022572 0.007524 -0.999717
vn 0.000000 -0.000000 -1.000000
vn 0.000000 -0.000000 -1.000000
vn 0.000000 0.000000 -1.000000
vn 0.000000 -0.000000 -1.000000
vn 0.022983 0.001863 -0.999734
vn -0.002651 0.059975 -0.998196
vn -0.003213 0.103460 -0.994628
vn 0.001215 0.104081 -0.994568
vn 0.000208 0.107931 -0.994158
vn 0.001556 0.108168 -0.994131
vn 0.001091 0.000037 -0.999999
vn 0.000000 0.000000 -1.000000
vn -0.005830 0.715423 -0.698668
vn -0.341150 0.557978 -0.756490
vn -0.320042 0.502553 -0.803127
vn -0.596907 0.001001 -0.802310
vn -0.554495 -0.000572 -0.832187
vn -0.554122 -0.001607 -0.832434
vn -0.781190 -0.001371 -0.624292
vn -0.288236 0.453284 -0.843477
vn -0.355054 0.472059 -0.806906
vn -0.000764 0.593336 -0.804955
vn -0.001667 0.590582 -0.806976
vn -0.001685 0.668923 -0.743329
vn 0.000000 0.590583 -0.806977
vn 0.000000 0.668948 -0.743310
vn 0.002278 0.696592 -0.717464
vn 0.000022 0.006805 -0.999977
vn -0.023317 0.005850 -0.999711
vn 0.000734 0.062847 -0.998023
vn 0.000000 0.063702 -0.997969
vn 0.000000 0.211593 -0.977358
vn -0.008746 0.203655 -0.979004
vn -0.022836 0.202198 -0.979078
vn 0.168340 0.514078 -0.841062
vn 0.239843 0.592601 -0.768960
vn 0.358548 0.034535 -0.932872
vn 0.000448 0.034465 -0.999406
vn -0.001470 0.034236 -0.999413
vn 0.001461 0.034236 -0.999413
vn 0.008702 0.203866 -0.978960
vn 0.022505 0.202769 -0.978968
vn -0.166719 0.511597 -0.842896
vn -0.352830 0.034314 -0.935058
vn -0.000442 0.034464 -0.999406
vn 0.000020 -0.001526 -0.999999
vn 0.000000 -0.001526 -0.999999
vn -0.000020 -0.001524 -0.999999
vn 0.112394 -0.001428 -0.993663
vn 0.108687 0.024202 -0.993781
vn 0.128152 -0.000653 -0.991754
vn 0.117063 0.035836 -0.992478
vn 0.000000 0.048131 -0.998841
vn 0.000000 0.048131 -0.998841
vn 0.000000 0.048131 -0.998841
vn -0.000000 -0.001524 -0.999999
vn 0.000000 0.048131 -0.998841
vn -0.126347 -0.001319 -0.991985
vn -0.114955 0.036754 -0.992691
vn -0.112286 -0.000667 -0.993676
vn -0.108687 0.024202 -0.993781
vn -0.730721 0.016621 -0.682474
vn -0.155591 0.455724 -0.876417
vn -0.242734 0.594770 -0.766374
vn -0.004554 0.695890 -0.718134
vn 0.000000 0.641926 -0.766766
vn 0.000000 0.641926 -0.766766
vn 0.004554 0.695827 -0.718195
vn 0.239843 0.592601 -0.768960
vn 0.168341 0.514078 -0.841062
vn 0.358708 0.033986 -0.932831
vn 0.000674 0.033919 -0.999424
vn -0.001473 0.033672 -0.999432
vn 0.001464 0.033672 -0.999432
vn 0.008917 0.205081 -0.978704
vn 0.021540 0.204437 -0.978643
vn 0.022571 0.007677 -0.999716
vn -0.000000 0.000000 -1.000000
vn 0.000000 0.000000 -1.000000
vn 0.000000 0.000000 -1.000000
vn 0.000000 0.000000 -1.000000
vn 0.000000 0.000000 -1.000000
vn 0.000000 0.000000 -1.000000
vn -0.022635 0.007545 -0.999715
vn -0.021601 0.204434 -0.978642
vn -0.002459 0.048940 -0.998799
vn -0.008917 0.205081 -0.978704
vn 0.033612 0.022794 -0.999175
vn -0.052386 0.167812 -0.984426
vn -0.033712 0.022288 -0.999183
vn 0.052286 0.168160 -0.984372
vn -0.005459 0.695522 -0.718484
vn -0.239843 0.592601 -0.768960
vn -0.168341 0.514078 -0.841062
vn -0.151492 0.450515 -0.879822
vn -0.738169 0.004643 -0.674600
vn -0.712131 0.004748 -0.702030
vn -0.641694 0.018361 -0.766741
vn -0.108367 0.023800 -0.993826
vn -0.358709 0.033986 -0.932831
vn -0.000670 0.033919 -0.999424
vn 0.000030 -0.001527 -0.999999
vn 0.000000 -0.001527 -0.999999
vn -0.000030 -0.001524 -0.999999
vn 0.112417 -0.001428 -0.993660
vn 0.108366 0.023800 -0.993826
vn 0.128162 -0.000653 -0.991753
vn 0.651478 -0.000081 -0.758668
vn 0.652172 -0.000164 -0.758071
vn 0.636840 0.018458 -0.770775
vn 0.735837 0.004606 -0.677143
vn 0.151328 0.450245 -0.879988
vn 0.271932 0.503700 -0.819963
vn 0.000154 0.584048 -0.811719
vn 0.000000 0.584534 -0.811369
vn 0.000000 0.584534 -0.811369
vn 0.001146 0.588152 -0.808749
vn -0.268660 0.508117 -0.818315
vn 0.000683 0.481921 -0.876214
vn 0.001374 0.483909 -0.875117
vn -0.217385 0.422600 -0.879860
vn -0.235201 0.350900 -0.906394
vn -0.714786 0.005318 -0.699324
vn -0.653323 0.005665 -0.757058
vn -0.657711 0.000288 -0.753270
vn -0.660855 -0.000068 -0.750513
vn -0.689287 0.000453 -0.724489
vn -0.689258 0.000488 -0.724516
vn -0.686091 -0.000134 -0.727516
vn -0.553047 0.191424 -0.810861
vn -0.528031 0.182386 -0.829408
vn -0.548346 0.175322 -0.817667
vn 0.002437 0.622194 -0.782859
vn 0.000000 0.624696 -0.780868
vn 0.002548 0.650428 -0.759564
vn -0.553544 0.214397 -0.804750
vn 0.001832 0.649172 -0.760640
vn -0.003854 0.649168 -0.760635
vn -0.004285 0.624638 -0.780903
vn 0.000000 0.617827 -0.786314
vn 0.554931 0.169876 -0.814367
vn 0.514106 0.183589 -0.837849
vn 0.657419 -0.000073 -0.753525
vn 0.654404 0.000271 -0.756145
vn 0.638253 0.018743 -0.769599
vn 0.741089 0.004442 -0.671393
vn 0.154321 0.455190 -0.876919
vn 0.272913 0.511103 -0.815041
vn 0.000000 0.590583 -0.806977
vn 0.000000 0.483606 -0.875286
vn 0.218484 0.422231 -0.879765
vn 0.000000 0.483606 -0.875286
vn -0.000623 0.483606 -0.875286
vn -0.000677 0.483457 -0.875368
vn -0.297021 0.394902 -0.869386
vn -0.000176 0.125969 -0.992034
vn 0.000000 0.125969 -0.992034
vn 0.000000 0.125969 -0.992034
vn 0.078321 0.081003 -0.993632
vn 0.051999 0.077844 -0.995609
vn 0.235281 0.352224 -0.905859
vn 0.719982 -0.000020 -0.693993
vn 0.685533 0.004994 -0.728024
vn 0.689943 -0.000137 -0.723863
vn 0.685733 0.000434 -0.727853
vn 0.504488 0.231348 -0.831847
vn 0.567518 0.207441 -0.796801
vn -0.000589 0.653224 -0.757165
vn -0.004595 0.173831 -0.984765
vn -0.003636 0.173821 -0.984771
vn 0.000524 0.185789 -0.982590
vn -0.111554 0.100930 -0.988620
vn -0.109958 0.036886 -0.993252
vn 0.059535 -0.053865 -0.996772
vn 0.001973 -0.094334 -0.995539
vn 0.001419 -0.096545 -0.995328
vn 0.013036 -0.453060 -0.891385
vn -0.007192 -0.096336 -0.995323
vn -0.014082 -0.453054 -0.891372
vn -0.001976 -0.115853 -0.993264
vn 0.003228 0.189267 -0.981920
vn 0.181396 0.060995 -0.981517
vn 0.077547 0.082075 -0.993605
vn -0.054058 -0.057215 -0.996897
vn -0.053032 -0.080894 -0.995311
vn -0.094822 -0.000608 -0.995494
vn 0.137997 0.000885 -0.990432
vn 0.115036 -0.003539 -0.993355
vn 0.112099 0.000685 -0.993697
vn 0.112528 0.000623 -0.993648
vn -0.089028 -0.000493 -0.996029
vn -0.091598 -0.001020 -0.995796
vn -0.091562 -0.001081 -0.995799
vn -0.432523 -0.005105 -0.901609
vn -0.160257 -0.258435 -0.952643
vn -0.131534 -0.352738 -0.926431
vn -0.003507 -0.433655 -0.901072
vn -0.064192 -0.258432 -0.963894
vn -0.001646 -0.472308 -0.881432
vn 0.003131 -0.470808 -0.882230
vn 0.042505 -0.519480 -0.853425
vn 0.002370 -0.405672 -0.914016
vn 0.000000 -0.420714 -0.907193
vn 0.000000 0.000000 -1.000000
vn 0.000000 0.000000 -1.000000
vn 0.000000 0.000000 -1.000000
vn -0.000000 -0.407277 -0.913305
vn 0.001892 -0.392424 -0.919783
vn 0.001957 -0.479790 -0.877381
vn 0.000364 -0.479810 -0.877372
vn 0.002259 -0.433301 -0.901247
vn -0.001950 -0.473733 -0.880666
vn -0.001889 -0.392424 -0.919783
vn 0.000000 -0.407277 -0.913305
vn 0.000000 0.000000 -1.000000
vn 0.000000 -0.000000 -1.000000
vn 0.000000 0.000000 -1.000000
vn 0.000000 0.000000 -1.000000
vn 0.000000 0.000000 -1.000000
vn -0.000000 0.000000 -1.000000
vn 0.000000 0.000000 -1.000000
vn 0.000000 0.000000 -1.000000
vn 0.000000 0.000000 -1.000000
vn 0.000000 0.000000 -1.000000
vn 0.000000 -0.026661 -0.999645
vn 0.000000 -0.026661 -0.999645
vn -0.002204 -0.010535 -0.999942
vn 0.002415 -0.007511 -0.999969
vn 0.000000 -0.000000 -1.000000
vn 0.000000 0.000000 -1.000000
vn -0.000000 0.000000 -1.000000
vn -0.000000 -0.000000 -1.000000
vn 0.000000 0.000000 -1.000000
vn 0.000000 0.000000 -1.000000
vn 0.000000 0.000000 -1.000000
vn -0.000000 -0.419047 -0.907965
vn 0.000000 -0.419047 -0.907965
vn -0.000462 -0.421155 -0.906989
vn 0.002031 -0.557321 -0.830294
vn 0.001570 -0.558607 -0.829431
vn -0.003679 -0.154963 -0.987913
vn -0.169168 -0.191156 -0.966872
vn -0.338266 0.001454 -0.941049
vn -0.353811 -0.002119 -0.935314
vn -0.446952 -0.002676 -0.894554
vn -0.446949 -0.002680 -0.894555
vn -0.353809 -0.002122 -0.935315
vn -0.456931 -0.005089 -0.889487
vn -0.375057 -0.171103 -0.911074
vn -0.073104 -0.026741 -0.996966
vn -0.070956 -0.073386 -0.994776
vn -0.006327 -0.126593 -0.991935
vn 0.000000 -0.151598 -0.988442
vn -0.000055 -0.621142 -0.783698
vn -0.002096 -0.616412 -0.787421
vn -0.366014 -0.177742 -0.913478
vn -0.313440 -0.150718 -0.937571
vn -0.374098 0.001329 -0.927388
vn 0.000000 -0.401800 -0.915727
vn 0.000000 0.000000 -1.000000
vn -0.006465 -0.392588 -0.919692
vn -0.001253 -0.392734 -0.919651
vn 0.004269 -0.621137 -0.783691
vn 0.001053 -0.616594 -0.787281
vn -0.005819 -0.151805 -0.988393
vn 0.000000 -0.169125 -0.985595
vn 0.000000 0.126628 -0.991950
vn -0.100730 0.084752 -0.991297
vn 0.110292 -0.092797 -0.989558
vn -0.070538 0.080973 -0.994217
vn -0.308438 0.354063 -0.882896
vn -0.762408 -0.001082 -0.647096
vn -0.782457 -0.001183 -0.622703
vn -0.782342 -0.002116 -0.622845
vn -0.556731 -0.001506 -0.830691
vn -0.082480 -0.387334 -0.918243
vn -0.082450 -0.392115 -0.916214
vn 0.000000 -0.427558 -0.903988
vn 0.001264 -0.421181 -0.906976
vn 0.000575 -0.420927 -0.907094
vn -0.002545 -0.558981 -0.829177
vn -0.001559 -0.557322 -0.830295
vn -0.043602 -0.540847 -0.839990
vn 0.000441 -0.482690 -0.875791
vn -0.097470 -0.446660 -0.889379
vn -0.095707 -0.445464 -0.890170
vn -0.779808 -0.002473 -0.626014
vn -0.764895 -0.002407 -0.644150
vn -0.765025 -0.000672 -0.644000
vn -0.156916 0.001003 -0.987612
vn -0.148969 0.000108 -0.988842
vn -0.149004 0.000000 -0.988837
vn -0.143505 0.000598 -0.989649
vn -0.780760 -0.000110 -0.624831
vn -0.087106 -0.414612 -0.905820
vn -0.301117 -0.539840 -0.786067
vn -0.094571 -0.160891 -0.982431
vn 0.078135 -0.147942 -0.985905
vn 0.115082 0.000000 -0.993356
vn 0.165782 -0.300791 -0.939170
vn 0.120507 -0.400020 -0.908549
vn 0.084833 -0.346814 -0.934090
vn 0.105497 -0.176825 -0.978572
vn 0.003699 -0.154934 -0.987918
vn -0.000000 -0.160069 -0.987106
vn -0.000000 -0.160069 -0.987106
vn -0.000000 -0.000000 -1.000000
vn 0.000000 0.000000 -1.000000
vn 0.000000 0.000000 -1.000000
vn -0.000000 -0.000000 -1.000000
vn 0.000000 0.000000 -1.000000
vn -0.000000 -0.390931 -0.920420
vn 0.000000 0.000000 -1.000000
vn 0.000000 0.000000 -1.000000
vn 0.369512 0.001313 -0.929225
vn 0.306935 -0.156173 -0.938830
vn 0.363750 -0.189092 -0.912102
vn 0.365642 -0.173591 -0.914425
vn 0.116184 -0.037460 -0.992521
vn 0.148225 0.002625 -0.988950
vn 0.457401 -0.000097 -0.889260
vn 0.124724 -0.000090 -0.992191
vn 0.125348 0.001252 -0.992112
vn 0.459379 0.000310 -0.888240
vn 0.458916 -0.000444 -0.888480
vn 0.364322 0.000475 -0.931273
vn 0.364877 0.001568 -0.931054
vn 0.359112 0.000587 -0.933294
vn 0.459437 0.000296 -0.888210
vn 0.525217 0.181370 -0.831416
vn 0.570825 0.197851 -0.796877
vn -0.001840 0.650070 -0.759872
vn -0.002543 0.649171 -0.760638
vn -0.002447 0.624724 -0.780842
vn 0.000000 0.620907 -0.783884
vn 0.550822 0.172368 -0.816630
vn 0.115170 0.036040 -0.992692
vn 0.000000 0.048131 -0.998841
vn 0.000000 0.048131 -0.998841
vn -0.000000 -0.001526 -0.999999
vn -0.000020 -0.001524 -0.999999
vn 0.126347 -0.001319 -0.991985
vn 0.112286 -0.000667 -0.993676
vn 0.658005 -0.000072 -0.753014
vn 0.656924 -0.000226 -0.753957
vn 0.642553 0.018655 -0.766014
vn 0.108688 0.024202 -0.993781
vn 0.352829 0.034314 -0.935059
vn 0.000445 0.034464 -0.999406
vn 0.176926 0.491384 -0.852783
vn 0.000000 -0.001526 -0.999999
vn 0.000020 -0.001524 -0.999999
vn 0.000000 0.048131 -0.998841
vn 0.000000 0.048131 -0.998841
vn -0.116840 0.036562 -0.992477
vn -0.128380 -0.001413 -0.991724
vn -0.112286 -0.000667 -0.993676
vn -0.657421 -0.000073 -0.753524
vn -0.654404 0.000271 -0.756145
vn -0.689437 0.000454 -0.724345
vn -0.689803 0.000027 -0.723997
vn -0.112480 0.000684 -0.993654
vn -0.051999 0.077844 -0.995609
vn -0.078911 0.081073 -0.993580
vn 0.000000 0.125969 -0.992034
vn 0.000000 0.483606 -0.875286
vn 0.000623 0.483606 -0.875286
vn 0.000678 0.483456 -0.875368
vn 0.000178 0.126555 -0.991960
vn 0.080754 0.093177 -0.992369
vn 0.082521 0.070000 -0.994128
vn -0.086882 -0.073700 -0.993489
vn -0.148225 0.002625 -0.988950
vn -0.124723 -0.000090 -0.992192
vn -0.125393 0.001349 -0.992106
vn -0.457855 0.000671 -0.889027
vn -0.457183 -0.000427 -0.889373
vn -0.455675 -0.000081 -0.890146
vn -0.370755 0.000414 -0.928731
vn -0.364175 -0.185681 -0.912633
vn -0.309078 -0.154311 -0.938434
vn -0.365642 -0.173591 -0.914425
vn -0.157700 -0.059961 -0.985665
vn 0.000000 -0.169125 -0.985595
vn 0.000000 0.125969 -0.992034
vn 0.000000 0.125969 -0.992034
vn 0.000000 -0.151598 -0.988442
vn 0.005807 -0.151839 -0.988388
vn -0.001051 -0.616595 -0.787280
vn -0.004255 -0.621137 -0.783691
vn 0.001250 -0.392729 -0.919654
vn 0.000000 -0.390931 -0.920420
vn 0.000000 0.000000 -1.000000
vn -0.364871 0.001556 -0.931057
vn 0.000000 0.000000 -1.000000
vn -0.364744 0.001306 -0.931107
vn 0.000000 -0.000000 -1.000000
vn 0.000000 -0.000000 -1.000000
vn 0.000000 0.000000 -1.000000
vn 0.000000 -0.000000 -1.000000
vn -0.000000 0.000000 -1.000000
vn 0.338265 0.001454 -0.941050
vn 0.000000 -0.000000 -1.000000
vn 0.353812 -0.002119 -0.935314
vn 0.355943 0.001265 -0.934507
vn 0.433317 -0.002595 -0.901238
vn 0.160033 -0.258063 -0.952782
vn 0.053172 -0.081125 -0.995285
vn 0.054204 -0.057370 -0.996880
vn -0.108371 0.114699 -0.987472
vn 0.004443 0.194582 -0.980876
vn 0.000587 0.653226 -0.757163
vn 0.003854 0.649168 -0.760635
vn 0.004285 0.624638 -0.780903
vn 0.000000 0.617827 -0.786314
vn -0.552409 0.172864 -0.815453
vn -0.511641 0.186343 -0.838749
vn -0.535641 0.197210 -0.821095
vn -0.531166 0.245695 -0.810862
vn -0.117888 0.028105 -0.992629
vn -0.138077 0.000774 -0.990421
vn 0.095327 -0.000535 -0.995446
vn 0.091105 -0.001147 -0.995841
vn 0.444827 -0.005600 -0.895599
vn 0.446948 -0.002680 -0.894556
vn 0.372791 -0.002236 -0.927913
vn 0.456930 -0.005089 -0.889488
vn 0.091182 -0.001016 -0.995834
vn 0.370253 -0.179921 -0.911340
vn 0.313440 -0.150716 -0.937571
vn 0.000000 -0.401800 -0.915727
vn 0.006486 -0.392559 -0.919704
vn 0.001998 -0.621141 -0.783696
vn 0.000100 -0.618237 -0.785992
vn 0.371390 -0.169345 -0.912903
vn 0.006339 -0.126543 -0.991941
vn 0.070978 -0.072923 -0.994809
vn 0.073104 -0.026742 -0.996966
vn 0.088986 -0.000563 -0.996033
vn -0.112628 0.000712 -0.993637
vn -0.115596 -0.003537 -0.993290
vn -0.686118 -0.000167 -0.727490
vn 0.001224 0.118725 -0.992926
vn -0.001914 0.662583 -0.748986
vn 0.001347 0.993730 -0.111798
vn -0.000368 0.999958 -0.009175
vn 0.000000 1.000000 0.000000
vn -0.000555 0.999904 0.013820
vn 0.001367 0.991454 0.130446
vn -0.001195 0.689610 0.724179
vn 0.001430 0.105296 0.994440
vn -0.000297 0.012098 0.999927
vn 0.000390 -0.002794 0.999996
vn -0.000418 -0.019915 0.999802
vn 0.001539 -0.126867 0.991919
vn -0.001753 -0.750701 0.660640
vn 0.001121 -0.995156 0.098303
vn -0.000367 -0.999957 0.009260
vn 0.000391 -0.999951 -0.009873
vn -0.000139 -0.999729 -0.023259
vn 0.001597 -0.991672 -0.128780
vn -0.001007 -0.724161 -0.689630
vn 0.001432 -0.121061 -0.992644
vn -0.000482 -0.016456 -0.999864
vn 0.000260 0.000000 -1.000000
vn -0.000664 0.019915 -0.999801
vn 0.000000 0.019915 -0.999802
vn 0.000000 0.019915 -0.999802
vn 0.000000 -0.016456 -0.999865
vn 0.000000 -0.016456 -0.999865
vn 0.000000 -0.724161 -0.689631
vn 0.000000 -0.724161 -0.689631
vn 0.000000 -0.999730 -0.023259
vn 0.000000 -0.999730 -0.023259
vn 0.000000 -0.999957 0.009260
vn 0.000000 -0.999957 0.009260
vn 0.000000 -0.750702 0.660641
vn 0.000000 -0.750702 0.660641
vn 0.000000 -0.019915 0.999802
vn 0.000000 -0.019915 0.999802
vn -0.000000 0.012098 0.999927
vn -0.000000 0.012098 0.999927
vn -0.000000 0.689611 0.724180
vn 0.000000 0.689611 0.724180
vn -0.000000 0.999905 0.013820
vn -0.000000 0.999905 0.013820
vn 0.000000 0.999958 -0.009175
vn 0.000000 0.999958 -0.009175
vn 0.000000 0.662584 -0.748987
vn 0.000000 0.662584 -0.748987
vn 0.001914 0.662583 -0.748986
vn -0.001347 0.993730 -0.111798
vn 0.000368 0.999958 -0.009175
vn 0.000000 1.000000 0.000000
vn 0.000555 0.999904 0.013820
vn -0.001367 0.991454 0.130446
vn 0.001195 0.689611 0.724179
vn -0.001430 0.105296 0.994440
vn 0.000297 0.012098 0.999927
vn -0.000390 -0.002794 0.999996
vn 0.000418 -0.019915 0.999802
vn -0.001539 -0.126867 0.991919
vn 0.001753 -0.750701 0.660640
vn -0.001121 -0.995156 0.098303
vn 0.000367 -0.999957 0.009260
vn -0.000391 -0.999951 -0.009873
vn 0.000139 -0.999729 -0.023259
vn -0.001597 -0.991672 -0.128780
vn 0.001007 -0.724161 -0.689630
vn -0.001432 -0.121061 -0.992644
vn 0.000482 -0.016456 -0.999864
vn -0.000260 -0.000000 -1.000000
vn 0.000664 0.019915 -0.999801
vn -0.001224 0.118725 -0.992926
vn -0.358928 0.000321 -0.933365
vn -0.084833 -0.346814 -0.934090
vn -0.094986 -0.362062 -0.927302
vn -0.460902 -0.000051 -0.887451
vn 0.002423 0.145664 -0.989331
vn -0.000408 0.145664 -0.989334
vn 0.000000 0.146543 -0.989204
vn 0.083727 0.086595 -0.992719
vn -0.054070 -0.055921 -0.996970
vn -0.035290 -0.053356 -0.997952
vn -0.189417 -0.286381 -0.939205
vn -0.181654 -0.332320 -0.925508
vn -0.083062 -0.226051 -0.970568
vn 0.036938 -0.524558 -0.850573
vn 0.002047 -0.558143 -0.829742
vn -0.000462 -0.421155 -0.906989
vn 0.000000 -0.419047 -0.907965
vn 0.000000 0.000000 -1.000000
vn 0.000000 0.000000 -1.000000
vn 0.000000 0.000000 -1.000000
vn 0.002677 -0.009414 -0.999952
vn -0.000022 -0.026447 -0.999650
vn 0.000000 -0.000000 -1.000000
vn 0.000000 -0.000000 -1.000000
vn 0.000000 0.000000 -1.000000
vn -0.000000 -0.420714 -0.907193
vn 0.000000 -0.420714 -0.907193
vn 0.000497 -0.419046 -0.907965
vn -0.002375 -0.405642 -0.914029
vn -0.002024 -0.557321 -0.830294
vn 0.001559 -0.557322 -0.830295
vn -0.004526 -0.083598 -0.996489
vn -0.278088 -0.113567 -0.953819
vn 0.000553 -0.087466 -0.996167
vn 0.004482 -0.087465 -0.996157
vn -0.001578 -0.558569 -0.829457
vn -0.004156 -0.556117 -0.831094
vn -0.018670 -0.468559 -0.883235
vn 0.084083 -0.215987 -0.972769
vn 0.272478 -0.113020 -0.955501
vn -0.000525 -0.082984 -0.996551
vn -0.000000 0.000000 -1.000000
vn -0.000000 0.000000 -1.000000
vn 0.000000 0.000000 -1.000000
vn -0.358798 0.001285 -0.933414
vn -0.366327 -0.000398 -0.930486
vn -0.457036 -0.000699 -0.889448
vn -0.458878 -0.000381 -0.888499
vn -0.074873 0.000601 -0.997193
vn -0.070912 0.000000 -0.997483
vn -0.075246 0.001307 -0.997164
vn -0.457207 -0.000410 -0.889360
vn -0.459168 -0.000048 -0.888350
vn -0.366674 0.000308 -0.930349
vn -0.374201 0.001711 -0.927346
vn 0.000000 -0.000000 -1.000000
vn 0.000000 0.000000 -1.000000
vn -0.000000 -0.406564 -0.913622
vn -0.310308 -0.155153 -0.937889
vn -0.365149 -0.182573 -0.912871
vn -0.371258 -0.178083 -0.911292
vn -0.063822 -0.030614 -0.997492
vn -0.082247 -0.000065 -0.996612
vn -0.062612 -0.064756 -0.995935
vn 0.092230 0.000073 -0.995738
vn 0.101714 -0.001310 -0.994813
vn 0.100931 0.000000 -0.994893
vn 0.110325 -0.001423 -0.993895
vn 0.087162 0.033442 -0.995633
vn 0.530855 0.246045 -0.810959
vn -0.001830 0.653833 -0.756637
vn 0.532614 0.227651 -0.815167
vn 0.693270 -0.000042 -0.720678
vn 0.693282 -0.000044 -0.720667
vn 0.692845 0.000495 -0.721087
vn 0.715392 0.004719 -0.698707
vn 0.237693 0.350948 -0.905725
vn 0.043660 0.064462 -0.996965
vn 0.220919 0.421403 -0.879553
vn -0.000360 0.483687 -0.875241
vn -0.001026 0.481921 -0.876214
vn -0.002308 0.106889 -0.994268
vn 0.065198 0.067430 -0.995591
vn 0.000000 0.115248 -0.993337
vn -0.000691 0.115248 -0.993336
vn 0.000000 -0.115350 -0.993325
vn 0.000000 0.118088 -0.993003
vn -0.059350 0.083963 -0.994700
vn -0.060515 0.062587 -0.996203
vn -0.109314 0.000089 -0.994007
vn -0.118446 -0.001288 -0.992960
vn -0.119381 -0.002816 -0.992845
vn -0.133132 -0.000107 -0.991098
vn 0.073899 0.000059 -0.997266
vn 0.074269 0.000759 -0.997238
vn 0.078419 -0.000064 -0.996920
vn 0.067531 -0.017963 -0.997555
vn 0.065599 -0.067845 -0.995537
vn -0.000000 -0.120899 -0.992665
vn 0.000000 -0.120899 -0.992665
vn -0.001627 -0.120919 -0.992661
vn -0.000317 -0.617557 -0.786526
vn 0.001856 -0.622836 -0.782351
vn 0.001217 -0.408280 -0.912856
vn 0.000000 -0.408270 -0.912861
vn 0.000000 -0.408270 -0.912861
vn -0.000000 -0.617557 -0.786526
vn 0.000000 -0.617557 -0.786526
vn 0.361223 -0.180497 -0.914844
vn 0.313903 -0.155476 -0.936639
vn 0.370808 -0.173482 -0.912363
vn 0.377702 0.001439 -0.925926
vn 0.000000 0.000000 -1.000000
vn 0.000000 0.000000 -1.000000
vn 0.000000 0.000000 -1.000000
vn 0.370140 0.001591 -0.928974
vn 0.369213 -0.000142 -0.929345
vn 0.455545 -0.000377 -0.890213
vn 0.459416 0.000353 -0.888221
vn 0.459407 0.000338 -0.888226
vn 0.070378 0.000732 -0.997520
vn 0.037942 -0.051121 -0.997971
vn 0.219876 -0.296254 -0.929456
vn 0.158148 -0.292672 -0.943044
vn 0.462377 -0.000375 -0.886683
vn 0.360471 -0.000111 -0.932771
vn 0.002771 0.146736 -0.989172
vn -0.098698 0.038941 -0.994355
vn -0.089952 0.042689 -0.995031
vn -0.115619 -0.002742 -0.993290
vn -0.097052 0.000079 -0.995279
vn 0.069892 -0.000057 -0.997555
vn 0.070685 0.001438 -0.997498
vn 0.459377 0.000321 -0.888241
vn 0.457426 -0.000041 -0.889248
vn 0.375810 0.000274 -0.926697
vn 0.311841 -0.155923 -0.937253
vn -0.000000 -0.408669 -0.912683
vn -0.000000 -0.621149 -0.783692
vn 0.364012 -0.182009 -0.913437
vn 0.370086 -0.177524 -0.911878
vn 0.060826 -0.029177 -0.997722
vn 0.078420 -0.000062 -0.996920
vn -0.083400 0.000066 -0.996516
vn -0.098347 -0.002101 -0.995150
vn -0.686298 -0.000096 -0.727320
vn -0.686323 -0.000127 -0.727297
vn -0.689397 0.000444 -0.724383
vn -0.657164 -0.000301 -0.753747
vn -0.655275 -0.000076 -0.755390
vn -0.112296 -0.000667 -0.993675
vn -0.128403 -0.001413 -0.991721
vn 0.000000 -0.001524 -0.999999
vn 0.000000 0.055463 -0.998461
vn 0.000000 0.055463 -0.998461
vn 0.000000 0.055463 -0.998461
vn 0.114632 0.041601 -0.992537
vn 0.536232 0.194602 -0.821331
vn 0.493917 0.211111 -0.843491
vn 0.000654 0.618132 -0.786074
vn 0.000000 0.617501 -0.786570
vn 0.000381 0.656661 -0.754186
vn 0.002113 0.656660 -0.754184
vn -0.002511 0.648492 -0.761217
vn -0.002391 0.617499 -0.786568
vn -0.529811 0.245541 -0.811794
vn -0.532066 0.222622 -0.816912
vn -0.500606 0.208877 -0.840098
vn -0.536776 0.194799 -0.820929
vn 0.000000 0.621082 -0.783745
vn -0.114632 0.041601 -0.992537
vn 0.000000 0.055463 -0.998461
vn 0.000000 -1.000000 0.000000
vn 0.000000 -1.000000 0.000000
vn 0.593199 -0.805056 0.000000
vn 0.000000 -0.986948 0.161040
vn 0.000000 -0.986948 0.161040
vn -0.589808 -0.807543 0.001157
vn -0.562089 -0.827076 0.000000
vn 0.620668 -0.784073 -0.001065
vn -0.000000 -1.000000 0.000000
vn 0.000000 -1.000000 0.000000
vn 0.000000 -1.000000 0.000000
vn -0.000000 -0.960620 -0.277865
vn 0.000000 -0.960620 -0.277865
vn 0.000000 -1.000000 0.000000
vn 0.000000 -1.000000 0.000000
vn 0.000000 -1.000000 0.000000
vn 0.006426 -0.963530 -0.267524
vn 0.000000 -0.960621 -0.277862
vn 0.589171 -0.808008 0.000000
vn 0.000000 -1.000000 0.000000
vn 0.621413 -0.783483 0.000371
vn 0.000000 -0.986948 0.161040
vn 0.000000 -0.986948 0.161040
vn -0.593197 -0.805057 0.000000
vn -0.626223 -0.779644 -0.000374
vn 0.000000 -1.000000 0.000000
vn 0.000000 -1.000000 0.000000
vn 0.000000 -1.000000 0.000000
vn -0.000000 -1.000000 0.000000
vn 0.000000 -1.000000 0.000000
vn 0.000000 -1.000000 0.000000
vn 0.000000 -1.000000 0.000000
vn 0.000000 -1.000000 -0.000000
vn 0.894376 0.446261 -0.030709
vn 0.897891 0.439316 -0.028159
vn 0.591967 -0.805962 -0.000745
vn 0.000000 -1.000000 0.000000
vn 0.595278 -0.803520 -0.000711
vn 0.000000 -0.986948 0.161039
vn 0.000000 -0.986948 0.161039
vn -0.589171 -0.808008 0.000000
vn -0.589171 -0.808008 0.000000
vn 0.000000 -1.000000 0.000000
vn 0.000000 -1.000000 0.000000
vn 0.000000 -1.000000 0.000000
vn -0.000000 -1.000000 0.000000
vn 0.000000 -1.000000 0.000000
vn 0.000000 -1.000000 0.000000
vn 0.000000 -1.000000 0.000000
vn 0.000000 -1.000000 0.000000
vn 1.000000 0.000000 0.000000
vn 1.000000 0.000000 0.000000
vn 0.589170 -0.808009 0.000000
vn 0.000000 -1.000000 0.000000
vn 0.589170 -0.808009 0.000000
vn -0.626875 -0.779120 0.000000
vn -0.626875 -0.779120 0.000000
vn 0.000000 -1.000000 0.000000
vn 0.000000 -1.000000 0.000000
vn 1.000000 0.000000 0.000000
vn 1.000000 0.000000 0.000000
vn 0.000000 -1.000000 0.000000
vn 0.000000 -1.000000 0.000000
vn 0.000000 -1.000000 0.000000
vn 0.000000 -1.000000 0.000000
vn 0.406140 -0.913811 0.000000
vn 0.391006 -0.920274 -0.014519
vn 0.625545 -0.780188 -0.000787
vn 0.000000 -1.000000 0.000000
vn 0.629123 -0.777305 -0.000752
vn -0.626875 -0.779120 0.000000
vn -0.593783 -0.804625 0.000355
vn 0.000000 -1.000000 0.000000
vn 0.000000 -1.000000 0.000000
vn 1.000000 -0.000000 0.000000
vn 1.000000 0.000000 0.000000
vn 0.000000 -1.000000 0.000000
vn 0.000000 -1.000000 0.000000
vn 0.000000 -1.000000 0.000000
vn 0.000000 -1.000000 -0.000000
vn 0.006579 -0.963590 -0.267303
vn 0.000000 -0.960621 -0.277862
vn 0.593197 -0.805057 0.000000
vn 0.000000 -1.000000 0.000000
vn 0.593197 -0.805057 0.000000
vn 0.000000 -0.986948 0.161040
vn 0.000000 -0.986948 0.161040
vn -0.593197 -0.805057 0.000000
vn -0.593197 -0.805057 0.000000
vn 0.000000 -1.000000 0.000000
vn 0.000000 -1.000000 0.000000
vn 0.000000 -1.000000 0.000000
vn -0.000000 -1.000000 0.000000
vn 0.000000 -1.000000 0.000000
vn 0.000000 -1.000000 0.000000
vn 0.000000 -1.000000 0.000000
vn 0.000000 -1.000000 0.000000
vn 0.026573 0.000000 0.999647
vn 0.026573 0.000000 0.999647
vn -0.589171 -0.808009 0.000000
vn 0.000000 -1.000000 0.000000
vn 0.000000 -0.960620 -0.277865
vn -0.006564 -0.963534 -0.267506
vn 0.593197 -0.805057 0.000000
vn 0.593197 -0.805057 0.000000
vn 0.824165 -0.387938 -0.412621
vn 0.781304 -0.465635 -0.415630
vn -0.589171 -0.808009 0.000000
vn 0.000000 -1.000000 0.000000
vn 0.000000 -1.000000 0.000000
vn -0.000000 -1.000000 0.000000
vn 0.000000 -1.000000 0.000000
vn 0.000000 -1.000000 0.000000
vn -0.625545 -0.780188 -0.000787
vn -0.000000 -0.960620 -0.277865
vn 0.000000 -0.960620 -0.277865
vn 0.000000 -1.000000 0.000000
vn 0.593197 -0.805057 0.000000
vn 0.621551 -0.783374 0.000325
vn 0.000000 -0.986948 0.161040
vn 0.000000 -0.986948 0.161040
vn -0.629123 -0.777305 -0.000752
vn 0.000000 -1.000000 0.000000
vn 0.000000 -1.000000 0.000000
vn -0.000000 -1.000000 0.000000
vn 0.000000 -1.000000 0.000000
vn 0.000000 -1.000000 0.000000
vn 1.000000 0.000000 0.000000
vn 1.000000 0.000000 0.000000
vn -0.593197 -0.805057 0.000000
vn 0.000000 -1.000000 0.000000
vn 0.000000 -0.960621 -0.277862
vn -0.006427 -0.963523 -0.267548
vn 0.626875 -0.779120 0.000000
vn 0.626875 -0.779120 0.000000
vn 0.000000 -0.986948 0.161040
vn 0.000000 -0.986948 0.161040
vn -0.593197 -0.805057 0.000000
vn 0.000000 -1.000000 0.000000
vn 0.000000 -1.000000 0.000000
vn -0.000000 -1.000000 0.000000
vn 0.000000 -1.000000 0.000000
vn 0.000000 -1.000000 0.000000
vn 0.000000 -1.000000 0.000000
vn 0.000000 -1.000000 0.000000
vn -0.587953 -0.808895 -0.000740
vn 0.000000 -0.960620 -0.277865
vn 0.000000 -0.960620 -0.277865
vn 0.000000 -1.000000 0.000000
vn 0.593197 -0.805057 0.000000
vn 0.593197 -0.805057 0.000000
vn 0.000000 -0.986948 0.161040
vn 0.000000 -0.986948 0.161040
vn -0.595147 -0.803616 -0.000667
vn 0.000000 -1.000000 0.000000
vn 0.000000 -1.000000 0.000000
vn 0.000000 -1.000000 0.000000
vn 0.000000 -1.000000 0.000000
vn 0.000000 -1.000000 0.000000
vn -0.593197 -0.805057 0.000000
vn 0.000000 -1.000000 0.000000
vn 0.006408 -0.963522 -0.267554
vn 0.000000 -0.960621 -0.277862
vn 0.622522 -0.782602 0.000000
vn 0.590198 -0.807259 -0.000352
vn 0.000000 -0.986948 0.161040
vn 0.000000 -0.986948 0.161040
vn -0.625755 -0.780019 0.000374
vn 0.000000 -1.000000 0.000000
vn 0.056947 -0.997203 -0.048414
vn 0.107367 -0.993777 -0.029662
vn 0.000000 -1.000000 0.000000
vn 0.000000 -1.000000 0.000000
vn 0.839072 -0.089437 -0.536618
vn 0.861606 -0.066304 -0.503228
vn 0.000000 -1.000000 0.000000
vn 0.593199 -0.805056 0.000000
vn 0.593199 -0.805056 0.000000
vn 0.000000 -0.986948 0.161039
vn 0.000000 -0.986948 0.161039
vn -0.595386 -0.803439 -0.000749
vn -0.588086 -0.808798 -0.000659
vn 0.000000 -1.000000 0.000000
vn 0.000000 -1.000000 0.000000
vn 0.000000 -1.000000 0.000000
vn 0.000000 -1.000000 0.000000
vn 0.000000 -1.000000 -0.000000
vn 0.000000 -1.000000 -0.000000
vn 0.000000 -1.000000 0.000000
vn 1.000000 0.000000 -0.000000
vn 1.000000 0.000000 0.000000
vn 0.564328 -0.825549 0.001355
vn 0.593199 -0.805056 0.000000
vn 0.000000 -0.987413 0.158166
vn 0.000000 -0.987413 0.158166
vn -0.597686 -0.801725 -0.002877
vn -0.587677 -0.809089 -0.003333
vn -0.000000 -0.960620 -0.277865
vn 0.004071 -0.962235 -0.272191
vn 0.000000 -1.000000 0.000000
vn -0.000000 -1.000000 -0.000000
vn -0.000000 -1.000000 0.000000
vn -0.000000 -1.000000 -0.000000
vn -0.000000 -1.000000 0.000000
vn 0.000000 -1.000000 0.000000
vn 0.000000 -1.000000 0.000000
vn 0.000000 -1.000000 0.000000
vn 0.000000 -1.000000 0.000000
vn 1.000000 0.000000 0.000000
vn 1.000000 0.000000 0.000000
vn 0.000000 -1.000000 0.000000
vn 0.000000 -1.000000 0.000000
vn -0.001136 -0.990038 -0.140792
vn -0.001137 -0.990038 -0.140794
vn -0.001214 -0.990038 -0.140794
vn -0.001214 -0.990038 -0.140792
vn -0.001145 -0.990039 -0.140792
vn -0.001145 -0.990038 -0.140794
vn 1.000000 0.000000 0.000000
vn 1.000000 0.000000 0.000000
vn 0.001146 -0.990038 -0.140794
vn 0.001146 -0.990039 -0.140792
vn 0.001214 -0.990038 -0.140794
vn 0.001214 -0.990038 -0.140792
vn -0.321168 0.000000 -0.947022
vn -0.321168 0.000000 -0.947022
vn -0.002253 -0.990036 -0.140793
vn -0.002252 -0.990037 -0.140792
vn 0.001214 -0.990038 -0.140794
vn 0.001214 -0.990038 -0.140792
vn 0.001135 -0.990038 -0.140794
vn 0.001136 -0.990038 -0.140792
vn -0.001214 -0.990038 -0.140792
vn -0.001214 -0.990038 -0.140794
vn 0.001199 -0.990128 -0.140163
vn 0.001054 -0.990038 -0.140794
vn -0.001214 -0.990038 -0.140792
vn -0.001214 -0.990038 -0.140794
vn -0.001135 -0.990038 -0.140792
vn -0.001136 -0.990038 -0.140794
vn 0.000000 -1.000000 0.000000
vn 0.000000 -1.000000 0.000000
vn 0.563865 -0.825866 0.001106
vn 0.593199 -0.805056 0.000000
vn 0.000000 -0.986948 0.161040
vn 0.000000 -0.986948 0.161040
vn -0.593199 -0.805056 0.000000
vn -0.624738 -0.780834 -0.001225
vn 0.006583 -0.963542 -0.267475
vn 0.000000 -0.960620 -0.277865
vn 0.000000 -1.000000 0.000000
vn 0.000000 -1.000000 0.000000
vn 0.000000 -1.000000 -0.000000
vn 0.000000 -1.000000 0.000000
vn 0.892434 -0.451079 0.009445
vn 0.742673 -0.669508 0.014019
vn 0.584815 -0.811162 -0.002639
vn 0.604034 -0.796950 -0.003654
vn 0.859106 -0.511798 0.000000
vn 0.859106 -0.511798 0.000000
vn -0.593199 -0.805056 0.000000
vn -0.564328 -0.825549 0.001355
vn 0.000000 -1.000000 -0.000000
vn 0.000000 -1.000000 0.000000
vn 0.000000 -1.000000 0.000000
vn 0.000000 -1.000000 0.000000
vn 0.000000 -1.000000 0.000000
vn 0.000000 -1.000000 -0.000000
vn 0.000000 -1.000000 0.000000
vn 0.000000 -1.000000 0.000000
vn 0.000000 -1.000000 0.000000
vn 0.000000 -1.000000 0.000000
vn 0.000000 -1.000000 0.000000
vn 0.000000 -1.000000 0.000000
vn 0.000000 -1.000000 0.000000
vn 0.000000 -1.000000 0.000000
vn 0.000000 -1.000000 0.000000
vn 0.000000 -1.000000 0.000000
vn 0.000000 -1.000000 0.000000
vn 0.000000 -0.960620 -0.277865
vn 0.000000 -0.960620 -0.277865
vn 0.591968 -0.805961 -0.000745
vn 0.595276 -0.803521 -0.000711
vn 0.000000 -0.986948 0.161040
vn 0.000000 -0.986948 0.161040
vn -0.589171 -0.808008 0.000000
vn -0.589171 -0.808008 0.000000
vn 0.000000 -1.000000 0.000000
vn 0.000000 -1.000000 0.000000
vn -0.000000 -1.000000 0.000000
vn 0.000000 -1.000000 0.000000
vn 0.000000 -1.000000 0.000000
vn 0.000000 -1.000000 0.000000
vn 0.000000 -1.000000 0.000000
vn 0.000000 -1.000000 0.000000
vn -0.000000 -1.000000 0.000000
vn 0.000000 -1.000000 0.000000
vn 0.000000 -1.000000 0.000000
vn 0.000000 -1.000000 0.000000
vn 0.000000 -1.000000 0.000000
vn 0.000000 -1.000000 0.000000
vn 0.000000 -1.000000 -0.000000
vn -0.000000 -1.000000 0.000000
vn 0.000000 -1.000000 0.000000
vn 0.000000 -1.000000 0.000000
vn 0.000000 -1.000000 0.000000
vn 0.000000 -1.000000 0.000000
vn 0.000000 -1.000000 0.000000
vn 0.000000 -1.000000 0.000000
vn -0.000000 -1.000000 0.000000
vn 0.000000 -1.000000 0.000000
vn 0.000000 -1.000000 0.000000
vn 0.000000 -1.000000 0.000000
vn -1.000000 -0.000000 0.000000
vn -1.000000 0.000000 0.000000
vn 0.000000 -1.000000 -0.000000
vn 0.931809 -0.249392 -0.263696
vn 0.833508 -0.279537 -0.476575
vn 0.000000 -1.000000 0.000000
vn 0.000000 -1.000000 0.000000
vn 0.977879 0.000000 -0.209174
vn 0.979615 0.001962 -0.200876
vn 0.000000 -1.000000 0.000000
vn -0.000000 -1.000000 0.000000
vn 0.000000 -1.000000 0.000000
vn 0.000000 -1.000000 0.000000
vn 0.000000 -1.000000 0.000000
vn 0.000000 -1.000000 0.000000
vn 0.000000 -1.000000 0.000000
vn 0.000000 -1.000000 0.000000
vn 0.000000 -1.000000 0.000000
vn 0.000000 -1.000000 -0.000000
vn 0.000000 -1.000000 -0.000000
vn 0.000000 -1.000000 -0.000000
vn -0.053267 -0.998580 0.000000
vn -0.053267 -0.998580 -0.000000
vn 0.000000 -1.000000 0.000000
vn 0.000000 -1.000000 0.000000
vn 0.000000 -1.000000 0.000000
vn 0.000000 -1.000000 0.000000
vn 0.000000 -1.000000 -0.000000
vn 0.000000 -1.000000 -0.000000
vn -0.000000 -1.000000 0.000000
vn 0.000000 -1.000000 0.000000
vn 0.000000 -1.000000 0.000000
vn 0.000000 -1.000000 0.000000
vn 0.000000 -1.000000 0.000000
vn 0.000000 -1.000000 -0.000000
vn 0.000000 -1.000000 -0.000000
vn 0.000000 -1.000000 -0.000000
vn 0.000000 -1.000000 0.000000
vn 0.000000 -1.000000 0.000000
vn 0.000000 -1.000000 -0.000000
vn 0.000000 -1.000000 -0.000000
vn 0.447702 -0.610164 -0.653654
vn 0.496292 -0.614343 -0.613414
vn 0.000000 -1.000000 0.000000
vn 1.000000 0.000000 0.000000
vn 1.000000 0.000000 0.000000
vn 0.000000 -1.000000 -0.000000
vn 0.000000 -1.000000 0.000000
vn 0.000000 -1.000000 -0.000000
vn 0.000000 -1.000000 0.000000
vn 0.000000 -1.000000 0.000000
vn 0.000000 -1.000000 0.000000
vn 0.000000 -1.000000 0.000000
vn 0.000000 -1.000000 -0.000000
vn 0.000000 -1.000000 -0.000000
vn 0.000000 -1.000000 0.000000
vn 0.000000 -1.000000 0.000000
vn 0.000000 -1.000000 0.000000
vn 0.000000 -1.000000 0.000000
vn 0.000000 -1.000000 0.000000
vn 0.000000 -1.000000 0.000000
vn 0.000000 -1.000000 0.000000
vn -0.000000 -1.000000 0.000000
vn 0.000000 -1.000000 0.000000
vn 0.000000 -1.000000 0.000000
vn 0.000000 -1.000000 0.000000
vn 0.000000 -1.000000 0.000000
vn 0.000000 -1.000000 0.000000
vn 0.000000 -1.000000 0.000000
vn 0.000000 -1.000000 0.000000
vn -0.001215 -0.990038 -0.140792
vn -0.001215 -0.990038 -0.140794
vn 0.007452 -0.502897 -0.864314
vn 0.006571 -0.491003 -0.871133
vn -0.007026 -0.491002 -0.871130
vn -0.006099 -0.502902 -0.864322
vn 0.006522 -0.491032 -0.871117
vn 0.007394 -0.502897 -0.864315
vn -0.007511 -0.491000 -0.871127
vn -0.006520 -0.502900 -0.864320
vn -0.007084 -0.491002 -0.871130
vn -0.006149 -0.502901 -0.864322
vn -0.007511 -0.491000 -0.871127
vn -0.006520 -0.502900 -0.864320
vn -0.797829 -0.035134 0.601860
vn -0.827861 -0.022275 0.560490
vn -0.014758 -0.385777 -0.922474
vn 0.000000 -0.491014 -0.871152
vn -0.007511 -0.491000 -0.871127
vn -0.006520 -0.502900 -0.864320
vn 0.006971 -0.502899 -0.864317
vn 0.006147 -0.491005 -0.871135
vn 0.007452 -0.502897 -0.864314
vn 0.006571 -0.491003 -0.871133
vn 0.007035 -0.502898 -0.864317
vn 0.006203 -0.491005 -0.871135
vn 0.007460 -0.502897 -0.864314
vn 0.006578 -0.491003 -0.871133
vn 0.006978 -0.502899 -0.864317
vn 0.006153 -0.491005 -0.871135
vn -0.007519 -0.491000 -0.871127
vn -0.006527 -0.502900 -0.864320
vn 0.001215 -0.990038 -0.140794
vn 0.001215 -0.990038 -0.140792
vn -0.000000 -1.000000 0.000000
vn 0.000000 -1.000000 -0.000000
vn 0.000000 -1.000000 0.000000
vn 0.000000 -1.000000 -0.000000
vn 0.000000 -1.000000 0.000000
vn 0.000000 -1.000000 -0.000000
vn -0.996041 0.008428 -0.088492
vn -0.979338 0.006095 -0.202141
vn 0.000000 -1.000000 -0.000000
vn 0.000000 -1.000000 0.000000
vn 0.000000 -1.000000 0.000000
vn 0.000000 -1.000000 0.000000
vn 0.000000 -1.000000 0.000000
vn 0.000000 -1.000000 0.000000
vn 0.000000 -1.000000 -0.000000
vn 0.000000 -1.000000 0.000000
vn 0.000000 -1.000000 0.000000
vn 0.000000 -1.000000 0.000000
vn 0.000000 -1.000000 0.000000
vn 0.000000 -1.000000 0.000000
vn 0.000000 -1.000000 0.000000
vn 0.000000 -1.000000 -0.000000
vn 0.000000 -1.000000 0.000000
vn 0.063701 -0.997969 0.000000
vn 0.082466 -0.996470 -0.015721
vn 0.039446 -0.999090 0.016236
vn 0.027711 -0.999603 0.005053
vn 0.000000 -1.000000 -0.000000
vn 0.000000 -1.000000 0.000000
vn 0.000000 -1.000000 -0.000000
vn 0.000000 -1.000000 0.000000
vn 0.000000 -1.000000 0.000000
vn -0.000000 -1.000000 0.000000
vn 0.000000 -1.000000 -0.000000
vn 0.000000 -1.000000 0.000000
vn -1.000000 0.000000 0.000000
vn -1.000000 0.000000 0.000000
vn 0.000000 -1.000000 -0.000000
vn 0.000000 -1.000000 -0.000000
vn 0.000000 -1.000000 0.000000
vn 0.002222 -0.990037 -0.140792
vn 0.002221 -0.990036 -0.140793
vn 0.000000 -1.000000 0.000000
vn 0.000000 -1.000000 0.000000
vn 1.000000 0.000000 0.000000
vn 1.000000 0.000000 0.000000
vn 0.000000 -1.000000 0.000000
vn -0.000000 -1.000000 0.000000
vn 0.000000 -1.000000 0.000000
vn 0.000000 -1.000000 0.000000
vn -0.000000 -1.000000 0.000000
vn 0.000000 -1.000000 0.000000
vn 0.000000 -1.000000 -0.000000
vn 0.000000 -1.000000 0.000000
vn 0.000000 -1.000000 0.000000
vn 0.000000 -1.000000 -0.000000
vn 0.000000 -1.000000 0.000000
vn 0.000000 -1.000000 0.000000
vn 0.000000 -1.000000 0.000000
vn -0.000000 -1.000000 0.000000
vn 0.000000 -1.000000 0.000000
vn 0.001214 -0.990038 -0.140794
vn 0.001214 -0.990038 -0.140792
vn 0.007452 -0.502897 -0.864314
vn 0.006571 -0.491003 -0.871133
vn -0.622264 0.000000 -0.782807
vn -0.622264 0.000000 -0.782807
vn -0.999709 -0.024126 0.000000
vn -0.999709 -0.024126 0.000000
vn 1.000000 0.000000 0.000000
vn 1.000000 0.000000 0.000000
vn -0.707080 -0.707133 -0.000000
vn -0.707080 -0.707133 0.000000
vn -0.996995 -0.077470 -0.000000
vn -0.996995 -0.077470 0.000000
vn -1.000000 0.000000 0.000000
vn -1.000000 -0.000000 0.000000
vn -1.000000 0.000000 0.000000
vn -1.000000 0.000000 0.000000
vn 1.000000 -0.000000 0.000000
vn 1.000000 0.000000 0.000000
vn 0.000000 -0.199677 0.979862
vn 0.000000 -0.199677 0.979862
vn -0.922578 -0.385811 0.000000
vn -0.922578 -0.385811 0.000000
vn -0.007444 -0.491029 -0.871111
vn -0.006464 -0.502900 -0.864320
vn -0.001048 -0.990128 -0.140163
vn -0.001204 -0.990038 -0.140794
vn -0.794164 0.385207 0.470020
vn -0.795037 0.383487 0.469951
vn 0.000000 -1.000000 -0.000000
vn 0.000000 -1.000000 0.000000
vn 1.000000 0.000000 0.000000
vn 1.000000 0.000000 0.000000
vn 0.000000 -1.000000 0.000000
vn 1.000000 0.000000 0.000000
vn 1.000000 0.000000 0.000000
vn 0.000000 -1.000000 0.000000
vn 0.000000 -1.000000 0.000000
vn 0.000000 -1.000000 -0.000000
vn -0.000000 -1.000000 0.000000
vn 0.934555 0.295411 0.198342
vn 0.938736 0.283770 0.195574
vn 0.000000 -1.000000 -0.000000
vn 0.000000 -1.000000 0.000000
vn 0.000000 -1.000000 -0.000000
vn 1.000000 0.000000 0.000000
vn 1.000000 0.000000 0.000000
vn 0.000000 -1.000000 -0.000000
vn 0.000000 -1.000000 0.000000
vn 1.000000 0.000000 0.000000
vn 1.000000 0.000000 0.000000
vn -1.000000 0.000000 -0.000000
vn -1.000000 0.000000 0.000000
vn -1.000000 0.000000 0.000000
vn -1.000000 0.000000 0.000000
vn -0.841009 0.058431 -0.537857
vn -0.861553 0.066097 -0.503346
vn 0.000000 -0.081579 0.996667
vn 0.305181 -0.179721 0.935182
vn 0.790543 -0.513517 -0.333681
vn 0.790906 -0.507059 -0.342577
vn 0.793832 0.604519 0.066247
vn 0.786699 0.614165 0.062504
vn 0.000000 -1.000000 0.000000
vn -0.000000 -1.000000 0.000000
vn -0.856922 0.000000 -0.515445
vn -0.856922 0.000000 -0.515445
vn 1.000000 0.000000 0.000000
vn 1.000000 -0.000000 0.000000
vn -0.892211 0.450694 0.028888
vn -0.896133 0.442749 0.030328
vn 0.000000 -1.000000 0.000000
vn 0.000000 -1.000000 0.000000
vn -0.239555 -0.914393 -0.326341
vn -0.316468 -0.867844 -0.383008
vn 0.702593 0.711592 0.000000
vn 0.763040 0.646351 -0.000000
vn 0.000000 -0.199677 0.979862
vn 0.000000 -0.199677 0.979862
vn 1.000000 0.000000 0.000000
vn 1.000000 0.000000 -0.000000
vn 0.973834 0.190426 -0.124036
vn 0.965794 0.205232 -0.158498
vn -0.967270 -0.041717 -0.250297
vn -0.957119 -0.059144 -0.283592
vn 0.000000 0.979608 0.200916
vn 0.000000 0.979608 0.200916
vn -1.000000 0.000000 0.000000
vn -1.000000 0.000000 0.000000
vn 0.300719 0.000000 -0.953713
vn 0.300719 0.000000 -0.953713
vn 0.928158 0.041102 0.369909
vn 0.703432 0.078492 0.706415
vn 1.000000 0.000000 0.000000
vn 1.000000 -0.000000 0.000000
vn -1.000000 0.000000 0.000000
vn -1.000000 0.000000 0.000000
vn -0.007543 0.000000 -0.999972
vn -0.007543 0.000000 -0.999972
vn -1.000000 0.000000 0.000000
vn -1.000000 0.000000 0.000000
vn 1.000000 0.000000 -0.000000
vn 1.000000 0.000000 0.000000
vn -0.528350 -0.528271 -0.664663
vn -0.707127 0.000000 -0.707086
vn 1.000000 0.000000 0.000000
vn 1.000000 0.000000 0.000000
vn -0.405073 -0.703196 -0.584321
vn -0.482695 -0.651312 -0.585489
vn 1.000000 -0.000000 0.000000
vn 1.000000 0.000000 0.000000
vn 1.000000 -0.000000 0.000000
vn 1.000000 0.000000 0.000000
vn -0.960192 0.279341 0.000000
vn -0.946381 0.323041 0.002692
vn 0.000000 0.000000 1.000000
vn 0.000000 0.000000 1.000000
vn -0.947116 -0.060192 0.315195
vn -0.937891 -0.058861 0.341899
vn 1.000000 -0.000000 0.000000
vn 1.000000 0.000000 0.000000
vn 0.989586 0.000000 -0.143946
vn 0.989586 0.000000 -0.143946
vn -0.707080 -0.707133 -0.000000
vn -0.707080 -0.707133 0.000000
vn -0.999893 0.000000 -0.014650
vn -0.999893 0.000000 -0.014650
vn 0.916536 -0.399952 0.000000
vn 0.916536 -0.399952 0.000000
vn 0.432090 0.000000 -0.901830
vn 0.432090 0.000000 -0.901830
vn 1.000000 0.000000 -0.000000
vn 1.000000 0.000000 0.000000
vn -0.702582 0.711602 0.000000
vn -0.702582 0.711602 0.000000
vn 1.000000 0.000000 0.000000
vn 1.000000 0.000000 0.000000
vn 1.000000 -0.000000 0.000000
vn 1.000000 0.000000 0.000000
vn -1.000000 0.000000 0.000000
vn -1.000000 0.000000 0.000000
vn -0.856922 0.000000 -0.515445
vn -0.856922 0.000000 -0.515445
vn 0.000000 -1.000000 0.000000
vn 0.000000 -1.000000 0.000000
vn 1.000000 0.000000 0.000000
vn 1.000000 0.000000 0.000000
vn -0.949977 0.092624 0.298269
vn -0.817949 0.170613 0.549409
vn 0.916536 -0.399952 0.000000
vn 0.916536 -0.399952 0.000000
vn -0.939359 0.000000 0.342937
vn -0.939359 0.000000 0.342937
vn 1.000000 -0.000000 0.000000
vn 1.000000 0.000000 0.000000
vn 0.000000 -1.000000 0.000000
vn -0.000000 -1.000000 0.000000
vn -1.000000 0.000000 -0.000000
vn -1.000000 0.000000 0.000000
vn 0.892202 -0.008265 0.451561
vn 0.916533 0.000000 0.399960
vn 0.000000 1.000000 0.000000
vn 0.000000 1.000000 0.000000
vn 0.027290 0.000000 0.999628
vn 0.027290 0.000000 0.999628
vn 1.000000 0.000000 0.000000
vn 1.000000 0.000000 0.000000
vn 0.949066 -0.195163 -0.247358
vn 0.929026 -0.253452 -0.269578
vn 1.000000 -0.000000 0.000000
vn 1.000000 0.000000 0.000000
vn 1.000000 0.000000 0.000000
vn 1.000000 0.000000 0.000000
vn -1.000000 0.000000 0.000000
vn -1.000000 0.000000 0.000000
vn -1.000000 -0.000000 0.000000
vn -1.000000 0.000000 0.000000
vn -0.310232 0.000000 0.950661
vn -0.310232 0.000000 0.950661
vn -0.000000 0.000000 1.000000
vn 0.000000 0.000000 1.000000
vn 0.916536 -0.399952 0.000000
vn 0.916536 -0.399952 0.000000
vn 0.000000 -1.000000 0.000000
vn 0.000000 -1.000000 0.000000
vn -0.913327 0.375122 0.158482
vn -0.917621 0.365321 0.156564
vn 0.000000 -1.000000 0.000000
vn 0.000000 -1.000000 0.000000
vn 1.000000 0.000000 0.000000
vn 1.000000 0.000000 0.000000
vn 0.841898 -0.536616 -0.057025
vn 0.839054 -0.541129 -0.056278
vn 0.837999 0.545672 -0.000000
vn 0.837999 0.545672 0.000000
vn -0.915468 0.270331 0.298058
vn -0.900501 0.307487 0.307487
vn 1.000000 -0.000000 0.000000
vn 1.000000 0.000000 0.000000
vn 0.387566 -0.921842 0.000000
vn 0.387566 -0.921842 0.000000
vn -0.432090 -0.000000 -0.901830
vn -0.432090 0.000000 -0.901830
vn 1.000000 0.000000 0.000000
vn 1.000000 0.000000 0.000000
vn -1.000000 0.000000 0.000000
vn -1.000000 0.000000 0.000000
vn -0.575584 -0.705631 -0.413265
vn -0.613683 -0.534783 -0.580861
vn 1.000000 0.000000 0.000000
vn 1.000000 -0.000000 0.000000
vn 0.000000 1.000000 0.000000
vn 0.000000 1.000000 -0.000000
vn -0.968275 -0.249888 0.000000
vn -0.968275 -0.249888 0.000000
vn 0.684802 -0.728729 0.000000
vn 0.684802 -0.728729 0.000000
vn -1.000000 0.000000 0.000000
vn -1.000000 0.000000 0.000000
vn -0.996995 -0.077470 -0.000000
vn -0.996995 -0.077470 0.000000
vn 0.000000 -0.199677 0.979862
vn 0.000000 -0.199677 0.979862
vn -0.975631 -0.219318 -0.006620
vn -0.968277 -0.249879 0.000000
vn 0.961523 0.000000 -0.274723
vn 0.961523 0.000000 -0.274723
vn 0.871243 -0.401899 -0.281803
vn 0.973622 -0.071240 0.216759
vn -0.027197 0.000000 0.999630
vn -0.027197 0.000000 0.999630
vn -1.000000 -0.000000 0.000000
vn -1.000000 0.000000 0.000000
vn -0.812329 0.583200 0.000000
vn -0.944496 0.328523 0.000000
vn -0.906469 -0.132326 -0.401003
vn -0.906716 -0.132563 -0.400367
vn 0.157858 0.000000 0.987462
vn 0.157858 0.000000 0.987462
vn 0.000000 0.888640 -0.458605
vn 0.000000 0.888640 -0.458605
vn -0.946392 0.323011 0.002587
vn -0.960195 0.279330 0.000000
vn -0.874774 -0.067973 -0.479740
vn -0.871078 -0.072589 -0.485751
vn -1.000000 0.000000 0.000000
vn -1.000000 0.000000 0.000000
vn 1.000000 0.000000 0.000000
vn 1.000000 0.000000 0.000000
vn -0.946647 0.322272 0.000000
vn -0.960782 0.277257 -0.005170
vn -1.000000 0.000000 0.000000
vn -1.000000 0.000000 0.000000
vn 0.526389 -0.849684 -0.030851
vn 0.576101 -0.817378 0.000000
vn -0.931765 -0.363062 0.000000
vn -0.931765 -0.363062 0.000000
vn -0.000000 -1.000000 0.000000
vn 0.000000 -1.000000 0.000000
vn 0.000000 0.000000 1.000000
vn 0.000000 0.000000 1.000000
vn 1.000000 0.000000 -0.000000
vn 1.000000 0.000000 0.000000
vn 1.000000 -0.000000 0.000000
vn 1.000000 0.000000 0.000000
vn -0.379563 -0.000000 -0.925166
vn -0.379563 0.000000 -0.925166
vn 1.000000 0.000000 0.000000
vn 1.000000 0.000000 0.000000
vn 0.944496 0.000000 -0.328523
vn 0.944496 0.000000 -0.328523
vn -1.000000 0.000000 0.000000
vn -1.000000 0.000000 0.000000
vn -1.000000 0.000000 0.000000
vn -1.000000 0.000000 0.000000
vn -1.000000 -0.000000 0.000000
vn -1.000000 0.000000 0.000000
vn 1.000000 0.000000 0.000000
vn 1.000000 0.000000 0.000000
vn 0.730724 0.060058 0.680026
vn 0.764034 0.056759 0.642674
vn -1.000000 -0.000000 0.000000
vn -1.000000 0.000000 0.000000
vn 0.752048 0.186179 0.632266
vn 0.829149 0.157910 0.536262
vn -1.000000 0.000000 0.000000
vn -1.000000 0.000000 0.000000
vn 0.000000 0.979608 0.200916
vn 0.000000 0.979608 0.200916
vn 0.000000 0.979608 0.200916
vn -1.000000 0.000000 0.000000
vn -1.000000 0.000000 0.000000
vn 0.000000 0.888640 -0.458605
vn 0.000000 0.888640 -0.458605
vn -0.766757 -0.641937 0.000000
vn -0.766757 -0.641937 0.000000
vn 0.946061 -0.320412 -0.048019
vn 1.000000 0.000000 0.000000
vn -0.894033 -0.446161 -0.040561
vn -0.902863 -0.427371 -0.046823
vn 0.027290 0.000000 0.999628
vn 0.027290 0.000000 0.999628
vn 0.971760 -0.235972 0.000000
vn 0.971760 -0.235972 0.000000
vn 0.827476 0.000000 0.561502
vn 0.827476 0.000000 0.561502
vn -0.812171 -0.423179 0.401618
vn -0.826755 -0.419686 0.374619
vn -0.998617 0.004033 -0.052427
vn -1.000000 -0.000000 0.000000
vn 0.000000 0.979608 0.200916
vn 0.000000 0.979608 0.200916
vn -0.890609 -0.454769 0.000000
vn -0.890609 -0.454769 0.000000
vn -1.000000 -0.000000 0.000000
vn -1.000000 0.000000 0.000000
vn -0.997197 -0.074824 0.000000
vn -0.997197 -0.074824 0.000000
vn -0.937569 0.347798 0.000000
vn -0.949217 0.314564 -0.006080
vn 0.000000 -1.000000 0.000000
vn -0.000000 -1.000000 0.000000
vn -0.955136 0.030571 0.294584
vn -0.961809 0.030443 0.272022
vn 1.000000 -0.000000 0.000000
vn 1.000000 0.000000 0.000000
vn 1.000000 0.000000 0.000000
vn 1.000000 0.000000 0.000000
vn -1.000000 0.000000 0.000000
vn -1.000000 0.000000 0.000000
vn -0.027197 0.000000 0.999630
vn -0.027197 0.000000 0.999630
vn 1.000000 -0.000000 0.000000
vn 1.000000 0.000000 0.000000
vn 1.000000 0.000000 0.000000
vn 1.000000 -0.000000 0.000000
vn 0.989586 0.000000 -0.143946
vn 0.989586 0.000000 -0.143946
vn 1.000000 0.000000 0.000000
vn 1.000000 0.000000 0.000000
vn -1.000000 0.000000 0.000000
vn -1.000000 0.000000 0.000000
vn 1.000000 -0.000000 0.000000
vn 1.000000 0.000000 0.000000
vn 0.000000 0.979608 0.200916
vn 0.000000 0.979608 0.200916
vn 0.000000 0.979608 0.200916
vn -0.300719 0.000000 -0.953713
vn -0.300719 0.000000 -0.953713
vn 0.000000 0.888640 -0.458605
vn 0.000000 0.888640 -0.458605
vn -1.000000 0.000000 0.000000
vn -1.000000 0.000000 0.000000
vn 0.996729 -0.080815 0.000000
vn 0.996729 -0.080815 0.000000
vn 1.000000 -0.000000 0.000000
vn 1.000000 0.000000 0.000000
vn 0.007543 0.000000 -0.999972
vn 0.007543 0.000000 -0.999972
vn 1.000000 0.000000 0.000000
vn 1.000000 0.000000 0.000000
vn 0.433836 -0.653458 -0.620306
vn 0.586979 -0.509663 -0.629046
vn 0.000000 0.000000 1.000000
vn 0.000000 0.000000 1.000000
vn 0.707080 -0.707133 0.000000
vn 0.707080 -0.707133 0.000000
vn 1.000000 0.000000 -0.000000
vn 0.916539 -0.399945 0.000000
vn -1.000000 0.000000 0.000000
vn -1.000000 0.000000 0.000000
vn 0.718361 -0.225046 -0.658264
vn 0.744695 -0.227603 -0.627396
vn 0.371395 0.000000 -0.928475
vn 0.371395 0.000000 -0.928475
vn -1.000000 0.000000 0.000000
vn -0.816279 -0.563647 -0.126458
vn 1.000000 0.000000 -0.000000
vn 1.000000 0.000000 0.000000
vn 0.000000 0.888640 -0.458605
vn 0.000000 0.888640 -0.458605
vn 1.000000 0.000000 0.000000
vn 1.000000 -0.000000 0.000000
vn 1.000000 0.000000 0.000000
vn 1.000000 0.000000 0.000000
vn 0.999773 0.000000 -0.021327
vn 0.999773 0.000000 -0.021327
vn -0.008070 -0.295594 0.955280
vn -0.079848 -0.257704 0.962919
vn -1.000000 0.000000 0.000000
vn -1.000000 0.000000 0.000000
vn -0.922578 -0.385811 0.000000
vn -0.922578 -0.385811 0.000000
vn 1.000000 -0.000000 0.000000
vn 1.000000 0.000000 0.000000
vn 0.000000 -0.258530 0.966003
vn -0.549586 -0.126591 0.825790
vn -1.000000 0.000000 0.000000
vn -1.000000 0.000000 0.000000
vn 0.432090 0.000000 -0.901830
vn 0.432090 0.000000 -0.901830
vn 0.861366 -0.507985 0.000000
vn 0.861366 -0.507985 0.000000
vn -1.000000 0.000000 0.000000
vn -1.000000 0.000000 0.000000
vn 0.000000 -1.000000 0.000000
vn 0.000000 -1.000000 0.000000
vn -0.961523 0.000000 -0.274723
vn -0.961523 0.000000 -0.274723
vn 1.000000 0.000000 0.000000
vn 1.000000 0.000000 0.000000
vn 0.861366 -0.507985 0.000000
vn 0.861366 -0.507985 0.000000
vn -1.000000 0.000000 0.000000
vn -1.000000 0.000000 0.000000
vn -0.974067 -0.181975 0.134459
vn -0.971728 -0.188068 0.142739
vn -1.000000 -0.000000 0.000000
vn -1.000000 0.000000 0.000000
vn -0.000000 0.000000 1.000000
vn 0.000000 0.000000 1.000000
vn -0.856922 0.000000 -0.515445
vn -0.856922 0.000000 -0.515445
vn -0.989586 0.000000 -0.143946
vn -0.989586 0.000000 -0.143946
vn -1.000000 0.000000 0.000000
vn -1.000000 0.000000 0.000000
vn 0.663287 -0.748365 0.000000
vn 0.663287 -0.748365 0.000000
vn -0.947748 0.318821 0.011238
vn -0.960195 0.279330 0.000000
vn 1.000000 0.000000 0.000000
vn 1.000000 -0.000000 0.000000
vn 0.000000 1.000000 0.000000
vn 0.000000 1.000000 -0.000000
vn 0.000000 0.888640 -0.458605
vn 0.000000 0.888640 -0.458605
vn 1.000000 0.000000 0.000000
vn 1.000000 0.000000 0.000000
vn -0.069107 -0.997609 0.000000
vn -0.069107 -0.997609 0.000000
vn -0.939185 -0.049002 -0.339896
vn -0.930142 -0.048530 -0.363980
vn -1.000000 0.000000 0.000000
vn -1.000000 0.000000 0.000000
vn -0.967434 -0.252968 -0.008914
vn -0.974858 -0.222829 -0.000000
vn -1.000000 0.000000 0.000000
vn -1.000000 0.000000 0.000000
vn -1.000000 0.000000 0.000000
vn -1.000000 0.000000 0.000000
vn -1.000000 0.000000 0.000000
vn -1.000000 0.000000 0.000000
vn -1.000000 0.000000 0.000000
vn -1.000000 0.000000 0.000000
vn 1.000000 -0.000000 0.000000
vn 1.000000 0.000000 0.000000
vn -0.941714 0.022235 -0.335679
vn -0.930594 0.028984 -0.364905
vn 1.000000 0.000000 0.000000
vn 0.971888 -0.125506 -0.199203
vn 1.000000 0.000000 0.000000
vn 1.000000 0.000000 0.000000
vn -0.000000 -1.000000 0.000000
vn 0.000000 -1.000000 0.000000
vn -1.000000 0.000000 0.000000
vn -1.000000 -0.000000 0.000000
vn 1.000000 0.000000 0.000000
vn 1.000000 0.000000 -0.000000
vn 0.847141 0.049829 0.529027
vn 0.876520 0.045140 0.479244
vn 0.915658 0.106239 0.387665
vn 0.771650 0.168109 0.613429
vn -0.931765 -0.363062 0.000000
vn -0.931765 -0.363062 0.000000
vn -0.682231 -0.387808 0.619812
vn -0.634720 -0.403388 0.659097
vn -0.754622 -0.097866 0.648821
vn -0.772991 -0.103366 0.625939
vn 1.000000 0.000000 0.000000
vn 1.000000 0.000000 0.000000
vn -1.000000 -0.000000 0.000000
vn -1.000000 0.000000 0.000000
vn 0.031850 -0.066978 0.997246
vn 0.031869 -0.066971 0.997246
vn -1.000000 0.000000 0.000000
vn 0.000000 -0.986948 0.161040
vn 0.000000 -0.986948 0.161040
vn -1.000000 0.000000 -0.000000
vn -1.000000 0.000000 0.000000
vn -1.000000 0.000000 0.000000
vn -1.000000 0.000000 0.000000
vn -1.000000 0.000000 0.000000
vn -1.000000 0.000000 0.000000
vn -1.000000 0.000000 0.000000
vn -0.965225 0.007887 -0.261302
vn -0.961524 0.000000 -0.274723
vn 1.000000 0.000000 0.000000
vn 1.000000 -0.000000 0.000000
vn 1.000000 -0.000000 0.000000
vn 1.000000 0.000000 0.000000
vn 1.000000 -0.000000 0.000000
vn 1.000000 0.000000 0.000000
vn -0.944496 -0.000000 -0.328523
vn -0.944496 0.000000 -0.328523
vn -1.000000 0.000000 0.000000
vn -1.000000 0.000000 0.000000
vn 1.000000 0.000000 -0.000000
vn 1.000000 0.000000 0.000000
vn -1.000000 0.000000 0.000000
vn 1.000000 -0.000000 0.000000
vn 1.000000 0.000000 0.000000
vn -0.048149 -0.997174 0.057667
vn 0.000000 -1.000000 0.000000
vn -1.000000 0.000000 0.000000
vn -1.000000 0.000000 0.000000
vn -1.000000 0.000000 0.000000
vn 1.000000 0.000000 -0.000000
vn 1.000000 0.000000 0.000000
vn 0.976947 -0.118419 -0.177629
vn 0.974044 -0.124010 -0.189368
vn 0.973425 -0.140050 -0.181189
vn 0.975473 -0.135603 -0.173393
vn 0.595410 -0.803422 0.000000
vn 0.595410 -0.803422 0.000000
vn 0.968275 -0.249888 0.000000
vn 0.968275 -0.249888 0.000000
vn -0.229597 -0.931881 -0.280861
vn -0.212747 -0.937860 -0.274150
vn 0.974858 -0.222829 0.000000
vn 0.967434 -0.252968 -0.008914
vn 0.968277 -0.249879 0.000000
vn 0.968277 -0.249879 0.000000
vn -1.000000 0.000000 0.000000
vn -1.000000 0.000000 0.000000
vn -1.000000 0.000000 0.000000
vn -1.000000 0.000000 0.000000
vn -1.000000 -0.000000 0.000000
vn 1.000000 -0.000000 0.000000
vn 1.000000 0.000000 0.000000
vn -1.000000 0.000000 0.000000
vn -1.000000 -0.000000 0.000000
vn -0.960053 0.279796 0.003485
vn -0.958788 0.284093 0.003988
vn 1.000000 0.000000 -0.000000
vn 1.000000 0.000000 0.000000
vn 0.940028 0.216212 0.263816
vn 0.899807 0.308500 0.308505
vn -1.000000 0.000000 -0.000000
vn -1.000000 0.000000 0.000000
vn 0.000000 -0.960621 -0.277862
vn -0.006579 -0.963590 -0.267303
vn -1.000000 0.000000 0.000000
vn -0.736443 -0.676500 0.000000
vn -0.736443 -0.676500 0.000000
vn 1.000000 0.000000 0.000000
vn 1.000000 0.000000 -0.000000
vn 1.000000 -0.000000 0.000000
vn 1.000000 0.000000 0.000000
vn 1.000000 0.000000 0.000000
vn 1.000000 -0.000000 0.000000
vn -1.000000 0.000000 0.000000
vn 0.000000 -0.960621 -0.277862
vn -0.006427 -0.963523 -0.267548
vn -0.976185 -0.115868 -0.183405
vn -0.904358 -0.425654 0.030919
vn -0.919147 -0.393915 0.000000
vn 0.845152 -0.284935 -0.452250
vn 0.840815 -0.290833 -0.456559
vn -0.873008 -0.298259 -0.385873
vn 0.857634 -0.321142 -0.401662
vn 0.857492 -0.321289 -0.401846
vn -0.856923 0.000000 -0.515445
vn -0.856923 0.000000 -0.515445
vn 0.050203 -0.998701 -0.008731
vn 0.047853 -0.998778 -0.012350
vn -0.837999 -0.545672 0.000000
vn -0.859100 -0.511808 0.000000
vn -1.000000 -0.000000 0.000000
vn -1.000000 0.000000 0.000000
vn 0.916533 0.000000 0.399960
vn 0.916533 0.000000 0.399960
vn 0.069495 -0.996072 0.054864
vn 0.000000 -1.000000 0.000000
vn 0.972852 -0.038273 0.228242
vn 0.976376 -0.038779 0.212569
vn -1.000000 0.000000 0.000000
vn 1.000000 -0.000000 0.000000
vn 1.000000 0.000000 0.000000
vn 1.000000 0.000000 0.000000
vn 1.000000 -0.000000 0.000000
vn -1.000000 0.000000 -0.000000
vn -1.000000 0.000000 -0.000000
vn -1.000000 -0.000000 0.000000
vn -1.000000 0.000000 0.000000
vn 1.000000 -0.000000 0.000000
vn 1.000000 0.000000 0.000000
vn 0.784422 0.616991 0.063281
vn 0.775427 0.628930 0.056218
vn -1.000000 0.000000 -0.000000
vn -1.000000 0.000000 0.000000
vn -1.000000 0.000000 -0.000000
vn -1.000000 0.000000 -0.000000
vn 1.000000 -0.000000 0.000000
vn 1.000000 0.000000 0.000000
vn 1.000000 0.000000 0.000000
vn 1.000000 0.000000 0.000000
vn 1.000000 -0.000000 0.000000
vn 1.000000 0.000000 0.000000
vn 1.000000 0.000000 0.000000
vn 1.000000 -0.000000 0.000000
vn -0.946647 -0.322272 0.000000
vn -0.946647 -0.322272 0.000000
vn -0.966767 -0.254227 -0.027016
vn -0.970528 -0.191084 -0.146843
vn -0.144949 -0.012144 0.989365
vn -0.145672 -0.011662 0.989264
vn 0.890600 0.454787 -0.000000
vn 0.890600 0.454787 0.000000
vn -0.581946 -0.813227 0.000000
vn -0.573120 -0.819275 0.017922
vn 1.000000 0.000000 0.000000
vn 1.000000 0.000000 0.000000
vn -0.971888 -0.125506 -0.199203
vn 0.845400 -0.289400 -0.448940
vn 0.855032 -0.278121 -0.437685
vn -0.879576 -0.291398 -0.376078
vn 0.883183 -0.406844 -0.233381
vn 0.874800 -0.423586 -0.235157
vn -1.000000 0.000000 0.000000
vn -1.000000 0.000000 0.000000
vn 0.859580 -0.510768 -0.015422
vn 0.837999 -0.545672 0.000000
vn -0.837492 -0.546250 -0.014762
vn 0.968277 -0.249879 0.000000
vn 0.837999 -0.545672 0.000000
vn 0.886713 -0.371831 0.274740
vn 0.899037 -0.362050 0.246277
vn -0.321168 0.000000 -0.947022
vn -0.321168 -0.000000 -0.947022
vn 0.968276 0.000000 0.249884
vn 0.968276 0.000000 0.249884
vn 1.000000 0.000000 0.000000
vn 1.000000 -0.000000 0.000000
vn -1.000000 0.000000 0.000000
vn -1.000000 0.000000 0.000000
vn 1.000000 -0.000000 0.000000
vn 1.000000 0.000000 0.000000
vn 1.000000 -0.000000 0.000000
vn 1.000000 0.000000 0.000000
vn 1.000000 -0.000000 0.000000
vn 1.000000 0.000000 0.000000
vn -1.000000 0.000000 0.000000
vn -1.000000 0.000000 0.000000
vn -1.000000 0.000000 -0.000000
vn -1.000000 0.000000 0.000000
vn -1.000000 0.000000 -0.000000
vn -1.000000 0.000000 0.000000
vn -1.000000 0.000000 -0.000000
vn -1.000000 0.000000 0.000000
vn -0.791985 -0.605253 0.080181
vn -0.933037 -0.356664 0.047249
vn 1.000000 0.000000 0.000000
vn 1.000000 -0.000000 0.000000
vn -1.000000 0.000000 -0.000000
vn -1.000000 -0.000000 0.000000
vn 0.861623 -0.012442 -0.507396
vn 0.862454 -0.011958 -0.505993
vn 0.973759 -0.193076 -0.120482
vn 0.975413 -0.189123 -0.113150
vn -0.957919 -0.286872 0.009809
vn -0.824956 -0.564867 0.019315
vn -0.829436 -0.558352 0.016703
vn -0.837999 -0.545672 0.000000
vn -0.806360 -0.591296 0.012382
vn -0.933115 0.357439 0.039170
vn -0.949187 0.311338 0.045958
vn 0.958530 -0.284925 0.006079
vn 1.000000 0.000000 0.000000
vn -0.970950 -0.238515 -0.019177
vn -1.000000 -0.000000 0.000000
vn -0.706599 0.707422 0.016497
vn -0.749614 0.661007 0.033898
vn 1.000000 0.000000 0.000000
vn 1.000000 -0.000000 0.000000
vn -1.000000 0.000000 0.000000
vn -1.000000 0.000000 0.000000
vn 0.971659 -0.124255 -0.201097
vn 0.977090 -0.114143 -0.179630
vn 0.978319 -0.125633 -0.164647
vn 0.980593 -0.120082 -0.154978
vn 0.865821 -0.429374 -0.256888
vn 0.853341 -0.452231 -0.259417
vn 0.968277 -0.249879 0.000000
vn 0.975631 -0.219318 -0.006620
vn 0.974858 -0.222829 0.000000
vn 0.974857 -0.222829 0.000000
vn -1.000000 0.000000 0.000000
vn -1.000000 0.000000 0.000000
vn 1.000000 0.000000 0.000000
vn 1.000000 0.000000 0.000000
vn 0.971728 -0.188068 0.142739
vn 0.974067 -0.181975 0.134459
vn -0.952078 0.029902 -0.304390
vn -0.944425 0.035503 -0.326803
vn -0.837999 0.000000 0.545672
vn -0.837999 0.000000 0.545672
vn 0.969231 0.000000 0.246154
vn 0.969231 -0.000000 0.246154
vn -0.971019 0.024198 0.237774
vn 0.855390 0.059456 0.514561
vn 0.965181 0.030026 0.259854
vn 0.975810 0.154588 0.154588
vn 0.976278 0.153620 0.152587
vn 0.960195 0.279330 0.000000
vn 0.960195 0.279330 0.000000
vn 0.960195 0.279330 0.000000
vn 0.947748 0.318821 0.011238
vn -0.948406 0.316509 0.018688
vn -0.985820 0.167804 0.000000
vn -0.994876 0.099809 -0.016100
vn -0.990025 0.140704 0.007304
vn -0.982557 0.185895 -0.004896
vn -0.960191 0.279329 0.002728
vn 0.960193 0.279330 0.002217
vn 0.958257 0.285896 0.002714
vn -0.957557 0.288180 0.006163
vn 0.817261 0.576268 0.000000
vn 0.944496 0.328523 -0.000000
vn 1.000000 0.000000 0.000000
vn 1.000000 0.000000 0.000000
vn 0.956861 0.047049 -0.286710
vn 0.957725 0.047296 -0.283772
vn 0.957119 -0.059144 -0.283592
vn 0.967270 -0.041717 -0.250297
vn 0.872322 -0.414798 -0.258839
vn 0.916217 -0.303304 -0.261826
vn -0.735678 -0.677171 -0.014764
vn -0.763530 -0.645618 -0.014076
vn -0.833412 -0.552405 0.016525
vn -0.828909 -0.559056 0.019110
vn -0.833186 -0.552872 0.011577
vn -0.860741 -0.509043 0.000000
vn -0.960192 -0.279341 -0.000000
vn -0.960192 -0.279341 0.000000
vn 0.037733 -0.998101 -0.048690
vn 0.038303 -0.998118 -0.047881
vn -0.943491 -0.331180 -0.011998
vn -0.883996 -0.466747 0.026423
vn 0.902863 -0.427371 -0.046823
vn 0.894033 -0.446161 -0.040561
vn -1.000000 0.000000 0.000000
vn -1.000000 0.000000 0.000000
vn 1.000000 0.000000 0.000000
vn 1.000000 -0.000000 0.000000
vn -1.000000 0.000000 0.000000
vn 1.000000 0.000000 0.000000
vn 1.000000 -0.000000 0.000000
vn 1.000000 0.000000 0.000000
vn 1.000000 0.000000 0.000000
vn -0.931579 0.023771 0.362761
vn -0.785671 0.040452 0.617320
vn 1.000000 0.000000 0.000000
vn 1.000000 0.000000 0.000000
vn 1.000000 0.000000 0.000000
vn 1.000000 0.000000 0.000000
vn -1.000000 0.000000 0.000000
vn 1.000000 0.000000 0.000000
vn 1.000000 0.000000 0.000000
vn 1.000000 -0.000000 0.000000
vn 1.000000 0.000000 0.000000
vn -1.000000 0.000000 -0.000000
vn -1.000000 -0.000000 0.000000
vn -1.000000 0.000000 0.000000
vn -1.000000 -0.000000 0.000000
vn 0.999883 0.000149 -0.015291
vn 0.999893 0.000549 -0.014650
vn 1.000000 0.000000 0.000000
vn 1.000000 0.000000 0.000000
vn 1.000000 0.000000 -0.000000
vn 1.000000 0.000000 0.000000
vn 1.000000 0.000000 -0.000000
vn 1.000000 0.000000 0.000000
vn 1.000000 0.000000 0.000000
vn 1.000000 0.000000 0.000000
vn 1.000000 0.000000 0.000000
vn 1.000000 0.000000 0.000000
vn 0.706759 -0.706812 -0.030155
vn 0.706733 -0.706838 -0.030155
vn 1.000000 0.000000 0.000000
vn 1.000000 0.000000 0.000000
vn 0.916543 0.399937 -0.000000
vn 0.916543 0.399937 0.000000
vn 1.000000 0.000000 0.000000
vn 1.000000 0.000000 0.000000
vn -1.000000 0.000000 0.000000
vn -1.000000 -0.000000 0.000000
vn 0.766757 -0.641937 0.000000
vn 0.766757 -0.641937 0.000000
vn -1.000000 0.000000 0.000000
vn -1.000000 0.000000 0.000000
vn -1.000000 0.000000 0.000000
vn 0.809131 0.556245 0.189467
vn 0.849740 0.490514 0.193233
vn 1.000000 0.000000 0.000000
vn 1.000000 0.000000 0.000000
vn 1.000000 -0.000000 0.000000
vn 1.000000 0.000000 0.000000
vn 1.000000 -0.000000 0.000000
vn 1.000000 0.000000 0.000000
vn 0.953877 0.284165 0.096792
vn 0.953711 0.284623 0.097089
vn -0.949976 0.092626 0.298271
vn -1.000000 0.000000 0.000000
vn -1.000000 0.000000 -0.000000
vn -1.000000 0.000000 -0.000000
vn -1.000000 0.000000 -0.000000
vn 0.000000 -1.000000 0.000000
vn 0.000000 -1.000000 -0.000000
vn 1.000000 0.000000 -0.000000
vn 1.000000 0.000000 0.000000
vn 0.000000 -1.000000 -0.000000
vn 0.000000 -1.000000 0.000000
vn 0.000000 -1.000000 0.000000
vn 0.000000 -1.000000 0.000000
vn -1.000000 -0.000000 0.000000
vn -1.000000 -0.000000 0.000000
vn -1.000000 0.000000 0.000000
vn -1.000000 0.000000 0.000000
vn -1.000000 0.000000 -0.000000
vn -1.000000 0.000000 0.000000
vn -1.000000 0.000000 0.000000
vn -1.000000 0.000000 0.000000
vn -1.000000 -0.000000 0.000000
vn -1.000000 0.000000 0.000000
vn -0.071062 -0.997286 -0.019233
vn -0.068007 -0.997677 -0.003986
vn -1.000000 0.000000 0.000000
vn -1.000000 0.000000 0.000000
vn 0.788783 -0.475362 -0.389682
vn 0.812566 -0.434838 -0.388140
vn 0.916536 -0.399952 0.000000
vn 0.916536 -0.399952 0.000000
vn 0.300719 0.000000 -0.953713
vn 0.300719 0.000000 -0.953713
vn 1.000000 0.000000 0.000000
vn 1.000000 0.000000 0.000000
vn -1.000000 0.000000 0.000000
vn -1.000000 0.000000 0.000000
vn 1.000000 0.000000 0.000000
vn 1.000000 0.000000 -0.000000
vn 1.000000 0.000000 0.000000
vn 1.000000 0.000000 -0.000000
vn 1.000000 0.000000 0.000000
vn 1.000000 0.000000 0.000000
vn -0.870332 -0.492466 0.000000
vn -0.870332 -0.492466 0.000000
vn 1.000000 0.000000 -0.000000
vn 1.000000 0.000000 0.000000
vn -1.000000 0.000000 0.000000
vn -1.000000 0.000000 0.000000
vn 0.932571 0.360988 0.000000
vn 0.945069 0.326809 -0.006316
vn 0.634860 -0.617984 -0.463733
vn 0.641897 -0.620658 -0.450280
vn 0.817949 0.170613 0.549409
vn 0.945886 0.096236 0.309899
vn -0.929805 0.025109 0.367196
vn -1.000000 0.000000 0.000000
vn -1.000000 0.000000 0.000000
vn -1.000000 0.000000 -0.000000
vn 1.000000 0.000000 -0.000000
vn 1.000000 0.000000 0.000000
vn -1.000000 0.000000 0.000000
vn -1.000000 0.000000 0.000000
vn -1.000000 0.000000 0.000000
vn -1.000000 -0.000000 0.000000
vn 1.000000 0.000000 0.000000
vn 1.000000 0.000000 0.000000
vn -1.000000 0.000000 -0.000000
vn -1.000000 0.000000 0.000000
vn -1.000000 -0.000000 0.000000
vn -1.000000 0.000000 0.000000
vn 0.999757 -0.022033 0.000000
vn 0.998410 -0.046073 -0.032481
vn -1.000000 -0.000000 0.000000
vn -1.000000 0.000000 0.000000
vn -1.000000 -0.000000 0.000000
vn -1.000000 0.000000 -0.000000
vn -0.943750 -0.031207 -0.329184
vn 0.928389 -0.041982 -0.369232
vn 0.776969 -0.071121 -0.625508
vn -0.939359 -0.342937 0.000000
vn -0.939359 -0.342937 0.000000
vn -0.742712 -0.088497 -0.663737
vn 0.939185 -0.049002 -0.339896
vn 0.930142 -0.048530 -0.363980
vn -1.000000 0.000000 0.000000
vn -1.000000 -0.000000 0.000000
vn 0.736443 -0.676500 0.000000
vn 0.736443 -0.676500 0.000000
vn 1.000000 0.000000 0.000000
vn 1.000000 0.000000 -0.000000
vn 0.310232 0.000000 0.950661
vn 0.310232 -0.000000 0.950661
vn 1.000000 -0.000000 0.000000
vn 1.000000 0.000000 0.000000
vn -0.999839 0.003002 -0.017695
vn -0.999789 0.000971 -0.020507
vn 1.000000 0.000000 0.000000
vn 1.000000 0.000000 -0.000000
vn 1.000000 0.000000 0.000000
vn 1.000000 0.000000 0.000000
vn 0.000000 -1.000000 0.000000
vn 0.000000 -1.000000 0.000000
vn 1.000000 0.000000 0.000000
vn 1.000000 0.000000 0.000000
vn 1.000000 0.000000 -0.000000
vn 1.000000 0.000000 0.000000
vn -0.702593 -0.711592 0.000000
vn -0.702593 -0.711592 0.000000
vn 1.000000 0.000000 -0.000000
vn 1.000000 0.000000 0.000000
vn 0.945037 0.323457 0.047747
vn 0.927800 0.370859 0.040641
vn 0.919967 0.391827 0.011484
vn 0.935473 0.352920 0.018383
vn 0.932571 0.360988 -0.000000
vn 0.932571 0.360988 0.000000
vn -1.000000 0.000000 0.000000
vn -1.000000 0.000000 0.000000
vn 0.702582 0.711602 -0.000000
vn 0.702582 0.711602 0.000000
vn 0.750805 0.614557 0.242098
vn 0.783652 0.570974 0.244700
vn -0.997864 -0.065319 0.000000
vn -0.998593 -0.046484 -0.025533
vn 0.785671 0.040452 0.617320
vn 0.926156 0.024660 0.376333
vn 0.955297 0.137697 0.261625
vn 0.943694 0.175131 0.280659
vn 0.926134 0.374818 0.042277
vn 0.922025 0.385111 0.039499
vn 0.918741 0.394596 0.014479
vn 0.915780 0.401473 0.012849
vn -0.922578 -0.385811 0.000000
vn -0.922578 -0.385811 0.000000
vn -0.929311 0.367372 -0.037680
vn 0.777402 0.626301 -0.058262
vn 0.926558 0.374534 -0.034841
vn 0.941799 0.156875 -0.297331
vn 0.946404 0.154893 -0.283421
vn 0.925102 0.030066 -0.378526
vn 0.937014 0.023087 -0.348529
vn 0.934488 0.000000 -0.355994
vn 0.934488 0.000000 -0.355994
vn 0.934488 0.000000 0.355994
vn 0.934488 -0.000000 0.355994
vn -0.763049 0.000000 0.646340
vn -0.763049 0.000000 0.646340
vn 0.736443 0.000000 -0.676500
vn 0.736443 0.000000 -0.676500
vn -0.939359 -0.000000 -0.342937
vn -0.939359 0.000000 -0.342937
vn 1.000000 0.000000 0.000000
vn 1.000000 0.000000 0.000000
vn -0.937569 0.347798 0.000000
vn -0.937569 0.347798 0.000000
vn 0.000000 -1.000000 0.000000
vn 0.000000 -1.000000 0.000000
vn 0.702411 -0.711407 0.022762
vn 0.736443 -0.676500 0.000000
vn -0.702593 -0.711592 0.000000
vn -0.702593 -0.711592 0.000000
vn -1.000000 -0.000000 0.000000
vn -1.000000 0.000000 0.000000
vn 0.000000 -1.000000 -0.000000
vn 0.000000 -1.000000 0.000000
vn 0.000000 1.000000 0.000000
vn 0.000000 1.000000 -0.000000
vn -1.000000 0.000000 0.000000
vn -1.000000 0.000000 0.000000
vn 1.000000 0.000000 0.000000
vn 1.000000 0.000000 0.000000
vn -1.000000 0.000000 -0.000000
vn -1.000000 0.000000 0.000000
vn 1.000000 0.000000 0.000000
vn 1.000000 0.000000 -0.000000
vn -1.000000 0.000000 0.000000
vn -1.000000 0.000000 0.000000
vn -1.000000 0.000000 0.000000
vn -1.000000 -0.000000 0.000000
vn 1.000000 0.000000 -0.000000
vn 1.000000 0.000000 0.000000
vn -0.737904 0.673328 0.046122
vn -0.756093 0.651866 0.058268
vn -0.736420 0.007878 -0.676479
vn -0.702588 0.000000 -0.711597
vn -1.000000 0.000000 0.000000
vn -1.000000 0.000000 -0.000000
vn -0.968277 -0.249879 0.000000
vn -0.968277 -0.249879 -0.000000
vn -1.000000 0.000000 0.000000
vn -1.000000 0.000000 0.000000
vn 0.702582 0.711602 -0.000000
vn 0.702582 0.711602 0.000000
vn -0.890600 0.454787 0.000000
vn -0.890600 0.454787 0.000000
vn 0.890600 0.454787 -0.000000
vn 0.890600 0.454787 0.000000
vn 0.917621 0.365321 0.156564
vn 0.913327 0.375122 0.158482
vn 1.000000 0.000000 -0.000000
vn 1.000000 0.000000 0.000000
vn -0.968276 0.000000 0.249884
vn -0.968276 0.000000 0.249884
vn 0.000000 -1.000000 0.000000
vn -0.000000 -1.000000 0.000000
vn 1.000000 -0.000000 0.000000
vn 1.000000 0.000000 0.000000
vn -0.763040 0.646351 0.000000
vn -0.736443 0.000000 0.676500
vn -0.736443 0.000000 0.676500
vn 0.000000 -1.000000 0.000000
vn -0.000000 -1.000000 0.000000
vn 1.000000 0.000000 0.000000
vn 1.000000 0.000000 0.000000
vn 0.597524 -0.251273 -0.761464
vn 0.603226 -0.244585 -0.759142
vn 0.702588 0.000000 -0.711597
vn 0.736420 0.007878 -0.676479
vn -1.000000 -0.000000 0.000000
vn -1.000000 0.000000 -0.000000
vn 1.000000 -0.000000 0.000000
vn 1.000000 0.000000 0.000000
vn 1.000000 0.000000 0.000000
vn 1.000000 0.000000 0.000000
vn 0.924522 -0.193349 -0.328445
vn 0.923451 -0.193418 -0.331403
vn -0.971620 -0.033033 0.234229
vn -0.842448 0.000000 0.538777
vn -0.842448 0.000000 0.538777
vn 0.722469 -0.175437 0.668775
vn 0.671082 -0.136429 0.728722
vn 0.903529 0.303014 0.303014
vn 0.918102 0.266270 0.293580
vn -0.837999 0.545672 0.000000
vn -0.837999 0.545672 0.000000
vn -0.837999 0.545672 0.000000
vn -0.837999 0.545672 0.000000
vn -0.825858 0.563874 0.002420
vn 0.835051 0.550158 0.003983
vn 0.838910 0.544256 0.003940
vn -0.834323 0.551259 0.004375
vn 0.837999 0.545672 0.000000
vn 0.817261 0.576268 -0.000000
vn 0.834277 0.551235 0.011079
vn 0.837852 0.545787 0.010969
vn 1.000000 0.000000 0.000000
vn 1.000000 0.000000 0.000000
vn -1.000000 0.000000 0.000000
vn -1.000000 0.000000 -0.000000
vn 0.865853 0.082250 -0.493490
vn 0.840348 0.070573 -0.537434
vn -1.000000 -0.000000 0.000000
vn -1.000000 0.000000 0.000000
vn -1.000000 0.000000 0.000000
vn -1.000000 0.000000 0.000000
vn 0.972250 -0.147903 -0.181256
vn 0.971966 -0.149038 -0.181853
vn -0.943065 -0.332416 0.011363
vn -0.960192 -0.279341 0.000000
vn 1.000000 0.000000 0.000000
vn 1.000000 0.000000 -0.000000
vn -1.000000 -0.000000 0.000000
vn -0.938344 -0.345702 -0.000000
vn 0.927891 -0.370192 -0.044462
vn 0.891995 -0.451946 0.009444
vn -0.916539 -0.399945 0.000000
vn -0.916539 -0.399945 0.000000
vn 0.643190 -0.765706 0.000000
vn 0.639349 -0.768889 -0.006455
vn 0.745372 -0.512767 -0.426017
vn 0.767304 -0.524539 -0.368923
vn 0.578309 -0.556438 -0.596603
vn 0.724647 -0.401170 -0.560312
vn 0.858622 -0.077628 0.506697
vn 0.871441 -0.081117 0.483746
vn 1.000000 0.000000 0.000000
vn 1.000000 -0.000000 0.000000
vn -0.842448 0.538777 0.000000
vn -0.812329 0.583200 0.000000
vn 1.000000 0.000000 0.000000
vn 1.000000 0.000000 0.000000
vn 1.000000 0.000000 0.000000
vn 1.000000 -0.000000 0.000000
vn 1.000000 0.000000 0.000000
vn 1.000000 0.000000 0.000000
vn 1.000000 0.000000 0.000000
vn 1.000000 0.000000 0.000000
vn 1.000000 0.000000 0.000000
vn 1.000000 0.000000 0.000000
vn -1.000000 0.000000 0.000000
vn -1.000000 0.000000 0.000000
vn -1.000000 0.000000 0.000000
vn -1.000000 0.000000 0.000000
vn -1.000000 0.000000 0.000000
vn -0.766757 -0.641937 0.000000
vn -0.766757 -0.641937 0.000000
vn -1.000000 0.000000 0.000000
vn -1.000000 0.000000 0.000000
vn 1.000000 0.000000 0.000000
vn 1.000000 0.000000 0.000000
vn 1.000000 0.000000 0.000000
vn 1.000000 0.000000 0.000000
vn 1.000000 0.000000 0.000000
vn 1.000000 0.000000 0.000000
vn -1.000000 0.000000 0.000000
vn -1.000000 0.000000 0.000000
vn 1.000000 0.000000 0.000000
vn 1.000000 -0.000000 0.000000
vn 1.000000 0.000000 0.000000
vn 1.000000 0.000000 0.000000
vn 1.000000 0.000000 0.000000
vn 1.000000 0.000000 0.000000
vn 0.944794 0.092843 0.314236
vn 0.940855 0.102546 0.322918
vn 0.703339 -0.414789 0.577291
vn 0.688313 -0.392520 0.610044
vn 0.768014 0.152980 0.621893
vn 0.779279 0.136869 0.611548
vn 0.798910 0.505061 0.326582
vn 0.807728 0.489465 0.328633
vn 0.734454 0.675171 0.068712
vn 0.767052 0.636028 0.084265
vn 0.749614 0.661007 0.033898
vn 0.706599 0.707422 0.016497
vn 0.910269 0.410431 0.054377
vn 0.906636 0.418495 0.053607
vn 1.000000 0.000000 -0.000000
vn 1.000000 0.000000 0.000000
vn 1.000000 0.000000 0.000000
vn 1.000000 -0.000000 0.000000
vn 1.000000 0.000000 0.000000
vn 1.000000 0.000000 0.000000
vn 1.000000 0.000000 -0.000000
vn 1.000000 0.000000 0.000000
vn 1.000000 0.000000 0.000000
vn 0.968361 -0.196355 -0.154022
vn -0.937247 0.082064 0.338871
vn 0.795037 0.383487 0.469951
vn 0.794164 0.385207 0.470020
vn 0.756093 0.651866 0.058268
vn 0.737904 0.673328 0.046122
vn 0.734605 0.678297 0.016429
vn 0.702593 0.711592 0.000000
vn -0.702593 0.711592 0.000000
vn -0.722764 0.689464 -0.047444
vn 0.783941 0.312642 -0.536369
vn 0.793197 0.313313 -0.522181
vn 0.724607 0.052039 -0.687195
vn 0.714074 0.049877 -0.698291
vn -1.000000 0.000000 0.000000
vn -1.000000 0.000000 -0.000000
vn -1.000000 0.000000 0.000000
vn 1.000000 0.000000 0.000000
vn 1.000000 0.000000 0.000000
vn -0.976278 0.153620 0.152587
vn -0.975810 0.154588 0.154588
vn 1.000000 0.000000 0.000000
vn 1.000000 0.000000 0.000000
vn -1.000000 0.000000 -0.000000
vn -0.969231 0.000000 0.246154
vn -0.969231 0.000000 0.246154
vn 0.837999 0.000000 0.545672
vn 0.837999 -0.000000 0.545672
vn -0.839010 0.056164 0.541209
vn -1.000000 0.000000 0.000000
vn -1.000000 0.000000 0.000000
vn -0.817261 0.576268 0.000000
vn -0.848714 0.528563 0.017471
vn 0.000000 -1.000000 -0.000000
vn 0.000000 -1.000000 0.000000
vn 0.840069 0.542414 0.008427
vn 0.835038 0.550149 0.006852
vn -0.841709 0.539914 0.004324
vn -0.842448 0.538777 0.000000
vn -0.817261 0.576268 0.000000
vn 0.891545 0.332231 -0.307846
vn 0.881701 0.333615 -0.333622
vn 0.857510 0.066982 -0.510088
vn 0.836531 0.059176 -0.544715
vn 0.952078 0.029902 -0.304390
vn 0.944425 0.035503 -0.326803
vn -1.000000 0.000000 -0.000000
vn -1.000000 0.000000 0.000000
vn 1.000000 0.000000 0.000000
vn 1.000000 0.000000 0.000000
vn 1.000000 0.000000 0.000000
vn 1.000000 0.000000 0.000000
vn 1.000000 0.000000 0.000000
vn 1.000000 0.000000 0.000000
vn 0.881986 0.316610 0.349083
vn 0.900505 0.276172 0.335888
vn 1.000000 0.000000 0.000000
vn 1.000000 0.000000 0.000000
vn -0.000000 -1.000000 0.000000
vn 0.000000 -1.000000 0.000000
vn 1.000000 -0.000000 0.000000
vn 1.000000 0.000000 0.000000
vn 0.919147 -0.393915 0.000000
vn 0.904358 -0.425654 0.030919
vn -0.645440 -0.756403 0.106122
vn -0.637447 -0.759378 0.130407
vn -0.771700 -0.378881 -0.510812
vn -0.841489 -0.365208 -0.398144
vn 0.611482 -0.791103 0.015679
vn 0.587435 -0.807184 0.058085
vn -1.000000 0.000000 0.000000
vn -1.000000 0.000000 0.000000
vn 0.818735 0.275354 -0.503838
vn 0.834837 0.277221 -0.475601
vn 0.612620 -0.784878 -0.093080
vn 0.618332 -0.781725 -0.081060
vn 1.000000 0.000000 0.000000
vn 1.000000 0.000000 0.000000
vn 0.000000 1.000000 0.000000
vn 0.000000 1.000000 0.000000
vn -0.570926 -0.557722 -0.602487
vn 0.841489 -0.365208 -0.398144
vn 0.771700 -0.378881 -0.510812
vn -0.905825 -0.061479 0.419168
vn -0.901196 -0.064643 0.428564
vn 0.513803 -0.857908 0.000000
vn 0.513803 -0.857908 0.000000
vn -0.974044 -0.124010 -0.189368
vn -0.976947 -0.118419 -0.177629
vn 0.540763 -0.841175 0.000000
vn 0.540763 -0.841175 0.000000
vn 0.546440 -0.837281 0.019086
vn 0.550329 -0.834674 0.021399
vn -0.940277 0.339950 0.017707
vn -0.925791 0.377874 0.011075
vn -0.735463 -0.666289 -0.123098
vn -0.854275 -0.516004 -0.062889
vn -1.000000 0.000000 0.000000
vn -1.000000 0.000000 0.000000
vn -1.000000 0.000000 0.000000
vn -1.000000 0.000000 0.000000
vn -1.000000 0.000000 0.000000
vn -1.000000 0.000000 -0.000000
vn -1.000000 0.000000 0.000000
vn 0.916539 -0.399945 0.000000
vn 0.916539 -0.399945 0.000000
vn 0.702593 -0.711592 0.000000
vn 0.702593 -0.711592 0.000000
vn -1.000000 0.000000 0.000000
vn -1.000000 0.000000 0.000000
vn 1.000000 0.000000 -0.000000
vn 1.000000 0.000000 0.000000
vn 0.934488 -0.355994 0.000000
vn 0.934488 -0.355994 0.000000
vn -0.939971 -0.341165 0.007856
vn 0.773393 -0.633136 0.031657
vn 0.917937 -0.396232 0.019812
vn -0.929444 -0.365351 0.051504
vn 0.791985 -0.605253 0.080181
vn 0.927717 -0.370052 0.049022
vn 0.941471 -0.252265 0.223596
vn 0.947878 -0.243427 0.205597
vn 0.932916 -0.061095 0.354875
vn 0.942813 -0.062524 0.327407
vn -0.939359 0.000000 0.342937
vn -0.939359 0.000000 0.342937
vn -0.939359 0.000000 -0.342937
vn -0.939359 0.000000 -0.342937
vn 0.934964 0.003997 -0.354719
vn 0.934479 0.004146 -0.355993
vn -0.736443 0.000000 -0.676500
vn -0.736443 0.000000 -0.676500
vn 0.000000 -1.000000 0.000000
vn 0.000000 -1.000000 -0.000000
vn 0.925232 0.077248 0.371455
vn 0.932934 0.078636 0.351355
vn 0.617374 -0.524369 -0.586419
vn 0.562546 -0.483055 -0.670969
vn 1.000000 0.000000 -0.000000
vn 1.000000 0.000000 0.000000
vn 1.000000 0.000000 -0.000000
vn 1.000000 0.000000 0.000000
vn 1.000000 0.000000 0.000000
vn 1.000000 0.000000 0.000000
vn 0.000000 -0.960620 -0.277865
vn 0.000000 -0.960620 -0.277865
vn -0.945293 0.098737 0.310920
vn -0.948961 0.089367 0.302469
vn 0.519429 -0.854400 -0.013923
vn 0.540763 -0.841175 0.000000
vn -0.910427 0.054901 0.410011
vn 1.000000 0.000000 -0.000000
vn 0.968277 -0.249879 0.000000
vn 0.896133 0.442749 0.030328
vn 0.892211 0.450694 0.028888
vn 0.890600 0.454787 -0.000000
vn 0.890600 0.454787 0.000000
vn 1.000000 0.000000 0.000000
vn 1.000000 0.000000 0.000000
vn 1.000000 0.000000 0.000000
vn 1.000000 0.000000 0.000000
vn 0.790144 0.185511 0.584173
vn 0.817347 0.137624 0.559468
vn -1.000000 0.000000 0.000000
vn 1.000000 0.000000 0.000000
vn 1.000000 0.000000 0.000000
vn -1.000000 0.000000 -0.000000
vn 1.000000 0.000000 0.000000
vn 1.000000 0.000000 0.000000
vn 0.000000 -0.986948 0.161040
vn 0.000000 -0.986948 0.161040
vn 0.961809 0.030443 0.272022
vn 0.955136 0.030571 0.294584
vn -1.000000 0.000000 0.000000
vn -1.000000 0.000000 0.000000
vn 0.959767 0.280662 0.008735
vn 0.959131 0.282810 0.009348
vn 0.958796 0.284096 0.000000
vn 0.958796 0.284096 0.000000
vn 0.958788 0.284093 0.003988
vn 0.960053 0.279796 0.003485
vn 0.960195 0.279330 0.000000
vn 0.946392 0.323011 0.002587
vn 0.946381 0.323041 0.002692
vn 0.960192 0.279341 0.000000
vn 0.960782 0.277257 -0.005170
vn 0.946647 0.322272 0.000000
vn 0.000000 -1.000000 0.000000
vn 0.000000 -1.000000 0.000000
vn 0.648381 -0.761298 -0.005294
vn 0.643190 -0.765707 0.000000
vn 1.000000 0.000000 -0.000000
vn 1.000000 0.000000 0.000000
vn 1.000000 0.000000 -0.000000
vn 1.000000 0.000000 0.000000
vn 1.000000 0.000000 -0.000000
vn 1.000000 0.000000 0.000000
vn -0.321168 -0.000000 -0.947022
vn -0.336855 -0.006386 -0.941535
vn -0.348060 -0.019818 -0.937263
vn -0.311437 -0.000000 -0.950267
vn -0.575611 -0.351323 -0.738406
vn -0.624274 -0.392076 -0.675691
vn -0.734657 -0.592428 -0.330618
vn -0.690733 -0.717991 -0.085886
vn 0.906121 -0.422650 -0.017661
vn 0.892521 -0.451006 0.000000
vn -1.000000 0.000000 0.000000
vn -1.000000 -0.000000 0.000000
vn 0.637447 -0.759378 0.130407
vn 0.646423 -0.755989 0.103037
vn 0.648702 -0.758654 0.060254
vn 0.662783 -0.748529 0.020552
vn 0.663287 -0.748365 0.000000
vn 0.663287 -0.748365 0.000000
vn -1.000000 -0.000000 0.000000
vn -1.000000 0.000000 0.000000
vn 0.659543 -0.745711 -0.094440
vn 0.655346 -0.750596 -0.084423
vn 0.645210 -0.706191 -0.291544
vn 0.556857 -0.729532 -0.397108
vn -1.000000 0.000000 0.000000
vn -1.000000 -0.000000 0.000000
vn -0.550329 -0.834674 0.021399
vn -0.546440 -0.837281 0.019087
vn -0.496472 -0.614443 -0.613169
vn 0.405073 -0.703196 -0.584321
vn 0.481621 -0.652090 -0.585508
vn 0.316468 -0.867844 -0.383008
vn 0.239555 -0.914393 -0.326341
vn 0.069107 -0.997609 0.000000
vn 0.069107 -0.997609 0.000000
vn 0.076046 -0.996972 -0.016247
vn 0.054977 -0.998488 0.000000
vn 1.000000 0.000000 0.000000
vn 1.000000 0.000000 0.000000
vn 0.056817 -0.998125 0.022753
vn 0.069107 -0.997609 0.000000
vn 0.068007 -0.997677 -0.003986
vn 0.071062 -0.997286 -0.019233
vn 1.000000 0.000000 0.000000
vn 1.000000 0.000000 0.000000
vn -0.090982 -0.994861 -0.044431
vn -0.437791 -0.898182 -0.040113
vn -1.000000 0.000000 0.000000
vn -1.000000 0.000000 0.000000
vn -1.000000 0.000000 0.000000
vn -0.331181 -0.933155 -0.139788
vn -0.322380 -0.939120 -0.118846
vn -1.000000 0.000000 0.000000
vn -1.000000 0.000000 0.000000
vn -1.000000 0.000000 0.000000
vn 0.916539 -0.399945 0.000000
vn 0.916539 -0.399945 0.000000
vn 0.702593 -0.711592 0.000000
vn 0.702593 -0.711592 0.000000
vn 1.000000 0.000000 -0.000000
vn 1.000000 0.000000 0.000000
vn -1.000000 0.000000 0.000000
vn -1.000000 0.000000 0.000000
vn -0.734797 -0.678287 0.000000
vn -1.000000 0.000000 0.000000
vn -1.000000 0.000000 0.000000
vn 0.835699 -0.548923 -0.017019
vn 0.858925 -0.511855 -0.015869
vn 0.000000 -1.000000 0.000000
vn 0.000000 -1.000000 0.000000
vn 0.998924 -0.000458 -0.046380
vn 0.998565 -0.002105 -0.053502
vn -0.974857 -0.222829 0.000000
vn -0.974858 -0.222829 0.000000
vn 0.763049 0.000000 0.646340
vn 0.763049 -0.000000 0.646340
vn 0.736443 0.000000 0.676500
vn 0.736443 -0.000000 0.676500
vn 1.000000 0.000000 0.000000
vn 1.000000 0.000000 0.000000
vn 1.000000 0.000000 0.000000
vn 1.000000 0.000000 0.000000
vn 1.000000 0.000000 0.000000
vn 1.000000 0.000000 0.000000
vn 0.000000 -1.000000 0.000000
vn -0.000000 -1.000000 0.000000
vn 1.000000 0.000000 -0.000000
vn 1.000000 0.000000 0.000000
vn 1.000000 0.000000 -0.000000
vn 1.000000 0.000000 0.000000
vn 1.000000 0.000000 -0.000000
vn 1.000000 0.000000 0.000000
vn 1.000000 0.000000 -0.000000
vn 1.000000 0.000000 0.000000
vn 1.000000 0.000000 0.000000
vn 1.000000 0.000000 0.000000
vn -0.000000 -1.000000 0.000000
vn 0.000000 -1.000000 0.000000
vn 1.000000 0.000000 -0.000000
vn 1.000000 0.000000 0.000000
vn 0.000000 0.979608 0.200916
vn -0.000000 0.979608 0.200916
vn 0.076696 -0.997055 0.000000
vn 0.076696 -0.997055 0.000000
vn 0.809030 -0.110252 0.577334
vn 0.781610 -0.101630 0.615432
vn -1.000000 0.000000 -0.000000
vn -1.000000 0.000000 0.000000
vn -1.000000 0.000000 -0.000000
vn 0.447196 -0.620975 -0.643744
vn 0.430347 -0.639356 -0.637202
vn 1.000000 0.000000 0.000000
vn 1.000000 0.000000 0.000000
vn -1.000000 0.000000 -0.000000
vn -1.000000 0.000000 0.000000
vn -1.000000 0.000000 -0.000000
vn -1.000000 0.000000 0.000000
vn 1.000000 0.000000 0.000000
vn 1.000000 0.000000 0.000000
vn 1.000000 0.000000 0.000000
vn 1.000000 0.000000 0.000000
vn 0.657942 -0.753068 0.000000
vn 0.644924 -0.764068 0.016537
vn 0.498474 0.000000 -0.866904
vn 0.371306 0.021952 -0.928251
vn 1.000000 0.000000 0.000000
vn 1.000000 0.000000 0.000000
vn -1.000000 0.000000 0.000000
vn -1.000000 0.000000 0.000000
vn 0.735678 -0.677171 -0.014764
vn 0.763530 -0.645619 -0.014076
vn 1.000000 -0.000000 0.000000
vn 1.000000 0.000000 0.000000
vn 1.000000 0.000000 -0.000000
vn 1.000000 0.000000 0.000000
vn 0.000000 -1.000000 0.000000
vn 0.000000 -1.000000 0.000000
vn 0.321168 0.000000 -0.947022
vn 0.321168 0.000000 -0.947022
vn -0.303372 -0.004381 -0.952862
vn -0.291160 -0.000000 -0.956674
vn -0.313764 -0.026147 -0.949141
vn -0.296864 -0.016903 -0.954770
vn -0.534597 -0.320820 -0.781844
vn -0.575631 -0.351320 -0.738392
vn 0.766272 -0.640602 -0.049563
vn 0.540514 -0.715582 0.442478
vn -0.515469 -0.532163 0.671635
vn -0.579982 -0.564997 0.586855
vn 0.694023 -0.712003 0.106696
vn 0.722063 -0.691828 0.000000
vn 0.865341 -0.495695 -0.073961
vn 0.843340 -0.535987 -0.038679
vn -1.000000 0.000000 0.000000
vn -1.000000 0.000000 0.000000
vn 0.722063 -0.691828 0.000000
vn 0.722063 -0.691828 0.000000
vn 0.712479 -0.696220 -0.087475
vn 0.701012 -0.710628 -0.059916
vn -1.000000 0.000000 0.000000
vn -1.000000 -0.000000 0.000000
vn 0.613683 -0.534783 -0.580861
vn 0.575584 -0.705631 -0.413265
vn 0.494051 -0.692250 -0.526027
vn 0.395445 -0.697395 -0.597715
vn 0.274198 -0.908076 -0.316564
vn 0.177711 -0.955718 -0.234566
vn 0.782065 0.049344 -0.621241
vn 0.775034 0.047717 -0.630115
vn -0.773393 -0.633136 0.031657
vn -0.923889 -0.382182 0.019109
vn 0.076696 -0.997055 0.000000
vn 0.076696 -0.997055 0.000000
vn 0.000000 -0.986948 0.161040
vn 0.000000 -0.986948 0.161040
vn 0.071078 -0.997285 -0.019237
vn 0.072919 -0.996976 -0.026882
vn 0.053055 -0.996480 -0.064901
vn 0.075336 -0.995099 -0.064047
vn -0.947937 0.168587 0.270173
vn -0.958722 0.132432 0.251621
vn -0.546538 -0.837424 0.004224
vn -0.878116 -0.459008 0.134998
vn -0.888489 -0.433881 0.149451
vn 0.816279 -0.563647 -0.126458
vn 1.000000 0.000000 0.000000
vn -1.000000 0.000000 0.000000
vn -1.000000 0.000000 0.000000
vn -1.000000 0.000000 0.000000
vn 0.916539 -0.399945 0.000000
vn 0.916539 -0.399945 0.000000
vn 0.702593 -0.711592 0.000000
vn 0.736306 -0.676374 -0.019254
vn 0.736443 -0.676500 0.000000
vn 0.736443 -0.676500 0.000000
vn -0.702582 -0.711602 0.000000
vn 1.000000 0.000000 0.000000
vn 1.000000 0.000000 0.000000
vn -0.619287 -0.780972 -0.081040
vn -0.613547 -0.784150 -0.093110
vn 0.826755 -0.419686 0.374619
vn 0.812171 -0.423179 0.401618
vn 0.772991 -0.103366 0.625939
vn 0.754622 -0.097866 0.648821
vn 0.905825 -0.061479 0.419168
vn 0.901196 -0.064643 0.428564
vn 1.000000 0.000000 -0.000000
vn 1.000000 0.000000 0.000000
vn 1.000000 0.000000 0.000000
vn 1.000000 0.000000 0.000000
vn 1.000000 0.000000 0.000000
vn 1.000000 0.000000 0.000000
vn -1.000000 0.000000 0.000000
vn -1.000000 -0.000000 0.000000
vn -1.000000 0.000000 0.000000
vn -1.000000 0.000000 0.000000
vn 0.761551 0.000000 -0.648105
vn 0.839370 0.008168 -0.543500
vn 1.000000 0.000000 0.000000
vn 1.000000 0.000000 -0.000000
vn 0.934487 0.000000 -0.355996
vn 0.934487 0.000000 -0.355996
vn 1.000000 0.000000 -0.000000
vn 1.000000 0.000000 0.000000
vn 1.000000 0.000000 -0.000000
vn 1.000000 0.000000 0.000000
vn 0.976960 -0.181723 0.111916
vn 0.983646 -0.145930 0.105567
vn -1.000000 -0.000000 0.000000
vn -1.000000 0.000000 0.000000
vn 0.300719 0.000000 -0.953713
vn 0.300719 0.000000 -0.953713
vn 1.000000 -0.000000 0.000000
vn 1.000000 0.000000 0.000000
vn 1.000000 0.000000 0.000000
vn 1.000000 0.000000 0.000000
vn 0.842448 -0.538777 0.000000
vn 0.842448 -0.538777 0.000000
vn -0.577168 -0.557452 -0.596762
vn -0.724647 -0.401170 -0.560312
vn -1.000000 0.000000 -0.000000
vn -1.000000 0.000000 0.000000
vn 1.000000 -0.000000 0.000000
vn 1.000000 0.000000 0.000000
vn 0.842305 -0.538686 -0.018420
vn 0.839643 -0.542892 -0.016392
vn 0.625561 -0.637992 0.449043
vn 0.465225 -0.554214 0.690226
vn -0.959131 0.282810 0.009348
vn -0.959767 0.280662 0.008735
vn 1.000000 0.000000 0.000000
vn 1.000000 0.000000 0.000000
vn 1.000000 0.000000 0.000000
vn 1.000000 0.000000 0.000000
vn 1.000000 0.000000 0.000000
vn 1.000000 0.000000 0.000000
vn 1.000000 -0.000000 0.000000
vn 1.000000 0.000000 0.000000
vn 0.965363 0.000000 -0.260912
vn 0.973952 0.010723 -0.226501
vn 1.000000 0.000000 0.000000
vn 1.000000 0.000000 0.000000
vn 1.000000 -0.000000 0.000000
vn 1.000000 0.000000 0.000000
vn 1.000000 0.000000 0.000000
vn 1.000000 0.000000 0.000000
vn 1.000000 0.000000 -0.000000
vn 1.000000 0.000000 0.000000
vn 0.678606 -0.054328 0.732491
vn 0.687641 -0.051597 0.724216
vn 0.321168 0.000000 -0.947022
vn 0.321168 0.000000 -0.947022
vn 0.763045 0.000000 -0.646346
vn 0.763045 0.000000 -0.646346
vn 0.859765 0.000000 -0.510690
vn 0.859765 0.000000 -0.510690
vn 0.859765 0.000000 -0.510690
vn 0.859765 0.000000 -0.510690
vn 0.873842 -0.072820 -0.480725
vn 0.875320 -0.070971 -0.478307
vn 0.587802 -0.808658 0.023701
vn 0.693690 -0.694311 -0.191641
vn -0.249720 -0.926941 -0.280037
vn -0.240931 -0.930868 -0.274658
vn -0.183030 -0.078002 0.980008
vn -0.165763 -0.102774 0.980796
vn -0.222312 -0.103932 0.969420
vn -0.180497 -0.186321 0.965767
vn 0.634720 -0.403388 0.659097
vn 0.682231 -0.387808 0.619812
vn 0.859645 -0.510893 0.000000
vn 0.859644 -0.510893 0.000000
vn -1.000000 -0.000000 0.000000
vn -1.000000 0.000000 0.000000
vn 0.870332 -0.492466 0.000000
vn 0.870332 -0.492466 0.000000
vn 0.870332 -0.492466 0.000000
vn 0.870332 -0.492466 0.000000
vn -1.000000 0.000000 0.000000
vn -1.000000 0.000000 0.000000
vn -0.917145 -0.281673 -0.281968
vn -0.000000 -0.960620 -0.277865
vn 0.000000 -0.960620 -0.277865
vn 0.115053 -0.992851 -0.031780
vn 0.068459 -0.997553 -0.014228
vn -1.000000 0.000000 0.000000
vn -1.000000 0.000000 0.000000
vn 0.548578 -0.169888 0.818657
vn 0.798506 -0.070815 0.597807
vn -0.968277 -0.249879 -0.000000
vn -0.842448 -0.538777 0.000000
vn 0.322380 -0.939120 -0.118846
vn 0.331181 -0.933155 -0.139788
vn 0.212564 -0.937844 -0.274345
vn 0.229948 -0.931665 -0.281291
vn 0.241492 -0.930621 -0.275003
vn 0.249720 -0.926941 -0.280037
vn 0.873686 -0.483880 -0.050324
vn 0.849403 -0.526048 -0.042296
vn -1.000000 0.000000 -0.000000
vn -1.000000 0.000000 0.000000
vn -1.000000 0.000000 0.000000
vn 0.905874 -0.420499 0.050720
vn 0.767961 -0.635887 0.076700
vn -0.893060 -0.449756 -0.012803
vn 0.890609 -0.454769 0.000000
vn 0.890609 -0.454769 0.000000
vn 0.890609 -0.454769 0.000000
vn 0.890609 -0.454769 0.000000
vn -0.893577 -0.448820 0.009023
vn -0.908390 -0.415292 0.048580
vn 0.940524 -0.246418 0.233863
vn 0.930176 -0.259589 0.259589
vn 1.000000 0.000000 -0.000000
vn 1.000000 0.000000 0.000000
vn 1.000000 0.000000 0.000000
vn 1.000000 0.000000 -0.000000
vn 1.000000 0.000000 0.000000
vn 1.000000 0.000000 -0.000000
vn 1.000000 -0.000000 0.000000
vn 1.000000 0.000000 0.000000
vn -1.000000 0.000000 0.000000
vn -1.000000 -0.000000 0.000000
vn 0.979603 0.000000 -0.200944
vn 0.979603 0.000000 -0.200944
vn -0.859645 -0.510893 0.000000
vn -0.859645 -0.510893 0.000000
vn -0.979603 0.000000 -0.200944
vn -0.979603 0.000000 -0.200944
vn 1.000000 -0.000000 0.000000
vn 1.000000 0.000000 0.000000
vn 1.000000 -0.000000 0.000000
vn 1.000000 0.000000 0.000000
vn 0.000000 -0.067005 0.997753
vn -0.009054 -0.067002 0.997712
vn -0.623655 -0.058441 0.779512
vn -1.000000 -0.000000 0.000000
vn -1.000000 0.000000 0.000000
vn 0.009055 -0.067002 0.997712
vn -0.031764 -0.066971 0.997249
vn -0.031744 -0.066979 0.997249
vn -0.142101 -0.066332 0.987627
vn -0.164048 -0.057488 0.984776
vn -0.548578 -0.169888 0.818657
vn -0.798506 -0.070815 0.597807
vn 1.000000 -0.000000 0.000000
vn 1.000000 0.000000 0.000000
vn 1.000000 -0.000000 0.000000
vn 1.000000 0.000000 0.000000
vn 1.000000 0.000000 0.000000
vn 1.000000 0.000000 0.000000
vn 0.997864 -0.065319 0.000000
vn 0.997864 -0.065319 0.000000
vn -1.000000 0.000000 0.000000
vn 1.000000 -0.000000 0.000000
vn 1.000000 0.000000 -0.000000
vn -1.000000 0.000000 0.000000
vn -1.000000 0.000000 0.000000
vn -1.000000 0.000000 0.000000
vn -1.000000 0.000000 0.000000
vn 1.000000 0.000000 0.000000
vn 1.000000 0.000000 -0.000000
vn -1.000000 0.000000 0.000000
vn -0.008511 -0.321254 0.946955
vn -0.055567 -0.295147 0.953835
vn -1.000000 0.000000 0.000000
vn -1.000000 0.000000 0.000000
vn -1.000000 0.000000 -0.000000
vn 1.000000 0.000000 0.000000
vn 1.000000 0.000000 0.000000
vn -1.000000 0.000000 0.000000
vn -1.000000 -0.000000 0.000000
vn -0.922578 -0.385811 0.000000
vn -0.922578 -0.385811 0.000000
vn 1.000000 0.000000 0.000000
vn 1.000000 0.000000 0.000000
vn -1.000000 0.000000 0.000000
vn -1.000000 0.000000 -0.000000
vn 1.000000 0.000000 0.000000
vn 1.000000 0.000000 0.000000
vn 1.000000 0.000000 0.000000
vn 1.000000 0.000000 0.000000
vn -1.000000 0.000000 0.000000
vn -1.000000 0.000000 0.000000
vn -0.951830 -0.234255 0.197850
vn -0.945867 -0.242881 0.215278
vn 1.000000 0.000000 0.000000
vn 1.000000 0.000000 0.000000
vn 1.000000 0.000000 0.000000
vn 1.000000 0.000000 -0.000000
vn -1.000000 0.000000 0.000000
vn -1.000000 0.000000 0.000000
vn 1.000000 0.000000 0.000000
vn 1.000000 0.000000 0.000000
vn 1.000000 -0.000000 0.000000
vn 1.000000 0.000000 0.000000
vn 1.000000 0.000000 0.000000
vn 1.000000 0.000000 0.000000
vn -1.000000 0.000000 0.000000
vn -1.000000 0.000000 0.000000
vn 1.000000 0.000000 0.000000
vn 1.000000 0.000000 0.000000
vn 1.000000 0.000000 0.000000
vn 0.999864 -0.007600 -0.014649
vn -0.736443 -0.676500 0.000000
vn -0.736443 -0.676500 0.000000
vn 1.000000 0.000000 0.000000
vn 1.000000 0.000000 0.000000
vn 0.321168 0.000000 -0.947022
vn 0.321168 0.000000 -0.947022
vn -1.000000 0.000000 0.000000
vn -1.000000 0.000000 0.000000
vn 0.859765 0.000000 -0.510690
vn 0.859765 0.000000 -0.510690
vn -1.000000 0.000000 0.000000
vn -1.000000 0.000000 0.000000
vn 0.999904 -0.013864 0.000000
vn 0.999904 -0.013864 0.000000
vn 0.000000 0.000000 1.000000
vn -0.000000 0.000000 1.000000
vn -0.026477 0.000000 0.999649
vn -0.026477 0.000000 0.999649
vn -0.026485 0.000000 0.999649
vn -0.026485 0.000000 0.999649
vn 1.000000 0.000000 0.000000
vn 1.000000 0.000000 0.000000
vn -0.622264 0.000000 -0.782807
vn -0.622264 0.000000 -0.782807
vn 0.026565 -0.000000 0.999647
vn 0.026565 0.000000 0.999647
vn 1.000000 0.000000 0.000000
vn 1.000000 0.000000 0.000000
vn 1.000000 0.000000 0.000000
vn 1.000000 0.000000 0.000000
vn 0.145672 -0.011662 0.989264
vn 0.144949 -0.012144 0.989365
vn 0.143506 -0.012023 0.989576
vn 0.145122 -0.010627 0.989357
vn 0.966873 0.174816 -0.186003
vn 0.960406 0.197002 -0.197006
vn -0.655195 -0.750562 -0.085881
vn -0.658766 -0.746399 -0.094419
vn 0.996856 -0.079237 0.000000
vn 0.996856 -0.079237 0.000000
vn 0.996856 -0.079237 0.000000
vn 0.996856 -0.079237 0.000000
vn -1.000000 0.000000 -0.000000
vn -1.000000 0.000000 0.000000
vn 0.994593 -0.081687 -0.064119
vn 0.991114 -0.131556 -0.019627
vn -0.932027 -0.226884 -0.282574
vn 0.922455 -0.375883 -0.088248
vn 0.934090 -0.353852 -0.047596
vn 0.931765 -0.363062 0.000000
vn 0.931765 -0.363062 0.000000
vn 0.931765 -0.363062 0.000000
vn 0.931765 -0.363062 0.000000
vn 0.931765 -0.363062 0.000000
vn 0.931765 -0.363062 0.000000
vn 0.931765 -0.363062 0.000000
vn 0.931765 -0.363062 0.000000
vn -0.927891 -0.370192 -0.044462
vn -0.891995 -0.451946 0.009444
vn -0.807728 0.489465 0.328633
vn -0.798910 0.505061 0.326582
vn -0.839546 0.543246 0.006766
vn -0.844477 0.535527 0.008320
vn 0.837999 -0.545672 0.000000
vn 0.863109 -0.505018 0.000000
vn 1.000000 0.000000 0.000000
vn 1.000000 -0.000000 0.000000
vn 1.000000 0.000000 0.000000
vn 1.000000 0.000000 0.000000
vn 0.972182 0.158565 0.172395
vn 0.955875 0.186577 0.226920
vn 1.000000 0.000000 0.000000
vn 1.000000 0.000000 0.000000
vn 0.767433 -0.640896 -0.017266
vn 0.734797 -0.678287 0.000000
vn 0.498474 0.000000 -0.866904
vn 0.758092 0.019655 -0.651852
vn 0.163505 -0.057493 0.984866
vn 0.141627 -0.066337 0.987695
vn 1.000000 0.000000 0.000000
vn 1.000000 0.000000 -0.000000
vn -1.000000 0.000000 0.000000
vn -1.000000 0.000000 -0.000000
vn -0.827475 0.000000 0.561502
vn -0.827476 0.000000 0.561502
vn -0.158383 0.000000 0.987378
vn -0.158383 0.000000 0.987378
vn 0.999757 -0.022033 0.000000
vn 0.999757 -0.022033 0.000000
vn 0.999772 0.000644 -0.021341
vn 0.999788 0.001835 -0.020507
vn 0.859765 0.000000 -0.510690
vn 0.859765 0.000000 -0.510690
vn 1.000000 0.000000 0.000000
vn 1.000000 -0.000000 0.000000
vn 1.000000 0.000000 0.000000
vn 1.000000 -0.000000 0.000000
vn -1.000000 0.000000 0.000000
vn -1.000000 0.000000 0.000000
vn 0.999904 -0.013864 0.000000
vn 0.999904 -0.013864 0.000000
vn 1.000000 0.000000 -0.000000
vn 1.000000 0.000000 0.000000
vn 0.000000 -1.000000 0.000000
vn 0.000000 -1.000000 0.000000
vn 0.979338 0.006095 -0.202141
vn 0.996041 0.008428 -0.088492
vn 0.979398 0.004774 -0.201882
vn 0.944205 0.024848 -0.328421
vn -1.000000 0.000000 -0.000000
vn -1.000000 0.000000 0.000000
vn -1.000000 0.000000 -0.000000
vn -1.000000 0.000000 0.000000
vn -1.000000 0.000000 -0.000000
vn -0.996283 0.001295 -0.086135
vn -0.957404 0.273330 0.093101
vn -0.957250 0.273773 0.093388
vn 1.000000 0.000000 0.000000
vn 1.000000 0.000000 0.000000
vn 0.546527 -0.837408 -0.007524
vn 0.855524 -0.511684 -0.079108
vn 0.996856 -0.079237 0.000000
vn 0.996856 -0.079237 0.000000
vn -0.389729 -0.779575 -0.490279
vn -0.577333 -0.577419 -0.577299
vn 0.695814 0.000000 -0.718222
vn 0.522389 -0.522311 -0.674018
vn 0.971760 -0.235972 0.000000
vn 0.971760 -0.235972 0.000000
vn -0.017408 -0.241500 0.970245
vn -0.032310 -0.239116 0.970453
vn 0.761477 -0.013985 -0.648041
vn 0.840299 0.000000 -0.542123
vn 0.999773 0.000000 -0.021327
vn 0.999772 0.000000 -0.021327
vn 0.300719 0.000000 -0.953713
vn 0.300719 0.000000 -0.953713
vn 1.000000 -0.000000 0.000000
vn 1.000000 0.000000 0.000000
vn -1.000000 0.000000 -0.000000
vn -0.931765 -0.363062 0.000000
vn -0.931765 -0.363062 -0.000000
vn -1.000000 0.000000 0.000000
vn 0.226160 -0.226177 0.947468
vn -0.519231 -0.206425 0.829330
vn -0.788783 -0.475362 -0.389682
vn -0.812566 -0.434838 -0.388140
vn -0.643668 -0.706756 -0.293578
vn -0.556857 -0.729531 -0.397108
vn -0.776969 -0.071120 -0.625508
vn -0.933665 -0.040461 -0.355855
vn 1.000000 0.000000 0.000000
vn 1.000000 -0.000000 0.000000
vn -0.007114 0.000000 -0.999975
vn -0.007114 0.000000 -0.999975
vn -0.007033 -0.491002 -0.871130
vn -0.006105 -0.502901 -0.864322
vn -1.000000 0.000000 -0.000000
vn 0.387566 -0.921842 0.000000
vn 0.387566 -0.921842 0.000000
vn -1.000000 0.000000 -0.000000
vn -1.000000 0.000000 -0.000000
vn -1.000000 0.000000 -0.000000
vn -1.000000 0.000000 0.000000
vn -1.000000 0.000000 0.000000
vn 1.000000 0.000000 -0.000000
vn 1.000000 0.000000 0.000000
vn -1.000000 -0.000000 0.000000
vn -1.000000 0.000000 0.000000
vn -1.000000 0.000000 0.000000
vn 0.858522 -0.391748 0.330868
vn 0.848530 -0.394758 0.352368
vn 1.000000 0.000000 0.000000
vn 1.000000 0.000000 0.000000
vn 1.000000 0.000000 0.000000
vn 1.000000 0.000000 0.000000
vn 1.000000 0.000000 0.000000
vn 1.000000 0.000000 0.000000
vn 1.000000 -0.000000 0.000000
vn 1.000000 0.000000 0.000000
vn 1.000000 -0.000000 0.000000
vn 1.000000 0.000000 0.000000
vn 1.000000 0.000000 0.000000
vn 1.000000 0.000000 0.000000
vn 1.000000 0.000000 0.000000
vn 1.000000 0.000000 0.000000
vn -1.000000 0.000000 0.000000
vn -1.000000 0.000000 0.000000
vn -1.000000 -0.000000 0.000000
vn -1.000000 0.000000 0.000000
vn 1.000000 0.000000 0.000000
vn 1.000000 0.000000 0.000000
vn -1.000000 0.000000 0.000000
vn -1.000000 0.000000 0.000000
vn 1.000000 -0.000000 0.000000
vn 1.000000 0.000000 0.000000
vn -1.000000 0.000000 0.000000
vn -1.000000 0.000000 0.000000
vn 1.000000 -0.000000 0.000000
vn 1.000000 0.000000 0.000000
vn 1.000000 0.000000 0.000000
vn 1.000000 0.000000 0.000000
vn 0.321168 0.000000 -0.947022
vn 0.321168 0.000000 -0.947022
vn 0.976952 -0.183042 -0.109824
vn 0.976953 -0.183036 -0.109823
vn 0.996729 -0.080815 0.000000
vn 0.996729 -0.080815 0.000000
vn 1.000000 0.000000 0.000000
vn 1.000000 0.000000 0.000000
vn 1.000000 0.000000 0.000000
vn 1.000000 -0.000000 0.000000
vn 0.999904 -0.013864 0.000000
vn 0.999904 -0.013864 0.000000
vn 0.007063 0.000000 -0.999975
vn 0.007063 0.000000 -0.999975
vn 0.684802 -0.728729 0.000000
vn 0.684802 -0.728729 0.000000
vn 1.000000 0.000000 -0.000000
vn 1.000000 0.000000 0.000000
vn 0.558591 -0.592998 0.579939
vn 0.530056 -0.579560 0.618992
vn -0.308397 -0.237287 0.921188
vn -0.157740 -0.113900 0.980890
vn -0.540763 -0.841175 0.000000
vn -0.540763 -0.841175 -0.000000
vn 0.161766 -0.029238 0.986396
vn 0.144731 -0.017666 0.989313
vn 1.000000 -0.000000 0.000000
vn 1.000000 0.000000 -0.000000
vn 0.999757 -0.022033 0.000000
vn 0.999757 -0.022033 0.000000
vn -1.000000 0.000000 0.000000
vn -1.000000 0.000000 0.000000
vn 1.000000 -0.000000 0.000000
vn 1.000000 0.000000 0.000000
vn -1.000000 -0.000000 0.000000
vn -1.000000 0.000000 0.000000
vn 1.000000 0.000000 0.000000
vn 1.000000 0.000000 0.000000
vn 0.998593 -0.046484 -0.025533
vn 0.997864 -0.065319 0.000000
vn 1.000000 0.000000 -0.000000
vn 1.000000 0.000000 0.000000
vn 0.997864 -0.065319 0.000000
vn 0.997864 -0.065319 0.000000
vn 0.997864 -0.065319 0.000000
vn 0.997864 -0.065319 0.000000
vn 0.997864 -0.065319 0.000000
vn 0.997864 -0.065319 0.000000
vn 0.897815 -0.206633 -0.388884
vn 0.895660 -0.203429 -0.395486
vn -0.321168 0.000000 -0.947022
vn -0.321168 0.000000 -0.947022
vn 0.508677 -0.342020 -0.790108
vn 0.509837 -0.340675 -0.789941
vn 0.704812 -0.704917 0.079574
vn 0.470537 -0.882380 0.000000
vn -1.000000 0.000000 0.000000
vn -0.145122 -0.010627 0.989357
vn -0.143506 -0.012023 0.989576
vn -1.000000 0.000000 0.000000
vn -0.849457 -0.281274 -0.446440
vn -0.845208 -0.287134 -0.450752
vn 1.000000 0.000000 0.000000
vn 1.000000 0.000000 -0.000000
vn -1.000000 0.000000 0.000000
vn -1.000000 0.000000 0.000000
vn 1.000000 0.000000 0.000000
vn 1.000000 0.000000 0.000000
vn 1.000000 0.000000 0.000000
vn 1.000000 -0.000000 0.000000
vn -1.000000 -0.000000 0.000000
vn -1.000000 0.000000 0.000000
vn 1.000000 0.000000 0.000000
vn 1.000000 0.000000 0.000000
vn -0.026485 0.000000 0.999649
vn -0.026485 0.000000 0.999649
vn 0.916536 -0.399952 0.000000
vn 0.934445 -0.355978 -0.009590
vn 0.902748 0.000000 -0.430169
vn 0.902748 0.000000 -0.430169
vn 0.612590 0.000000 -0.790401
vn 0.612590 0.000000 -0.790401
vn -0.979603 0.000000 -0.200944
vn -1.000000 0.000000 0.000000
vn -1.000000 -0.000000 0.000000
vn 1.000000 -0.000000 0.000000
vn 1.000000 0.000000 0.000000
vn -1.000000 0.000000 0.000000
vn -1.000000 0.000000 0.000000
vn -1.000000 0.000000 -0.000000
vn -1.000000 0.000000 0.000000
vn -1.000000 0.000000 -0.000000
vn -1.000000 0.000000 0.000000
vn -1.000000 0.000000 -0.000000
vn -1.000000 0.000000 0.000000
vn -1.000000 0.000000 0.000000
vn 1.000000 0.000000 0.000000
vn 0.998617 0.004033 -0.052427
vn -1.000000 -0.000000 0.000000
vn -1.000000 0.000000 0.000000
vn -1.000000 0.000000 0.000000
vn -1.000000 -0.000000 0.000000
vn 0.998564 -0.001156 -0.053553
vn 0.997300 -0.005860 -0.073197
vn -1.000000 0.000000 0.000000
vn -1.000000 0.000000 0.000000
vn -1.000000 0.000000 0.000000
vn -1.000000 0.000000 0.000000
vn -0.979603 0.000000 -0.200944
vn -0.979603 0.000000 -0.200944
vn 0.007056 0.000000 -0.999975
vn 0.007056 0.000000 -0.999975
vn -0.989586 0.000000 -0.143946
vn -0.692653 -0.692550 -0.201508
vn -0.702582 0.711602 0.000000
vn -0.702583 0.711602 0.000000
vn 0.000000 -1.000000 0.000000
vn 0.000000 -1.000000 0.000000
vn -0.839559 0.543255 0.003933
vn -0.834389 0.551161 0.003990
vn 0.054977 -0.998488 0.000000
vn 0.054977 -0.998488 0.000000
vn 0.000000 -1.000000 0.000000
vn 0.000000 -1.000000 0.000000
vn -0.842448 -0.538777 0.000000
vn -0.863578 -0.503985 -0.015217
vn -0.077979 -0.237251 0.968314
vn -0.160804 -0.200547 0.966397
vn -0.693153 -0.693049 -0.198045
vn -0.693153 -0.693049 -0.198045
vn -0.890085 -0.366583 0.270862
vn -0.902102 -0.356800 0.242705
vn -1.000000 0.000000 0.000000
vn -1.000000 0.000000 0.000000
vn 0.961524 0.000000 -0.274723
vn 0.965225 0.007887 -0.261301
vn 0.157858 0.000000 0.987462
vn 0.157858 0.000000 0.987462
vn 0.999789 0.000971 -0.020507
vn 0.999839 0.003002 -0.017695
vn 1.000000 -0.000000 0.000000
vn 1.000000 0.000000 0.000000
vn -0.958257 0.285896 0.002714
vn -0.960193 0.279330 0.002217
vn -1.000000 0.000000 0.000000
vn -1.000000 0.000000 0.000000
vn 0.000000 -0.330606 0.943769
vn 0.309816 -0.309839 0.898896
vn 0.993532 0.000000 -0.113549
vn 0.989551 -0.008402 -0.143941
vn 1.000000 -0.000000 0.000000
vn 1.000000 0.000000 0.000000
vn 1.000000 0.000000 0.000000
vn 1.000000 0.000000 0.000000
vn -1.000000 0.000000 0.000000
vn -1.000000 -0.000000 0.000000
vn -0.166085 -0.986111 -0.000000
vn -0.310232 0.000000 0.950661
vn 0.000000 0.888640 -0.458605
vn 0.000000 0.888640 -0.458605
vn 0.999893 0.000000 -0.014650
vn 0.999893 0.000000 -0.014650
vn -1.000000 0.000000 -0.000000
vn 1.000000 -0.000000 0.000000
vn 1.000000 0.000000 0.000000
vn 0.007551 0.000000 -0.999972
vn 0.007551 0.000000 -0.999972
vn 0.997197 -0.074824 0.000000
vn 0.997197 -0.074824 0.000000
vn -1.000000 0.000000 -0.000000
vn -1.000000 0.000000 0.000000
vn -1.000000 0.000000 0.000000
vn -1.000000 0.000000 0.000000
vn -1.000000 0.000000 0.000000
vn -0.997197 -0.074824 0.000000
vn -0.997197 -0.074824 0.000000
vn 0.971760 -0.235972 0.000000
vn 0.971760 -0.235972 0.000000
vn 1.000000 0.000000 0.000000
vn 1.000000 0.000000 0.000000
vn 0.612590 0.000000 -0.790401
vn 0.612590 0.000000 -0.790401
vn 1.000000 -0.000000 0.000000
vn 1.000000 0.000000 0.000000
vn -1.000000 0.000000 0.000000
vn -1.000000 0.000000 0.000000
vn -1.000000 0.000000 0.000000
vn -1.000000 0.000000 0.000000
vn 0.007543 0.000000 -0.999972
vn 0.007543 0.000000 -0.999972
vn -0.000000 0.000000 -1.000000
vn 0.000000 0.000000 -1.000000
vn 1.000000 -0.000000 0.000000
vn 1.000000 0.000000 0.000000
vn -0.944496 -0.000000 -0.328523
vn -0.944496 0.000000 -0.328523
vn -0.321168 0.000000 -0.947022
vn -0.321168 0.000000 -0.947022
vn -1.000000 0.000000 0.000000
vn -1.000000 0.000000 0.000000
vn 0.000000 0.888640 -0.458605
vn 0.000000 0.888640 -0.458605
vn -1.000000 -0.000000 0.000000
vn -1.000000 0.000000 0.000000
vn 0.702593 -0.711592 0.000000
vn 0.702593 -0.711592 0.000000
vn -1.000000 0.000000 0.000000
vn -1.000000 0.000000 0.000000
vn 1.000000 -0.000000 0.000000
vn 1.000000 0.000000 0.000000
vn -0.861366 -0.507985 0.000000
vn -0.861366 -0.507985 -0.000000
vn 0.944496 0.000000 -0.328523
vn 0.944496 0.000000 -0.328523
vn -1.000000 0.000000 0.000000
vn -1.000000 0.000000 0.000000
vn 0.026565 -0.000000 0.999647
vn 0.026565 0.000000 0.999647
vn -1.000000 0.000000 0.000000
vn -1.000000 -0.000000 0.000000
vn 1.000000 -0.000000 0.000000
vn 1.000000 0.000000 0.000000
vn 0.997334 -0.072975 0.000000
vn 0.997334 -0.072975 0.000000
vn -0.861366 -0.507985 -0.000000
vn -0.861366 -0.507985 0.000000
vn 1.000000 0.000000 0.000000
vn 1.000000 0.000000 0.000000
vn 0.000000 -1.000000 0.000000
vn 0.000000 -1.000000 0.000000
vn 0.573120 -0.819275 0.017922
vn 0.581946 -0.813227 0.000000
vn -0.443531 -0.602799 0.663260
vn -0.722921 -0.690183 -0.032130
vn -0.246941 -0.123435 0.961137
vn -0.168529 -0.081543 0.982318
vn -0.743457 -0.142069 0.653520
vn -1.000000 0.000000 0.000000
vn 1.000000 0.000000 0.000000
vn 1.000000 0.000000 0.000000
vn 1.000000 0.000000 0.000000
vn 1.000000 0.000000 0.000000
vn 1.000000 0.000000 0.000000
vn 1.000000 0.000000 0.000000
vn 1.000000 0.000000 0.000000
vn 1.000000 0.000000 0.000000
vn 1.000000 0.000000 0.000000
vn 1.000000 -0.000000 0.000000
vn -0.996651 -0.081776 0.000000
vn -0.996651 -0.081776 0.000000
vn 1.000000 0.000000 0.000000
vn 1.000000 0.000000 0.000000
vn 1.000000 0.000000 0.000000
vn 1.000000 0.000000 0.000000
vn 1.000000 0.000000 0.000000
vn 1.000000 0.000000 0.000000
vn 1.000000 0.000000 0.000000
vn 1.000000 0.000000 0.000000
vn 0.906716 -0.132563 -0.400367
vn 0.906469 -0.132326 -0.401003
vn -1.000000 0.000000 -0.000000
vn -1.000000 0.000000 0.000000
vn 0.534153 -0.259249 -0.804655
vn 0.517278 -0.276853 -0.809800
vn 0.968272 0.002914 0.249883
vn 0.958796 0.000000 0.284096
vn -1.000000 0.000000 0.000000
vn 1.000000 0.000000 0.000000
vn 1.000000 0.000000 0.000000
vn 0.722063 -0.691828 0.000000
vn 0.722063 -0.691828 0.000000
vn 1.000000 0.000000 0.000000
vn 1.000000 0.000000 0.000000
vn 1.000000 0.000000 0.000000
vn 1.000000 -0.000000 0.000000
vn -1.000000 0.000000 0.000000
vn 1.000000 0.000000 0.000000
vn 1.000000 0.000000 0.000000
vn 1.000000 0.000000 0.000000
vn 1.000000 0.000000 0.000000
vn 1.000000 0.000000 0.000000
vn 1.000000 -0.000000 0.000000
vn 0.961523 0.000000 -0.274723
vn 0.961523 0.000000 -0.274723
vn -0.000000 0.000000 1.000000
vn 0.000000 0.000000 1.000000
vn 1.000000 0.000000 0.000000
vn 1.000000 -0.000000 0.000000
vn 1.000000 -0.000000 0.000000
vn 1.000000 0.000000 0.000000
vn -0.583176 -0.812346 0.000000
vn -0.583176 -0.812346 0.000000
vn -1.000000 0.000000 0.000000
vn -1.000000 0.000000 0.000000
vn -0.974768 -0.005798 -0.223145
vn -0.986947 -0.157394 -0.034102
vn -0.432090 -0.000000 -0.901830
vn 0.997197 -0.074824 0.000000
vn 0.997197 -0.074824 0.000000
vn -1.000000 0.000000 0.000000
vn -1.000000 0.000000 0.000000
vn -0.999893 0.000000 -0.014650
vn -0.999893 0.000000 -0.014650
vn 0.000000 1.000000 0.000000
vn 0.000000 1.000000 0.000000
vn -1.000000 0.000000 0.000000
vn -1.000000 0.000000 0.000000
vn -1.000000 0.000000 0.000000
vn -1.000000 0.000000 0.000000
vn -1.000000 0.000000 -0.000000
vn -1.000000 0.000000 0.000000
vn -1.000000 0.000000 -0.000000
vn -1.000000 0.000000 0.000000
vn -1.000000 0.000000 -0.000000
vn -1.000000 0.000000 0.000000
vn -1.000000 0.000000 -0.000000
vn -1.000000 0.000000 0.000000
vn -1.000000 0.000000 0.000000
vn -1.000000 0.000000 0.000000
vn -1.000000 0.000000 0.000000
vn 1.000000 0.000000 0.000000
vn 1.000000 0.000000 -0.000000
vn -1.000000 0.000000 0.000000
vn -1.000000 -0.000000 0.000000
vn 0.000000 -1.000000 0.000000
vn 0.000000 -1.000000 0.000000
vn 1.000000 0.000000 0.000000
vn 1.000000 0.000000 0.000000
vn -0.707160 -0.707054 0.000000
vn -0.991778 0.000000 0.127972
vn 0.842448 -0.000000 0.538777
vn 0.842448 0.000000 0.538777
vn 0.715008 -0.648553 -0.261042
vn 0.676658 -0.658566 -0.329279
vn 0.052915 -0.998599 0.000000
vn 0.052915 -0.998599 0.000000
vn 0.890600 0.454787 -0.000000
vn 0.890600 0.454787 0.000000
vn 0.000000 -1.000000 0.000000
vn 0.000000 -1.000000 0.000000
vn 0.000000 -1.000000 0.000000
vn 0.000000 -1.000000 -0.000000
vn 0.000000 -1.000000 0.000000
vn 0.048149 -0.997174 0.057667
vn 0.030428 -0.998796 0.038490
vn 0.000000 -1.000000 0.000000
vn 0.000000 -1.000000 0.000000
vn -0.000000 -1.000000 0.000000
vn 0.000000 -1.000000 0.000000
vn 0.000000 -1.000000 0.000000
vn -0.000000 -1.000000 0.000000
vn 0.000000 -1.000000 0.000000
vn 0.999843 0.000382 -0.017695
vn 0.999882 0.001911 -0.015264
vn 0.000000 -1.000000 0.000000
vn 0.000000 -1.000000 0.000000
vn -0.706838 -0.706733 -0.030158
vn -0.999773 -0.000000 -0.021327
vn -0.999787 -0.020656 0.000000
vn -0.999787 -0.020656 0.000000
vn 0.000000 -1.000000 0.000000
vn 0.000000 -1.000000 0.000000
vn 1.000000 0.000000 -0.000000
vn 1.000000 0.000000 0.000000
vn 0.687501 -0.050343 0.724436
vn 0.700201 -0.042865 0.712658
vn 1.000000 -0.000000 0.000000
vn 1.000000 0.000000 0.000000
vn -0.662505 -0.749057 0.000000
vn -0.662505 -0.749057 0.000000
vn -0.006046 -0.221464 0.975150
vn 0.026800 -0.188656 0.981677
vn -0.971760 -0.235972 -0.000000
vn -0.971760 -0.235972 0.000000
vn -0.027197 0.000000 0.999630
vn 0.000000 -0.447160 0.894454
vn 0.000000 -1.000000 0.000000
vn 0.000000 -1.000000 0.000000
vn 1.000000 0.000000 0.000000
vn 1.000000 0.000000 0.000000
vn -0.922578 -0.385811 0.000000
vn -0.922578 -0.385811 0.000000
vn -1.000000 0.000000 0.000000
vn -1.000000 0.000000 0.000000
vn 0.000000 0.000000 1.000000
vn -0.000000 0.000000 1.000000
vn 0.612590 0.000000 -0.790401
vn 0.612590 0.000000 -0.790401
vn -1.000000 0.000000 0.000000
vn -1.000000 -0.000000 0.000000
vn 1.000000 0.000000 0.000000
vn 1.000000 0.000000 -0.000000
vn 1.000000 -0.000000 0.000000
vn 1.000000 0.000000 0.000000
vn 0.032216 -0.893990 0.446928
vn 0.000000 -1.000000 0.000000
vn -0.666650 -0.666700 0.333300
vn 0.000000 -1.000000 0.000000
vn -1.000000 -0.000000 -0.000000
vn -1.000000 0.000000 0.000000
vn 0.000000 -0.707001 0.707212
vn 0.000000 -1.000000 -0.000000
vn 0.000000 -1.000000 0.000000
vn 0.000000 -1.000000 -0.000000
vn 0.000000 -1.000000 0.000000
vn 0.404916 -0.759323 -0.509384
vn -1.000000 -0.000000 0.000000
vn -1.000000 0.000000 0.000000
vn 1.000000 0.000000 0.000000
vn 1.000000 0.000000 0.000000
vn 1.000000 0.000000 -0.000000
vn 1.000000 -0.000000 0.000000
vn 1.000000 0.000000 0.000000
vn -1.000000 0.000000 0.000000
vn -1.000000 0.000000 0.000000
vn 1.000000 0.000000 -0.000000
vn -1.000000 0.000000 0.000000
vn -1.000000 -0.000000 0.000000
vn -1.000000 0.000000 0.000000
vn -1.000000 0.000000 0.000000
vn -0.974858 -0.222829 0.000000
vn -0.968505 -0.248850 -0.008509
vn 0.968505 -0.248850 -0.008509
vn 0.974858 -0.222829 0.000000
vn -0.967701 -0.216337 -0.129431
vn -0.976035 -0.182026 -0.119260
vn -0.991000 -0.132167 -0.021227
vn -0.994389 -0.084217 -0.064020
vn -1.000000 0.000000 0.000000
vn -1.000000 0.000000 0.000000
vn -0.977293 -0.114138 -0.178523
vn -1.000000 0.000000 0.000000
vn 1.000000 0.000000 0.000000
vn 1.000000 0.000000 0.000000
vn 1.000000 0.000000 0.000000
vn -1.000000 0.000000 0.000000
vn -1.000000 0.000000 0.000000
vn 1.000000 0.000000 -0.000000
vn 0.916539 -0.309754 -0.252999
vn 0.937996 -0.295175 -0.181756
vn -1.000000 0.000000 0.000000
vn -1.000000 0.000000 0.000000
vn 0.996729 -0.080815 0.000000
vn 0.996729 -0.080815 0.000000
vn -1.000000 0.000000 0.000000
vn -1.000000 0.000000 0.000000
vn -1.000000 0.000000 0.000000
vn -1.000000 0.000000 0.000000
vn 0.842448 -0.538777 0.000000
vn -0.835137 -0.549792 -0.016600
vn -0.837853 -0.545577 -0.018655
vn -0.837999 -0.545672 0.000000
vn -0.837999 -0.545672 0.000000
vn -0.849118 -0.458172 -0.262824
vn -0.861873 -0.435184 -0.260364
vn -1.000000 -0.000000 0.000000
vn -1.000000 0.000000 0.000000
vn 0.876705 -0.294176 -0.380590
vn -0.871865 -0.265350 -0.411632
vn -0.851587 -0.290781 -0.436173
vn 0.902749 0.000000 -0.430169
vn 0.902749 0.000000 -0.430169
vn -0.851758 -0.281491 -0.441894
vn -0.854935 -0.277058 -0.438550
vn 0.976185 -0.115868 -0.183405
vn -0.968361 -0.196355 -0.154022
vn -1.000000 0.000000 0.000000
vn 1.000000 0.000000 0.000000
vn -0.946061 -0.320412 -0.048019
vn -1.000000 0.000000 0.000000
vn -0.958530 -0.284925 0.006079
vn -1.000000 0.000000 0.000000
vn -1.000000 0.000000 0.000000
vn -1.000000 -0.000000 0.000000
vn -1.000000 0.000000 0.000000
vn -1.000000 0.000000 -0.000000
vn 1.000000 0.000000 -0.000000
vn -1.000000 0.000000 0.000000
vn -1.000000 0.000000 -0.000000
vn 1.000000 0.000000 0.000000
vn 1.000000 0.000000 0.000000
vn 1.000000 0.000000 0.000000
vn -1.000000 0.000000 0.000000
vn -1.000000 -0.000000 0.000000
vn 0.766757 -0.641937 0.000000
vn 0.766757 -0.641937 0.000000
vn -1.000000 0.000000 0.000000
vn -1.000000 0.000000 0.000000
vn -0.000000 0.000000 -1.000000
vn 0.000000 0.000000 -1.000000
vn 1.000000 -0.000000 0.000000
vn 1.000000 0.000000 0.000000
vn -1.000000 0.000000 0.000000
vn -1.000000 0.000000 0.000000
vn 1.000000 0.000000 0.000000
vn -1.000000 0.000000 0.000000
vn -1.000000 0.000000 -0.000000
vn -1.000000 0.000000 0.000000
vn -1.000000 0.000000 0.000000
vn -0.540514 -0.715582 0.442478
vn -0.766272 -0.640602 -0.049563
vn 0.863109 -0.505018 0.000000
vn -0.840194 -0.542025 -0.016805
vn -0.854824 -0.518669 -0.016081
vn 1.000000 0.000000 0.000000
vn 1.000000 0.000000 0.000000
vn -0.863114 -0.505008 0.000000
vn -0.863114 -0.505009 0.000000
vn 0.766616 -0.078384 -0.637303
vn 0.755477 -0.079979 -0.650276
vn 0.875947 -0.295469 -0.381333
vn 1.000000 0.000000 -0.000000
vn 1.000000 0.000000 0.000000
vn 0.971888 -0.125506 -0.199203
vn -1.000000 0.000000 0.000000
vn -1.000000 0.000000 0.000000
vn -0.976953 -0.183036 -0.109823
vn -0.976952 -0.183042 -0.109824
vn -0.843678 -0.460345 -0.276205
vn -0.880235 -0.390647 -0.269410
vn -0.851095 -0.432198 -0.298066
vn -0.881422 -0.374517 -0.287807
vn 0.970528 -0.191084 -0.146843
vn 0.966767 -0.254227 -0.027016
vn 0.946647 -0.322272 0.000000
vn 0.946647 -0.322272 0.000000
vn -1.000000 0.000000 0.000000
vn -1.000000 0.000000 0.000000
vn 1.000000 0.000000 -0.000000
vn 1.000000 0.000000 0.000000
vn 1.000000 0.000000 0.000000
vn 1.000000 0.000000 0.000000
vn 1.000000 0.000000 0.000000
vn 1.000000 0.000000 -0.000000
vn 1.000000 0.000000 0.000000
vn -1.000000 0.000000 0.000000
vn -1.000000 0.000000 0.000000
vn 0.688209 -0.725131 0.023529
vn 0.647414 -0.756062 0.096047
vn -1.000000 0.000000 0.000000
vn -1.000000 0.000000 0.000000
vn -1.000000 0.000000 0.000000
vn -1.000000 0.000000 0.000000
vn 1.000000 0.000000 0.000000
vn 1.000000 0.000000 0.000000
vn 1.000000 -0.000000 0.000000
vn 1.000000 0.000000 0.000000
vn 1.000000 0.000000 0.000000
vn 1.000000 0.000000 0.000000
vn 1.000000 0.000000 0.000000
vn -0.983646 -0.145930 0.105567
vn -0.976960 -0.181723 0.111916
vn -0.895795 -0.367503 0.249985
vn -0.907442 -0.357772 0.220338
vn -0.842448 -0.538777 -0.000000
vn -0.859100 -0.511808 0.000000
vn 0.832943 -0.553156 -0.014948
vn -0.968277 -0.249879 0.000000
vn -0.975136 -0.221525 -0.005986
vn 0.553940 -0.829466 -0.071675
vn 0.477393 -0.853364 -0.209444
vn -0.978958 -0.180548 -0.095094
vn -0.982344 -0.163569 -0.090807
vn 1.000000 -0.000000 0.000000
vn 0.977293 -0.114138 -0.178523
vn -0.177711 -0.955718 -0.234566
vn -0.274198 -0.908076 -0.316564
vn -0.971888 -0.125506 -0.199203
vn -1.000000 0.000000 0.000000
vn -1.000000 0.000000 0.000000
vn -1.000000 0.000000 0.000000
vn -1.000000 0.000000 0.000000
vn -1.000000 0.000000 0.000000
vn 1.000000 0.000000 -0.000000
vn -1.000000 0.000000 -0.000000
vn -0.965407 -0.259552 -0.024933
vn 0.970950 -0.238515 -0.019177
vn -0.853619 -0.519222 -0.041747
vn -0.877367 -0.477246 -0.049634
vn -0.834537 -0.547997 -0.056993
vn -0.837437 -0.543473 -0.057754
vn 0.811396 -0.584369 0.012236
vn 0.842448 -0.538777 0.000000
vn 0.834053 -0.551438 0.016496
vn 0.829658 -0.557947 0.019078
vn 0.957919 -0.286872 0.009809
vn -0.023684 -0.447035 0.894203
vn -0.000000 0.000000 1.000000
vn -1.000000 0.000000 -0.000000
vn -1.000000 0.000000 0.000000
vn 1.000000 0.000000 0.000000
vn 1.000000 -0.000000 0.000000
vn -1.000000 0.000000 0.000000
vn -1.000000 -0.000000 0.000000
vn -1.000000 0.000000 0.000000
vn -1.000000 -0.000000 0.000000
vn 1.000000 -0.000000 -0.000000
vn 1.000000 0.000000 0.000000
vn 1.000000 0.000000 -0.000000
vn 1.000000 0.000000 0.000000
vn 1.000000 0.000000 0.000000
vn 1.000000 0.000000 -0.000000
vn 1.000000 0.000000 -0.000000
vn 1.000000 0.000000 0.000000
vn 1.000000 0.000000 0.000000
vn 0.827476 0.000000 0.561502
vn 0.827475 0.000000 0.561502
vn -0.958796 0.284096 0.000000
vn -0.958796 0.284096 0.000000
vn -1.000000 0.000000 0.000000
vn -1.000000 0.000000 0.000000
vn 1.000000 0.000000 0.000000
vn 1.000000 0.000000 0.000000
vn -1.000000 0.000000 0.000000
vn -1.000000 0.000000 0.000000
vn -0.854514 -0.078661 0.513437
vn -0.867621 -0.082229 0.490379
vn -0.927716 0.371340 0.038086
vn -0.931558 0.361302 0.040752
vn -1.000000 0.000000 -0.000000
vn -0.968277 -0.249879 0.000000
vn 1.000000 0.000000 0.000000
vn -0.975473 -0.135603 -0.173393
vn -0.973425 -0.140050 -0.181189
vn -1.000000 0.000000 0.000000
vn -1.000000 0.000000 0.000000
vn 0.700420 -0.039052 0.712662
vn 0.744125 -0.022837 0.667650
vn 0.766757 0.641937 -0.000000
vn 0.766757 0.641937 0.000000
vn -1.000000 0.000000 0.000000
vn -1.000000 0.000000 0.000000
vn 1.000000 0.000000 0.000000
vn 0.894035 0.447875 0.010445
vn 0.893273 0.449398 0.010241
vn -0.923451 -0.193418 -0.331403
vn -0.924522 -0.193349 -0.328445
vn -0.937996 -0.295175 -0.181756
vn -0.916539 -0.309754 -0.252999
vn 0.665859 -0.741784 -0.079926
vn 0.672084 -0.737433 -0.067040
vn 0.883996 -0.466747 0.026423
vn 0.943491 -0.331180 -0.011998
vn 0.961294 -0.268282 -0.062755
vn -1.000000 0.000000 0.000000
vn -1.000000 0.000000 0.000000
vn -1.000000 0.000000 0.000000
vn -1.000000 0.000000 0.000000
vn 0.960192 -0.279341 0.000000
vn 0.960192 -0.279341 0.000000
vn 0.856680 -0.515848 0.000000
vn 0.828552 -0.559789 0.011722
vn 0.824193 -0.565978 0.019347
vn 0.828783 -0.559320 0.016732
vn -0.923719 -0.242185 -0.296800
vn -0.882357 -0.356215 -0.307501
vn 0.000000 -1.000000 0.000000
vn -0.000000 -1.000000 0.000000
vn -0.395445 -0.697395 -0.597715
vn -0.494051 -0.692250 -0.526027
vn -0.965794 0.205232 -0.158498
vn -0.973834 0.190426 -0.124036
vn 0.980660 -0.023666 0.194281
vn 0.694833 -0.146829 0.704023
vn 0.957557 0.288180 0.006163
vn -1.000000 0.000000 0.000000
vn -1.000000 0.000000 0.000000
vn 0.960191 0.279329 0.002728
vn 0.982557 0.185895 -0.004896
vn 0.985820 0.167804 -0.000000
vn 0.985820 0.167804 -0.000000
vn 0.948406 0.316509 0.018688
vn -0.851212 0.060241 0.521353
vn -0.965181 0.030026 0.259854
vn 1.000000 0.000000 0.000000
vn 1.000000 0.000000 0.000000
vn -0.977090 -0.114143 -0.179630
vn -0.971659 -0.124255 -0.201097
vn 0.971019 0.024198 0.237774
vn 0.770206 0.637469 0.020403
vn 0.762218 0.647130 0.015674
vn 0.842448 0.000000 0.538777
vn 0.842448 -0.000000 0.538777
vn -0.854826 -0.072464 0.513831
vn -0.866808 -0.075513 0.492892
vn -0.736443 0.000000 0.676500
vn -0.736443 0.000000 0.676500
vn -1.000000 0.000000 0.000000
vn -1.000000 0.000000 0.000000
vn -1.000000 0.000000 0.000000
vn -1.000000 0.000000 0.000000
vn -1.000000 -0.000000 0.000000
vn -1.000000 0.000000 0.000000
vn 1.000000 -0.000000 0.000000
vn 1.000000 0.000000 0.000000
vn -1.000000 -0.000000 0.000000
vn -1.000000 0.000000 0.000000
vn 1.000000 -0.000000 0.000000
vn 1.000000 0.000000 0.000000
vn -1.000000 0.000000 0.000000
vn -1.000000 -0.000000 0.000000
vn -1.000000 0.000000 0.000000
vn -1.000000 0.000000 0.000000
vn -0.072919 -0.996976 -0.026882
vn -0.071078 -0.997285 -0.019237
vn -1.000000 -0.000000 0.000000
vn -1.000000 0.000000 0.000000
vn 1.000000 0.000000 0.000000
vn 1.000000 0.000000 0.000000
vn 0.000000 -1.000000 0.000000
vn -0.000000 -1.000000 0.000000
vn 1.000000 0.000000 0.000000
vn 1.000000 0.000000 0.000000
vn -1.000000 0.000000 0.000000
vn -1.000000 0.000000 0.000000
vn -0.921870 0.387301 0.012396
vn -0.924642 0.380580 0.013964
vn -1.000000 0.000000 -0.000000
vn -1.000000 0.000000 0.000000
vn 1.000000 0.000000 0.000000
vn 1.000000 0.000000 0.000000
vn 1.000000 0.000000 -0.000000
vn 1.000000 0.000000 0.000000
vn 0.496679 -0.599448 -0.627672
vn 0.484119 -0.612551 -0.624829
vn 1.000000 0.000000 0.000000
vn 1.000000 0.000000 0.000000
vn -1.000000 0.000000 0.000000
vn -1.000000 0.000000 0.000000
vn -1.000000 0.000000 0.000000
vn -1.000000 0.000000 0.000000
vn -1.000000 0.000000 0.000000
vn -1.000000 0.000000 0.000000
vn 0.614754 -0.783146 0.093595
vn 0.600175 -0.789924 0.125735
vn 1.000000 0.000000 -0.000000
vn 1.000000 0.000000 0.000000
vn -0.878456 -0.417764 -0.231925
vn -0.886640 -0.401146 -0.230112
vn 1.000000 0.000000 0.000000
vn 1.000000 0.000000 0.000000
vn 1.000000 0.000000 0.000000
vn -1.000000 0.000000 0.000000
vn -1.000000 0.000000 0.000000
vn -1.000000 -0.000000 0.000000
vn -1.000000 0.000000 0.000000
vn 1.000000 0.000000 0.000000
vn 1.000000 0.000000 0.000000
vn 0.767961 -0.635888 0.076701
vn 0.798674 -0.597434 0.072063
vn -0.766757 -0.641937 0.000000
vn -0.766757 -0.641937 0.000000
vn -0.588337 -0.806524 0.058119
vn -0.612407 -0.790387 0.015703
vn -0.781304 -0.465635 -0.415630
vn -0.824165 -0.387938 -0.412621
vn -0.934260 -0.244258 -0.259799
vn -0.952934 -0.187792 -0.238015
vn 1.000000 -0.000000 0.000000
vn 1.000000 0.000000 0.000000
vn 1.000000 -0.000000 0.000000
vn 1.000000 -0.000000 0.000000
vn -1.000000 -0.000000 0.000000
vn -1.000000 0.000000 0.000000
vn -1.000000 0.000000 0.000000
vn -1.000000 0.000000 0.000000
vn 1.000000 0.000000 -0.000000
vn 1.000000 0.000000 0.000000
vn -1.000000 0.000000 0.000000
vn -1.000000 -0.000000 0.000000
vn -1.000000 0.000000 0.000000
vn -1.000000 0.000000 0.000000
vn -0.971966 -0.149038 -0.181853
vn -0.972250 -0.147903 -0.181256
vn -1.000000 0.000000 0.000000
vn -1.000000 -0.000000 0.000000
vn 1.000000 -0.000000 0.000000
vn 1.000000 0.000000 0.000000
vn 1.000000 0.000000 0.000000
vn 1.000000 0.000000 -0.000000
vn 0.945885 0.096237 0.309902
vn -1.000000 0.000000 0.000000
vn -1.000000 0.000000 0.000000
vn 0.000000 -1.000000 0.000000
vn 0.000000 -1.000000 -0.000000
vn 1.000000 0.000000 0.000000
vn 1.000000 0.000000 0.000000
vn -1.000000 0.000000 0.000000
vn -1.000000 0.000000 0.000000
vn -0.026709 -0.188656 0.981680
vn 0.006025 -0.221464 0.975150
vn -1.000000 0.000000 0.000000
vn -1.000000 -0.000000 0.000000
vn -1.000000 -0.000000 0.000000
vn -1.000000 0.000000 0.000000
vn -1.000000 0.000000 0.000000
vn -1.000000 0.000000 0.000000
vn 1.000000 0.000000 0.000000
vn 1.000000 0.000000 0.000000
vn -1.000000 -0.000000 0.000000
vn -1.000000 0.000000 0.000000
vn -0.902748 0.000000 -0.430169
vn -0.902748 0.000000 -0.430169
vn -0.766757 -0.641937 0.000000
vn -0.766757 -0.641937 0.000000
vn -0.838800 0.544330 0.010940
vn -0.833311 0.552693 0.011108
vn -0.940781 -0.271385 -0.203179
vn -0.954443 -0.230767 -0.189173
vn 0.742712 -0.088497 -0.663737
vn -0.755477 -0.079979 -0.650276
vn -0.766616 -0.078384 -0.637303
vn 1.000000 0.000000 0.000000
vn 1.000000 0.000000 0.000000
vn 0.939198 -0.032407 -0.341842
vn 1.000000 -0.000000 0.000000
vn 1.000000 0.000000 0.000000
vn -1.000000 0.000000 -0.000000
vn -1.000000 0.000000 0.000000
vn -1.000000 -0.000000 0.000000
vn -1.000000 0.000000 0.000000
vn 1.000000 -0.000000 0.000000
vn 1.000000 0.000000 0.000000
vn 1.000000 0.000000 -0.000000
vn 1.000000 0.000000 0.000000
vn -1.000000 0.000000 0.000000
vn -1.000000 -0.000000 0.000000
vn -1.000000 0.000000 -0.000000
vn -1.000000 0.000000 0.000000
vn -1.000000 0.000000 0.000000
vn -1.000000 0.000000 0.000000
vn -1.000000 0.000000 0.000000
vn -1.000000 0.000000 0.000000
vn 1.000000 0.000000 0.000000
vn 1.000000 0.000000 -0.000000
vn 1.000000 0.000000 -0.000000
vn 0.924258 0.026045 0.380879
vn 1.000000 0.000000 0.000000
vn 1.000000 0.000000 0.000000
vn -0.849740 0.490514 0.193233
vn -0.809131 0.556245 0.189467
vn -0.766757 0.641937 0.000000
vn -0.766757 0.641937 0.000000
vn 1.000000 0.000000 0.000000
vn 1.000000 0.000000 -0.000000
vn -0.962600 0.229849 0.143427
vn -0.945411 0.291009 0.146668
vn 1.000000 0.000000 -0.000000
vn 1.000000 0.000000 0.000000
vn -1.000000 0.000000 0.000000
vn -1.000000 -0.000000 0.000000
vn -1.000000 0.000000 0.000000
vn -1.000000 -0.000000 0.000000
vn 1.000000 0.000000 0.000000
vn 1.000000 0.000000 0.000000
vn 1.000000 -0.000000 0.000000
vn 1.000000 0.000000 0.000000
vn 1.000000 -0.000000 0.000000
vn 1.000000 0.000000 0.000000
vn -1.000000 -0.000000 0.000000
vn -1.000000 0.000000 0.000000
vn -0.432090 -0.000000 -0.901830
vn -0.432090 0.000000 -0.901830
vn -1.000000 -0.000000 0.000000
vn -1.000000 0.000000 0.000000
vn -0.861366 -0.507985 -0.000000
vn -0.861366 -0.507985 0.000000
vn -1.000000 0.000000 0.000000
vn -1.000000 0.000000 0.000000
vn 0.310232 0.000000 0.950661
vn 0.310232 -0.000000 0.950661
vn -0.766757 -0.641937 0.000000
vn -0.766757 -0.641937 0.000000
vn 0.710357 -0.703077 0.032797
vn 0.776740 -0.629137 0.029348
vn -0.913814 -0.406133 0.000000
vn -0.913814 -0.406133 0.000000
vn -1.000000 0.000000 -0.000000
vn -1.000000 0.000000 0.000000
vn 1.000000 0.000000 -0.000000
vn 1.000000 0.000000 0.000000
vn -0.934487 0.000000 -0.355996
vn -0.934487 -0.000000 -0.355996
vn 0.736443 0.000000 0.676500
vn 0.736443 -0.000000 0.676500
vn 0.763049 0.000000 0.646340
vn 0.763049 -0.000000 0.646340
vn 0.934488 0.000000 0.355994
vn 0.934488 -0.000000 0.355994
vn 0.763045 0.000000 -0.646346
vn 0.763045 0.000000 -0.646346
vn 0.965407 -0.259552 -0.024933
vn 1.000000 0.000000 0.000000
vn -1.000000 0.000000 0.000000
vn -1.000000 0.000000 -0.000000
vn 0.923730 0.381045 -0.039082
vn 0.916536 -0.399952 0.000000
vn 0.916536 -0.399952 0.000000
vn 0.076696 -0.997055 0.000000
vn 0.076696 -0.997055 0.000000
vn 0.000000 -1.000000 0.000000
vn -0.000000 -1.000000 0.000000
vn 1.000000 0.000000 0.000000
vn 1.000000 0.000000 0.000000
vn 0.763322 -0.644235 -0.047960
vn 0.702600 -0.689235 -0.176938
vn -0.829149 0.157910 0.536262
vn -0.752048 0.186179 0.632266
vn -0.997864 -0.065319 0.000000
vn -0.997864 -0.065319 0.000000
vn -0.766757 0.641937 0.000000
vn -0.766757 0.641937 0.000000
vn -0.774992 0.631142 0.032367
vn -0.775987 0.629894 0.032810
vn -0.786699 0.614165 0.062504
vn -0.793832 0.604519 0.066247
vn -0.846691 0.446813 0.288918
vn -0.840522 0.459632 0.286813
vn -0.817347 0.137624 0.559468
vn -0.790144 0.185511 0.584173
vn 1.000000 -0.000000 0.000000
vn 1.000000 0.000000 0.000000
vn -0.980593 -0.120082 -0.154978
vn -0.978319 -0.125633 -0.164647
vn -1.000000 0.000000 0.000000
vn -1.000000 0.000000 0.000000
vn 0.000000 0.888640 -0.458605
vn 0.000000 0.888640 -0.458605
vn 1.000000 0.000000 0.000000
vn 1.000000 0.000000 0.000000
vn 0.766757 0.641937 -0.000000
vn 0.766757 0.641937 0.000000
vn -0.997864 -0.065319 0.000000
vn -0.997864 -0.065319 0.000000
vn 1.000000 0.000000 -0.000000
vn 1.000000 0.000000 0.000000
vn 1.000000 0.000000 0.000000
vn 1.000000 0.000000 0.000000
vn -0.944496 -0.000000 -0.328523
vn -0.944496 0.000000 -0.328523
vn -0.766757 -0.641937 0.000000
vn -0.766757 -0.641937 0.000000
vn -0.026477 0.000000 0.999649
vn -0.026477 0.000000 0.999649
vn -0.911646 -0.410767 0.013143
vn -0.915311 -0.402599 0.010966
vn 1.000000 0.000000 0.000000
vn 1.000000 0.000000 0.000000
vn 1.000000 0.000000 0.000000
vn 1.000000 0.000000 0.000000
vn 1.000000 0.000000 0.000000
vn -1.000000 0.000000 0.000000
vn -1.000000 0.000000 0.000000
vn -0.767052 0.636028 0.084265
vn -0.734454 0.675171 0.068712
vn 0.000000 -1.000000 0.000000
vn 0.000000 -1.000000 0.000000
vn -0.714074 0.049877 -0.698291
vn -0.724607 0.052039 -0.687195
vn -1.000000 0.000000 0.000000
vn -1.000000 0.000000 0.000000
vn -1.000000 0.000000 0.000000
vn -1.000000 0.000000 0.000000
vn -0.833508 -0.279537 -0.476575
vn -0.931809 -0.249392 -0.263696
vn 0.911646 -0.410767 0.013143
vn 0.915311 -0.402599 0.010966
vn -0.720104 -0.352001 -0.597951
vn -0.764602 -0.384235 -0.517442
vn 0.947505 -0.026147 -0.318670
vn 0.963882 -0.028843 -0.264765
vn -0.670755 -0.738633 -0.067149
vn -0.664568 -0.742937 -0.079960
vn 0.850635 -0.073420 0.520605
vn 0.862882 -0.076538 0.499577
vn -0.642032 -0.766678 0.000000
vn -0.647077 -0.762407 -0.005148
vn -0.530056 -0.579560 0.618992
vn -0.558591 -0.592998 0.579940
vn 0.949793 -0.304746 0.070870
vn -1.000000 0.000000 -0.000000
vn -1.000000 0.000000 0.000000
vn -1.000000 0.000000 0.000000
vn -1.000000 0.000000 0.000000
vn 0.960192 -0.279341 0.000000
vn 0.943065 -0.332416 0.011363
vn -1.000000 0.000000 0.000000
vn -1.000000 0.000000 0.000000
vn -0.947505 -0.026147 -0.318670
vn -0.963882 -0.028843 -0.264765
vn -0.858825 -0.055478 -0.509256
vn -0.840334 -0.070810 -0.537425
vn -0.857564 -0.067193 -0.509970
vn -0.834555 -0.090572 -0.543429
vn -0.835856 0.071471 -0.544276
vn -0.861906 0.083363 -0.500169
vn -0.881728 0.346041 -0.320643
vn -0.900172 0.344705 -0.266211
vn -1.000000 0.000000 0.000000
vn -1.000000 0.000000 0.000000
vn 0.838845 0.544353 0.004320
vn -1.000000 0.000000 0.000000
vn -1.000000 0.000000 0.000000
vn 0.829989 0.557774 0.002289
vn -0.823860 0.566725 0.008805
vn -0.842006 0.539213 0.016592
vn 0.842448 0.538777 -0.000000
vn 0.842448 0.538777 -0.000000
vn 0.842448 0.538777 -0.000000
vn 0.842448 0.538777 -0.000000
vn -0.722952 -0.690899 0.000000
vn -0.722952 -0.690899 0.000000
vn -0.851404 0.049186 0.522199
vn -0.872819 0.045766 0.485893
vn -0.837999 0.000000 0.545672
vn -0.837999 0.000000 0.545672
vn -0.842448 0.000000 0.538777
vn -0.842448 0.000000 0.538777
vn 0.971620 -0.033033 0.234229
vn -0.959227 -0.048022 0.278526
vn -1.000000 -0.000000 0.000000
vn 0.000000 -1.000000 0.000000
vn -0.000000 -1.000000 0.000000
vn 0.000000 -1.000000 0.000000
vn -0.000000 -1.000000 0.000000
vn 1.000000 0.000000 0.000000
vn 1.000000 0.000000 0.000000
vn -0.934965 0.003997 -0.354719
vn -0.934479 0.004146 -0.355993
vn -0.916539 -0.399945 0.000000
vn -0.916539 -0.399945 0.000000
vn -0.763045 0.000000 -0.646346
vn -0.763045 0.000000 -0.646346
vn -0.775034 0.047717 -0.630115
vn -0.782065 0.049344 -0.621241
vn -0.834837 0.277221 -0.475601
vn -0.818735 0.275354 -0.503838
vn -0.717503 0.694504 -0.053419
vn -0.784602 0.618174 -0.047548
vn -0.702593 0.711592 0.000000
vn -0.763040 0.646351 0.000000
vn 0.763040 0.646351 -0.000000
vn -0.762219 0.647130 0.015674
vn -0.770206 0.637469 0.020403
vn -0.775427 0.628929 0.056218
vn -0.784422 0.616991 0.063281
vn -0.800627 0.378810 0.464219
vn -0.840522 0.286811 0.459633
vn -0.764034 0.056759 0.642674
vn -0.730724 0.060058 0.680026
vn -0.771650 0.168109 0.613429
vn -0.915658 0.106239 0.387665
vn 0.717503 0.694504 -0.053419
vn 0.784602 0.618174 -0.047548
vn -0.890600 0.454787 0.000000
vn -0.890600 0.454787 0.000000
vn -0.893273 0.449398 0.010241
vn -0.894035 0.447875 0.010445
vn 0.775987 0.629895 0.032810
vn 0.774992 0.631142 0.032367
vn -1.000000 0.000000 0.000000
vn -1.000000 0.000000 0.000000
vn -1.000000 0.000000 0.000000
vn -1.000000 0.000000 0.000000
vn -0.069107 -0.997609 0.000000
vn -0.056817 -0.998125 0.022753
vn -0.763049 0.000000 0.646340
vn -0.763049 0.000000 0.646340
vn -1.000000 0.000000 0.000000
vn -1.000000 0.000000 0.000000
vn 0.934488 0.000000 -0.355994
vn 0.934488 0.000000 -0.355994
vn 1.000000 0.000000 0.000000
vn 0.959227 -0.048022 0.278526
vn 0.982344 -0.163569 -0.090807
vn 0.978958 -0.180548 -0.095094
vn -1.000000 0.000000 0.000000
vn -1.000000 0.000000 0.000000
vn 0.923873 -0.378953 0.053421
vn 0.891926 0.009087 -0.452091
vn 0.902748 0.000000 -0.430169
vn 0.935144 -0.354173 0.008155
vn 0.000000 -1.000000 -0.000000
vn 0.000000 -1.000000 0.000000
vn -0.939318 -0.342922 -0.009238
vn -0.922578 -0.385811 0.000000
vn 1.000000 0.000000 0.000000
vn 1.000000 0.000000 0.000000
vn 0.000000 0.000000 1.000000
vn 0.000000 0.000000 1.000000
vn -0.916539 -0.399945 0.000000
vn -0.916539 -0.399945 0.000000
vn 1.000000 -0.000000 0.000000
vn 1.000000 0.000000 0.000000
vn 1.000000 0.000000 0.000000
vn 1.000000 0.000000 0.000000
vn 1.000000 0.000000 0.000000
vn 1.000000 0.000000 0.000000
vn 1.000000 0.000000 -0.000000
vn 1.000000 0.000000 0.000000
vn -0.849632 -0.521184 -0.080577
vn -0.546518 -0.837393 -0.009524
vn 0.831478 -0.532861 -0.157176
vn 0.759437 -0.645802 -0.078708
vn -0.803314 -0.595300 0.017448
vn -0.499128 -0.855487 -0.137891
vn -0.576101 -0.817378 0.000000
vn -0.526389 -0.849684 -0.030851
vn 1.000000 0.000000 0.000000
vn 1.000000 0.000000 0.000000
vn 0.840522 0.459632 0.286813
vn 0.846691 0.446813 0.288918
vn -0.540763 -0.841175 0.000000
vn -0.519429 -0.854400 -0.013923
vn 0.860856 -0.432935 -0.267386
vn 0.834399 -0.322359 -0.447060
vn -0.676658 -0.658566 -0.329279
vn -0.715008 -0.648553 -0.261042
vn -1.000000 0.000000 0.000000
vn -1.000000 0.000000 0.000000
vn -0.434079 -0.652793 -0.620836
vn -0.585962 -0.510038 -0.629690
vn 0.570853 -0.556774 -0.603431
vn -0.562546 -0.483055 -0.670969
vn -0.617374 -0.524369 -0.586419
vn -0.641653 -0.619286 -0.452511
vn -0.635740 -0.617045 -0.463778
vn -0.950459 0.149074 -0.272773
vn -0.946172 0.151035 -0.286264
vn -0.596323 -0.802744 0.000000
vn -0.596323 -0.802745 -0.000000
vn -0.596323 -0.802744 0.000000
vn -0.596323 -0.802744 0.000000
vn -1.000000 0.000000 0.000000
vn -1.000000 0.000000 0.000000
vn -0.643649 -0.765143 0.016504
vn -0.656635 -0.754208 0.000000
vn -0.892521 -0.451006 0.000000
vn -0.906121 -0.422650 -0.017661
vn 1.000000 0.000000 0.000000
vn 1.000000 0.000000 0.000000
vn -0.831425 -0.320549 -0.453850
vn -0.859520 -0.437383 -0.264429
vn -0.872400 -0.000000 -0.488793
vn -0.872400 0.000000 -0.488793
vn 1.000000 0.000000 0.000000
vn 1.000000 0.000000 0.000000
vn -1.000000 0.000000 0.000000
vn -1.000000 -0.000000 0.000000
vn -1.000000 0.000000 0.000000
vn -1.000000 0.000000 0.000000
vn 0.387566 -0.921842 0.000000
vn 0.387566 -0.921842 0.000000
vn -1.000000 0.000000 0.000000
vn -1.000000 -0.000000 0.000000
vn 0.835842 -0.071711 -0.544267
vn 0.854722 -0.056217 -0.516033
vn 0.585765 -0.702022 -0.405024
vn 0.546341 -0.702557 -0.455987
vn 0.812329 0.583200 -0.000000
vn 0.837999 0.545672 -0.000000
vn 0.837245 0.546810 0.004380
vn -0.075596 -0.995080 -0.064037
vn -0.053055 -0.996480 -0.064901
vn -0.842448 0.538777 0.000000
vn -0.842448 0.538777 0.000000
vn 0.844394 0.535430 0.017698
vn 0.812329 0.583200 -0.000000
vn -0.903532 0.272154 0.331002
vn -0.885472 0.312187 0.344207
vn 0.834491 0.056877 0.548078
vn 0.969231 -0.000000 0.246154
vn 0.969231 0.000000 0.246154
vn 1.000000 0.000000 -0.000000
vn -1.000000 0.000000 0.000000
vn -1.000000 -0.000000 0.000000
vn -1.000000 0.000000 0.000000
vn -1.000000 -0.000000 0.000000
vn 0.997315 -0.002274 -0.073199
vn 0.993459 -0.012126 -0.113541
vn 1.000000 0.000000 0.000000
vn -0.903433 0.041759 -0.426691
vn -0.937183 0.024853 -0.347951
vn -0.944205 0.024848 -0.328421
vn -0.979398 0.004774 -0.201882
vn 0.722764 0.689464 -0.047444
vn 0.702593 0.711592 -0.000000
vn 1.000000 0.000000 0.000000
vn 1.000000 0.000000 0.000000
vn 0.780128 -0.530432 -0.331725
vn 0.744936 -0.649161 -0.153818
vn -1.000000 -0.000000 0.000000
vn -1.000000 0.000000 0.000000
vn -0.703432 0.078492 0.706415
vn -0.928158 0.041102 0.369909
vn 0.937247 0.082064 0.338871
vn -1.000000 0.000000 0.000000
vn -1.000000 0.000000 -0.000000
vn 0.595410 -0.803422 0.000000
vn 0.595410 -0.803422 0.000000
vn -1.000000 0.000000 0.000000
vn -1.000000 0.000000 0.000000
vn -1.000000 0.000000 0.000000
vn -1.000000 0.000000 0.000000
vn -0.004071 -0.962235 -0.272191
vn 0.000000 -0.960620 -0.277865
vn -0.895660 -0.203429 -0.395486
vn -0.897815 -0.206633 -0.388884
vn -0.906636 0.418495 0.053607
vn -0.910269 0.410431 0.054377
vn -0.938736 0.283770 0.195574
vn -0.934555 0.295411 0.198342
vn -0.916533 0.000000 0.399960
vn -0.916533 0.000000 0.399960
vn -0.892202 -0.008265 0.451561
vn -0.916533 0.000000 0.399960
vn -0.763045 0.000000 -0.646346
vn -0.763045 0.000000 -0.646346
vn -0.781610 -0.101630 0.615432
vn -0.809030 -0.110252 0.577334
vn -0.848530 -0.394758 0.352368
vn -0.858522 -0.391748 0.330868
vn -0.767961 -0.635888 0.076701
vn -0.798674 -0.597434 0.072063
vn -0.710357 -0.703077 0.032797
vn -0.776740 -0.629137 0.029348
vn 0.878796 -0.361225 -0.311825
vn 0.921243 -0.245926 -0.301384
vn 0.734797 -0.678287 0.000000
vn -0.734797 -0.678287 0.000000
vn -0.767433 -0.640896 -0.017266
vn 0.766757 -0.641937 0.000000
vn 0.766757 -0.641937 0.000000
vn 0.000000 0.000000 1.000000
vn 0.000000 0.000000 1.000000
vn 1.000000 -0.000000 0.000000
vn 1.000000 0.000000 0.000000
vn 1.000000 0.000000 -0.000000
vn 1.000000 0.000000 0.000000
vn 1.000000 0.000000 0.000000
vn -1.000000 0.000000 0.000000
vn -1.000000 0.000000 -0.000000
vn 1.000000 0.000000 0.000000
vn 1.000000 0.000000 0.000000
vn 0.530683 -0.813131 0.239149
vn 0.431442 -0.901242 -0.040250
vn 0.091308 -0.994831 -0.044430
vn -0.107074 -0.993811 -0.029581
vn -0.057007 -0.997205 -0.048291
vn 0.703721 -0.281355 -0.652393
vn 0.722543 -0.282415 -0.631010
vn 0.146958 -0.029876 0.988691
vn 0.144064 -0.027458 0.989187
vn -0.054977 -0.998488 0.000000
vn -0.054977 -0.998488 0.000000
vn -0.922584 0.385796 0.000000
vn -0.922584 0.385796 0.000000
vn 0.903433 0.041759 -0.426691
vn 0.937183 0.024853 -0.347951
vn 0.000000 -1.000000 0.000000
vn 0.000000 -1.000000 0.000000
vn 1.000000 0.000000 0.000000
vn 1.000000 0.000000 0.000000
vn 0.495807 -0.614075 -0.614074
vn -0.496292 -0.614343 -0.613414
vn -0.447702 -0.610164 -0.653654
vn -0.546341 -0.702557 -0.455987
vn -0.585765 -0.702022 -0.405024
vn -1.000000 -0.000000 0.000000
vn -1.000000 0.000000 0.000000
vn -0.662505 -0.749057 0.000000
vn -0.662505 -0.749057 0.000000
vn 1.000000 0.000000 0.000000
vn 1.000000 0.000000 0.000000
vn 0.766757 -0.641937 0.000000
vn 0.766757 -0.641937 0.000000
vn 1.000000 0.000000 0.000000
vn 1.000000 0.000000 -0.000000
vn -0.601075 -0.789222 0.125849
vn -0.614487 -0.783017 0.096380
vn -0.645715 -0.757151 0.098869
vn -0.688209 -0.725131 0.023529
vn 0.690733 -0.717991 -0.085886
vn 0.734020 -0.598128 -0.321647
vn 0.617679 -0.386490 -0.684907
vn 0.575611 -0.351323 -0.738406
vn 0.311437 0.000000 -0.950267
vn 0.348060 -0.019818 -0.937263
vn 0.321168 0.000000 -0.947022
vn 0.336855 -0.006386 -0.941535
vn -0.895241 -0.016972 -0.445259
vn -0.872400 -0.000000 -0.488793
vn -1.000000 0.000000 0.000000
vn -1.000000 -0.000000 0.000000
vn 1.000000 -0.000000 0.000000
vn 1.000000 0.000000 0.000000
vn 0.940781 -0.271385 -0.203179
vn 0.954443 -0.230767 -0.189173
vn -1.000000 0.000000 0.000000
vn -1.000000 0.000000 0.000000
vn -0.960406 0.197002 -0.197006
vn -0.966873 0.174816 -0.186003
vn -0.513803 -0.857908 0.000000
vn -0.513803 -0.857908 -0.000000
vn 1.000000 0.000000 0.000000
vn 1.000000 -0.000000 0.000000
vn -1.000000 0.000000 0.000000
vn -1.000000 0.000000 0.000000
vn -1.000000 0.000000 0.000000
vn -1.000000 -0.000000 0.000000
vn -0.930176 -0.259589 0.259589
vn -0.940524 -0.246418 0.233863
vn -0.973759 -0.193076 -0.120482
vn -0.975413 -0.189123 -0.113150
vn -0.955875 0.186577 0.226920
vn -0.972182 0.158565 0.172395
vn 0.846444 0.532217 0.016679
vn 0.827992 0.560672 0.008711
vn -0.958796 0.000000 0.284095
vn -0.968272 0.002914 0.249883
vn 0.722543 -0.690963 0.022405
vn 0.722516 -0.690988 0.022491
vn -1.000000 0.000000 0.000000
vn -1.000000 -0.000000 0.000000
vn 1.000000 0.000000 -0.000000
vn -1.000000 0.000000 0.000000
vn -1.000000 -0.000000 0.000000
vn 1.000000 0.000000 -0.000000
vn -0.929866 0.200552 -0.308429
vn -0.906789 0.216906 -0.361504
vn -0.897891 0.439316 -0.028159
vn -0.894376 0.446261 -0.030709
vn -0.890600 0.454787 0.000000
vn -0.890600 0.454787 0.000000
vn 1.000000 0.000000 0.000000
vn 1.000000 0.000000 0.000000
vn -1.000000 0.000000 -0.000000
vn -1.000000 0.000000 0.000000
vn -0.899807 0.308500 0.308505
vn -0.940028 0.216212 0.263816
vn 0.910427 0.054901 0.410011
vn -1.000000 0.000000 0.000000
vn -1.000000 0.000000 -0.000000
vn -1.000000 0.000000 0.000000
vn -1.000000 0.000000 0.000000
vn -1.000000 0.000000 0.000000
vn -1.000000 0.000000 0.000000
vn -1.000000 0.000000 0.000000
vn -1.000000 0.000000 0.000000
vn 0.840522 0.286811 0.459633
vn 0.800627 0.378810 0.464219
vn -1.000000 0.000000 0.000000
vn -1.000000 0.000000 0.000000
vn -1.000000 0.000000 0.000000
vn -1.000000 0.000000 0.000000
vn -0.054977 -0.998488 0.000000
vn -0.076046 -0.996972 -0.016247
vn 0.884921 -0.369292 -0.283792
vn 0.855275 -0.426568 -0.294183
vn -1.000000 0.000000 0.000000
vn -1.000000 -0.000000 0.000000
vn -0.846464 0.000000 -0.532446
vn -0.769502 -0.013780 -0.638496
vn 1.000000 -0.000000 0.000000
vn 1.000000 0.000000 0.000000
vn -0.905874 -0.420499 0.050720
vn -0.767961 -0.635887 0.076700
vn -0.892434 -0.451079 0.009445
vn -0.742673 -0.669508 0.014019
vn 0.702582 -0.711602 0.000000
vn -0.662003 -0.749220 0.020528
vn -0.647927 -0.759317 0.060228
vn 0.013743 -0.490968 -0.871069
vn 0.000000 -0.385819 -0.922574
vn -0.767304 -0.524539 -0.368923
vn -0.744202 -0.512127 -0.428824
vn 1.000000 0.000000 -0.000000
vn 1.000000 0.000000 0.000000
vn 1.000000 0.000000 0.000000
vn 1.000000 -0.000000 0.000000
vn 1.000000 0.000000 0.000000
vn 0.888489 -0.433881 0.149451
vn 0.764664 -0.644263 0.014628
vn -0.068220 -0.997569 -0.014236
vn -0.115170 -0.992831 -0.031990
vn -0.783652 0.570974 0.244700
vn -0.750805 0.614557 0.242098
vn -0.859129 -0.274466 -0.431933
vn -0.849699 -0.285680 -0.443169
vn -0.076696 -0.997055 0.000000
vn -0.076696 -0.997055 0.000000
vn 1.000000 0.000000 0.000000
vn 1.000000 0.000000 0.000000
vn -0.076696 -0.997055 0.000000
vn -0.076696 -0.997055 0.000000
vn -0.082466 -0.996470 -0.015721
vn -0.063701 -0.997969 0.000000
vn 0.872400 0.000000 -0.488793
vn 0.872400 0.000000 -0.488793
vn 0.612406 -0.024549 -0.790162
vn 0.761551 0.000000 -0.648105
vn 0.766757 -0.641937 0.000000
vn 0.766757 -0.641937 0.000000
vn 0.859034 -0.273417 -0.432787
vn 0.855925 -0.277819 -0.436130
vn -0.722952 -0.690899 0.000000
vn -0.722952 -0.690899 0.000000
vn -0.723405 -0.690056 0.022519
vn -0.723432 -0.690031 0.022432
vn -0.931765 -0.363062 0.000000
vn -0.931765 -0.363062 0.000000
vn 0.579982 -0.564997 0.586855
vn 0.515469 -0.532163 0.671635
vn -0.465225 -0.554214 0.690226
vn -0.625561 -0.637992 0.449043
vn -0.972852 -0.038273 0.228242
vn -0.976376 -0.038779 0.212569
vn 0.575631 -0.351320 -0.738392
vn 0.534597 -0.320820 -0.781844
vn 0.296864 -0.016903 -0.954770
vn 0.313764 -0.026147 -0.949141
vn 0.291160 0.000000 -0.956674
vn 0.303372 -0.004381 -0.952862
vn -0.300719 -0.000000 -0.953713
vn -0.300719 0.000000 -0.953713
vn -0.902748 0.000000 -0.430169
vn -0.891926 0.009087 -0.452091
vn -1.000000 0.000000 0.000000
vn -1.000000 -0.000000 0.000000
vn -1.000000 0.000000 0.000000
vn -1.000000 -0.000000 0.000000
vn -1.000000 0.000000 0.000000
vn -1.000000 0.000000 0.000000
vn -1.000000 0.000000 0.000000
vn -1.000000 0.000000 0.000000
vn 0.940981 0.302242 0.152328
vn 0.959475 0.239066 0.149179
vn -1.000000 0.000000 0.000000
vn -1.000000 0.000000 0.000000
vn -0.996995 -0.077470 -0.000000
vn -0.996995 -0.077470 0.000000
vn -1.000000 0.000000 0.000000
vn -1.000000 0.000000 0.000000
vn -1.000000 0.000000 0.000000
vn -1.000000 0.000000 0.000000
vn 0.000000 -1.000000 0.000000
vn -0.030313 -0.998805 0.038345
vn 1.000000 -0.000000 -0.000000
vn 1.000000 0.000000 0.000000
vn 1.000000 0.000000 -0.000000
vn 1.000000 -0.000000 0.000000
vn 0.837999 -0.000000 0.545672
vn 0.837999 0.000000 0.545672
vn -1.000000 0.000000 0.000000
vn -1.000000 0.000000 0.000000
vn 1.000000 0.000000 0.000000
vn 1.000000 0.000000 -0.000000
vn 1.000000 0.000000 0.000000
vn -1.000000 0.000000 0.000000
vn -1.000000 0.000000 0.000000
vn -1.000000 0.000000 0.000000
vn -1.000000 -0.000000 0.000000
vn 1.000000 0.000000 0.000000
vn 1.000000 0.000000 0.000000
vn -1.000000 0.000000 0.000000
vn -1.000000 0.000000 -0.000000
vn -1.000000 0.000000 0.000000
vn -1.000000 0.000000 0.000000
vn 0.466710 -0.875203 -0.127289
vn 0.703344 -0.703449 -0.102309
vn 0.906789 0.216906 -0.361504
vn 0.929866 0.200552 -0.308429
vn 0.000000 -1.000000 -0.000000
vn 0.000000 -1.000000 0.000000
vn 0.998680 0.000450 -0.051351
vn 0.998909 0.001249 -0.046687
vn -1.000000 0.000000 0.000000
vn -1.000000 0.000000 0.000000
vn 1.000000 0.000000 0.000000
vn 1.000000 0.000000 -0.000000
vn 1.000000 0.000000 -0.000000
vn 1.000000 0.000000 0.000000
vn 1.000000 0.000000 0.000000
vn 1.000000 0.000000 0.000000
vn 1.000000 0.000000 0.000000
vn 1.000000 -0.000000 0.000000
vn -1.000000 -0.000000 0.000000
vn -1.000000 0.000000 0.000000
vn -0.777402 0.626301 -0.058262
vn -0.931955 0.361016 -0.033583
vn -1.000000 0.000000 -0.000000
vn -1.000000 0.000000 0.000000
vn 0.908390 -0.415292 0.048580
vn 0.893577 -0.448820 0.009023
vn -0.890609 -0.454769 0.000000
vn -0.890609 -0.454769 -0.000000
vn 0.893060 -0.449756 -0.012803
vn -0.916539 -0.399945 0.000000
vn -1.000000 0.000000 -0.000000
vn 1.000000 0.000000 0.000000
vn -1.000000 0.000000 0.000000
vn -1.000000 0.000000 0.000000
vn -0.702600 -0.689235 -0.176938
vn -0.763322 -0.644235 -0.047960
vn 0.876622 -0.396114 -0.273181
vn 0.839254 -0.466254 -0.279750
vn 0.975136 -0.221525 -0.005986
vn 0.968277 -0.249879 0.000000
vn 0.000000 0.000000 1.000000
vn -0.032216 -0.446928 0.893990
vn -0.387566 -0.921842 0.000000
vn -0.387566 -0.921842 0.000000
vn -0.387566 -0.921842 0.000000
vn -0.387566 -0.921842 0.000000
vn -0.387566 -0.921842 0.000000
vn -0.387566 -0.921842 0.000000
vn -0.391006 -0.920274 -0.014519
vn -0.406140 -0.913811 -0.000000
vn -0.477393 -0.853364 -0.209444
vn -0.553940 -0.829466 -0.071675
vn -0.819434 -0.536807 -0.200915
vn -0.715317 -0.623350 -0.315842
vn -0.844769 -0.533719 -0.038852
vn -0.865523 -0.495648 -0.072127
vn 0.740090 -0.490462 -0.460124
vn 0.741858 -0.490259 -0.457485
vn 0.859629 -0.510217 0.026759
vn 0.870332 -0.492466 0.000000
vn -0.870332 -0.492466 0.000000
vn -0.859629 -0.510217 0.026759
vn 0.000000 -1.000000 0.000000
vn 0.000000 -1.000000 0.000000
vn 1.000000 0.000000 0.000000
vn 1.000000 0.000000 0.000000
vn 0.180497 -0.186321 0.965767
vn 0.222312 -0.103932 0.969420
vn 0.165763 -0.102774 0.980796
vn 0.183030 -0.078002 0.980008
vn -0.678606 -0.054328 0.732491
vn -0.687641 -0.051597 0.724216
vn -0.694833 -0.146829 0.704023
vn -0.980660 -0.023666 0.194281
vn -0.973622 -0.071240 0.216759
vn -0.871243 -0.401899 -0.281803
vn -0.859621 -0.011918 -0.510792
vn -0.858786 -0.012401 -0.512184
vn -1.000000 0.000000 0.000000
vn -1.000000 0.000000 0.000000
vn -0.722952 -0.690899 0.000000
vn -0.693868 -0.711638 0.110083
vn -0.300719 0.000000 -0.953713
vn -0.300719 0.000000 -0.953713
vn -0.793197 0.313313 -0.522181
vn -0.783941 0.312642 -0.536369
vn -0.902748 0.000000 -0.430169
vn -0.902748 0.000000 -0.430169
vn -1.000000 -0.000000 0.000000
vn -1.000000 0.000000 0.000000
vn -1.000000 0.000000 0.000000
vn -1.000000 -0.000000 0.000000
vn -1.000000 0.000000 0.000000
vn -1.000000 -0.000000 0.000000
vn -1.000000 0.000000 -0.000000
vn -1.000000 0.000000 0.000000
vn -1.000000 0.000000 0.000000
vn -1.000000 0.000000 0.000000
vn -1.000000 0.000000 0.000000
vn -1.000000 0.000000 0.000000
vn -0.076696 -0.997055 0.000000
vn -0.076696 -0.997055 0.000000
vn 0.588971 -0.322072 -0.741203
vn 0.586931 -0.324582 -0.741727
vn -1.000000 0.000000 0.000000
vn -1.000000 0.000000 0.000000
vn -1.000000 0.000000 0.000000
vn -1.000000 0.000000 0.000000
vn -1.000000 0.000000 0.000000
vn -1.000000 0.000000 0.000000
vn 0.000000 -1.000000 0.000000
vn 0.000000 -1.000000 0.000000
vn 1.000000 0.000000 -0.000000
vn 1.000000 0.000000 0.000000
vn -1.000000 0.000000 0.000000
vn -1.000000 0.000000 0.000000
vn -1.000000 0.000000 0.000000
vn -1.000000 0.000000 0.000000
vn -1.000000 0.000000 0.000000
vn -1.000000 -0.000000 0.000000
vn -1.000000 0.000000 0.000000
vn -1.000000 0.000000 0.000000
vn -0.969231 0.000000 0.246154
vn -0.969231 0.000000 0.246154
vn -1.000000 0.000000 0.000000
vn -1.000000 0.000000 0.000000
vn -1.000000 0.000000 0.000000
vn -1.000000 0.000000 0.000000
vn -1.000000 0.000000 0.000000
vn -1.000000 0.000000 0.000000
vn -1.000000 0.000000 0.000000
vn -1.000000 0.000000 0.000000
vn -1.000000 0.000000 0.000000
vn -1.000000 0.000000 0.000000
vn -1.000000 0.000000 0.000000
vn -1.000000 0.000000 0.000000
vn -1.000000 0.000000 0.000000
vn -1.000000 0.000000 0.000000
vn -1.000000 0.000000 0.000000
vn -1.000000 0.000000 -0.000000
vn 0.797829 -0.035134 0.601860
vn 0.827861 -0.022275 0.560490
vn 0.974008 0.000000 -0.226514
vn 0.977868 0.004514 -0.209171
vn -0.873177 0.004271 -0.487384
vn -0.846464 0.000000 -0.532446
vn -0.845561 0.008023 -0.533819
vn -0.769575 0.000000 -0.638557
vn 0.996283 0.001295 -0.086135
vn 0.872400 0.000000 -0.488793
vn 0.895241 -0.016972 -0.445259
vn 1.000000 0.000000 0.000000
vn 1.000000 0.000000 -0.000000
vn 1.000000 0.000000 0.000000
vn 1.000000 -0.000000 0.000000
vn 1.000000 0.000000 0.000000
vn 0.000000 0.000000 1.000000
vn -0.000000 0.000000 1.000000
vn 0.000000 -0.987413 0.158166
vn 0.000000 -0.987412 0.158166
vn -0.507990 0.000000 -0.861363
vn -0.766180 0.019368 -0.642334
vn -0.997334 -0.072975 -0.000000
vn -0.997334 -0.072975 0.000000
vn -0.684802 -0.728729 0.000000
vn -0.684802 -0.728729 0.000000
vn 1.000000 0.000000 0.000000
vn 1.000000 0.000000 0.000000
vn -1.000000 0.000000 0.000000
vn -1.000000 0.000000 0.000000
vn -0.000000 0.000000 1.000000
vn 0.000000 0.000000 1.000000
vn 0.026573 0.000000 0.999647
vn 0.026573 0.000000 0.999647
vn 0.000000 -1.000000 0.000000
vn 0.000000 -1.000000 0.000000
vn 0.000000 -1.000000 0.000000
vn 0.000000 -1.000000 0.000000
vn -1.000000 0.000000 0.000000
vn -1.000000 0.000000 0.000000
vn 1.000000 0.000000 0.000000
vn 1.000000 0.000000 0.000000
vn -1.000000 -0.000000 0.000000
vn -1.000000 0.000000 0.000000
vn -1.000000 -0.000000 0.000000
vn -1.000000 0.000000 0.000000
vn -1.000000 -0.000000 0.000000
vn -1.000000 0.000000 0.000000
vn 0.840299 0.000000 -0.542123
vn 0.867839 0.004354 -0.496827
vn -1.000000 -0.000000 0.000000
vn -1.000000 0.000000 0.000000
vn -0.913531 -0.307911 -0.265803
vn -0.868523 -0.420497 -0.262395
vn -0.741858 -0.490259 -0.457485
vn -0.740090 -0.490462 -0.460124
vn -0.429804 -0.639516 -0.637407
vn -0.447449 -0.620244 -0.644272
vn -0.485050 -0.611592 -0.625045
vn -0.496679 -0.599448 -0.627672
vn -0.790906 -0.507059 -0.342577
vn -0.790543 -0.513517 -0.333681
vn 0.913814 -0.406133 0.000000
vn 0.913814 -0.406133 0.000000
vn -0.934090 -0.353852 -0.047596
vn -0.922455 -0.375883 -0.088248
vn -0.144731 -0.017666 0.989313
vn -0.161766 -0.029238 0.986396
vn -1.000000 0.000000 0.000000
vn -1.000000 0.000000 0.000000
vn 0.933424 -0.240420 -0.266306
vn 0.927247 -0.231020 -0.294690
vn 1.000000 0.000000 -0.000000
vn 1.000000 0.000000 0.000000
vn -0.996651 -0.081776 0.000000
vn -0.996651 -0.081776 0.000000
vn 0.996856 -0.079237 0.000000
vn 0.996856 -0.079237 0.000000
vn -1.000000 0.000000 0.000000
vn -1.000000 0.000000 0.000000
vn -0.996651 -0.081776 0.000000
vn -0.996651 -0.081776 0.000000
vn -0.697610 -0.044405 0.715101
vn -0.687501 -0.050343 0.724436
vn -1.000000 0.000000 0.000000
vn -1.000000 0.000000 0.000000
vn 1.000000 0.000000 -0.000000
vn 1.000000 0.000000 0.000000
vn -0.671082 -0.136429 0.728722
vn -0.722469 -0.175437 0.668775
vn -0.688313 -0.392520 0.610044
vn -0.703339 -0.414789 0.577291
vn -0.999904 -0.013863 -0.000000
vn -0.999904 -0.013863 0.000000
vn 1.000000 0.000000 0.000000
vn 1.000000 0.000000 0.000000
vn -0.999904 -0.013863 -0.000000
vn -0.999904 -0.013863 0.000000
vn -0.379563 -0.000000 -0.925166
vn -0.379563 0.000000 -0.925166
vn 0.979603 0.000000 -0.200944
vn 0.979603 0.000000 -0.200944
vn 0.583176 -0.812346 0.000000
vn 0.583176 -0.812346 0.000000
vn -0.026485 0.000000 0.999649
vn -0.026485 0.000000 0.999649
vn -0.300719 0.000000 -0.953713
vn -0.300719 0.000000 -0.953713
vn 1.000000 -0.000000 0.000000
vn 1.000000 0.000000 0.000000
vn -0.902748 0.000000 -0.430169
vn -0.902749 0.000000 -0.430169
vn -1.000000 0.000000 -0.000000
vn -1.000000 0.000000 0.000000
vn -1.000000 0.000000 0.000000
vn -1.000000 -0.000000 0.000000
vn 1.000000 -0.000000 0.000000
vn 1.000000 0.000000 0.000000
vn 1.000000 0.000000 0.000000
vn 1.000000 0.000000 0.000000
vn -1.000000 0.000000 0.000000
vn -1.000000 0.000000 0.000000
vn 1.000000 0.000000 0.000000
vn 1.000000 0.000000 0.000000
vn -0.997300 -0.005860 -0.073197
vn -0.998564 -0.001156 -0.053553
vn -1.000000 0.000000 0.000000
vn -1.000000 0.000000 0.000000
vn -1.000000 0.000000 0.000000
vn -1.000000 0.000000 0.000000
vn -1.000000 0.000000 0.000000
vn -1.000000 0.000000 0.000000
vn 1.000000 -0.000000 0.000000
vn 1.000000 0.000000 0.000000
vn -1.000000 0.000000 0.000000
vn -1.000000 0.000000 0.000000
vn -1.000000 0.000000 0.000000
vn -1.000000 0.000000 0.000000
vn -1.000000 0.000000 0.000000
vn -1.000000 0.000000 0.000000
vn -1.000000 0.000000 0.000000
vn -1.000000 0.000000 0.000000
vn -0.885194 0.328958 -0.328965
vn -0.894799 0.327491 -0.303455
vn -1.000000 0.000000 0.000000
vn -1.000000 0.000000 0.000000
vn -1.000000 0.000000 0.000000
vn -1.000000 0.000000 0.000000
vn 0.000000 -0.325873 0.945413
vn -0.023152 -0.321179 0.946735
vn -1.000000 0.000000 0.000000
vn -1.000000 0.000000 -0.000000
vn 1.000000 0.000000 0.000000
vn -1.000000 0.000000 0.000000
vn -1.000000 0.000000 -0.000000
vn 1.000000 0.000000 -0.000000
vn -1.000000 0.000000 0.000000
vn -1.000000 0.000000 0.000000
vn 1.000000 0.000000 0.000000
vn -1.000000 0.000000 0.000000
vn -1.000000 0.000000 -0.000000
vn 1.000000 0.000000 -0.000000
vn -1.000000 0.000000 0.000000
vn -1.000000 0.000000 0.000000
vn 1.000000 0.000000 -0.000000
vn -1.000000 0.000000 0.000000
vn -1.000000 -0.000000 0.000000
vn 0.000000 0.000000 1.000000
vn -0.000000 0.000000 1.000000
vn -1.000000 0.000000 0.000000
vn -1.000000 0.000000 0.000000
vn -0.702593 0.711592 0.000000
vn -0.734605 0.678297 0.016429
vn 1.000000 0.000000 0.000000
vn 1.000000 0.000000 0.000000
vn -0.509837 -0.340675 -0.789941
vn -0.508051 -0.342744 -0.790196
vn -0.700343 -0.711417 -0.058362
vn -0.713134 -0.695342 -0.089104
vn -0.009055 -0.067002 0.997712
vn 0.009054 -0.067002 0.997712
vn 0.000000 -0.067005 0.997753
vn 0.623655 -0.058441 0.779512
vn -1.000000 0.000000 0.000000
vn -1.000000 -0.000000 0.000000
vn -1.000000 0.000000 0.000000
vn -1.000000 0.000000 0.000000
vn -1.000000 0.000000 0.000000
vn -1.000000 0.000000 0.000000
vn -0.999893 0.000549 -0.014650
vn -0.999883 0.000149 -0.015291
vn -0.979615 0.001962 -0.200876
vn -0.977879 0.000000 -0.209174
vn -0.846452 -0.005253 -0.532438
vn -0.873575 0.000000 -0.486690
vn 0.855757 -0.286990 -0.430485
vn 0.875588 -0.261727 -0.406011
vn -0.769575 0.000000 -0.638557
vn -0.622080 -0.024313 -0.782576
vn 0.999893 0.000000 -0.014650
vn 0.999893 0.000000 -0.014650
vn -0.989586 0.000000 -0.143946
vn -0.989586 0.000000 -0.143946
vn -0.960195 0.279330 0.000000
vn -0.960195 0.279330 0.000000
vn 0.571126 -0.571211 -0.589519
vn 0.693153 -0.693049 -0.198045
vn 0.693153 -0.693049 -0.198045
vn 0.000000 -1.000000 -0.000000
vn 0.000000 -1.000000 0.000000
vn 0.000000 -1.000000 0.000000
vn 0.000000 -1.000000 0.000000
vn -1.000000 -0.000000 0.000000
vn -1.000000 0.000000 0.000000
vn 0.000000 -1.000000 -0.000000
vn -0.069495 -0.996072 0.054864
vn -0.038303 -0.998118 -0.047881
vn -0.038188 -0.998115 -0.048045
vn -0.050519 -0.998684 -0.008786
vn -0.048141 -0.998763 -0.012423
vn 1.000000 0.000000 0.000000
vn 1.000000 0.000000 0.000000
vn -0.703344 -0.703449 -0.102309
vn -0.443424 -0.886980 -0.129002
vn 0.737260 -0.644993 -0.201078
vn 0.989586 0.000000 -0.143946
vn 0.707080 -0.707133 0.000000
vn 0.707080 -0.707133 0.000000
vn -0.989551 -0.008402 -0.143941
vn -0.993532 0.000000 -0.113549
vn -0.993459 -0.012126 -0.113541
vn -0.997315 -0.002274 -0.073199
vn -0.996651 -0.081776 0.000000
vn -0.996651 -0.081776 0.000000
vn -0.998565 -0.002105 -0.053502
vn -0.998924 -0.000458 -0.046380
vn -0.998909 0.001249 -0.046687
vn -0.998680 0.000450 -0.051351
vn 1.000000 0.000000 -0.000000
vn 1.000000 0.000000 -0.000000
vn 1.000000 0.000000 0.000000
vn 1.000000 0.000000 -0.000000
vn 1.000000 0.000000 0.000000
vn 1.000000 -0.000000 0.000000
vn 1.000000 0.000000 0.000000
vn 1.000000 -0.000000 0.000000
vn 1.000000 0.000000 0.000000
vn -1.000000 0.000000 0.000000
vn -1.000000 0.000000 0.000000
vn 0.300719 0.000000 -0.953713
vn 0.300719 0.000000 -0.953713
vn -0.999709 -0.024126 0.000000
vn -0.999709 -0.024126 0.000000
vn -0.379472 0.021873 -0.924945
vn -0.507990 0.000000 -0.861363
vn 0.979603 0.000000 -0.200944
vn 0.916536 -0.399952 0.000000
vn 0.916536 -0.399952 0.000000
vn 1.000000 -0.000000 0.000000
vn 1.000000 0.000000 0.000000
vn -1.000000 0.000000 0.000000
vn -1.000000 0.000000 0.000000
vn 0.000000 0.000000 1.000000
vn 0.000000 0.000000 1.000000
vn 1.000000 0.000000 0.000000
vn 1.000000 0.000000 0.000000
vn 0.157858 0.000000 0.987462
vn 0.157858 0.000000 0.987462
vn 1.000000 -0.000000 0.000000
vn 1.000000 0.000000 0.000000
vn 1.000000 -0.000000 0.000000
vn 1.000000 0.000000 0.000000
vn -0.516741 -0.276958 -0.810107
vn -0.533612 -0.259353 -0.804981
vn -1.000000 0.000000 0.000000
vn -1.000000 0.000000 0.000000
vn 0.976035 -0.182026 -0.119260
vn 0.967701 -0.216337 -0.129431
vn -1.000000 -0.000000 0.000000
vn -1.000000 0.000000 0.000000
vn 1.000000 0.000000 0.000000
vn -1.000000 0.000000 0.000000
vn -1.000000 0.000000 -0.000000
vn -1.000000 0.000000 0.000000
vn -1.000000 0.000000 -0.000000
vn 1.000000 0.000000 0.000000
vn -0.722543 -0.282415 -0.631010
vn -0.703721 -0.281355 -0.652393
vn -0.702411 -0.711407 0.022762
vn -0.736443 -0.676500 0.000000
vn -0.586776 -0.325313 -0.741530
vn -0.589508 -0.321955 -0.740827
vn -1.000000 0.000000 0.000000
vn -1.000000 0.000000 0.000000
vn -0.957725 0.047296 -0.283772
vn -0.956861 0.047049 -0.286710
vn -0.321168 0.000000 -0.947022
vn -0.321168 0.000000 -0.947022
vn -0.997864 -0.065319 0.000000
vn -0.997864 -0.065319 0.000000
vn -0.050219 -0.238939 0.969735
vn -0.053170 -0.237639 0.969897
vn -0.998357 -0.045971 -0.034201
vn -0.999787 -0.020656 -0.000000
vn -0.999787 -0.020656 0.000000
vn -0.999787 -0.020656 -0.000000
vn -0.999787 -0.020656 0.000000
vn -0.999787 -0.020656 0.000000
vn -0.999787 -0.020656 0.000000
vn -0.999787 -0.020656 0.000000
vn -0.744085 -0.021811 0.667729
vn -0.697924 -0.038970 0.715111
vn 1.000000 0.000000 0.000000
vn 1.000000 0.000000 0.000000
vn -0.144064 -0.027458 0.989187
vn -0.146958 -0.029876 0.988691
vn 0.157740 -0.113900 0.980890
vn 0.308397 -0.237287 0.921188
vn 1.000000 0.000000 0.000000
vn 1.000000 0.000000 0.000000
vn -0.677376 -0.735461 0.016088
vn -0.684802 -0.728729 0.000000
vn 0.001136 -0.990038 -0.140794
vn 0.001137 -0.990038 -0.140792
vn -1.000000 0.000000 0.000000
vn -1.000000 0.000000 0.000000
vn -0.007551 0.000000 -0.999971
vn -0.007551 0.000000 -0.999971
vn -1.000000 0.000000 0.000000
vn -1.000000 0.000000 0.000000
vn -1.000000 0.000000 0.000000
vn -1.000000 -0.000000 0.000000
vn 0.026573 0.000000 0.999647
vn 0.026573 0.000000 0.999647
vn -1.000000 0.000000 0.000000
vn -1.000000 -0.000000 0.000000
vn -0.622264 0.000000 -0.782807
vn -0.622264 0.000000 -0.782807
vn -1.000000 0.000000 0.000000
vn -1.000000 -0.000000 0.000000
vn -1.000000 0.000000 0.000000
vn -1.000000 0.000000 0.000000
vn -0.997197 -0.074824 0.000000
vn -0.997197 -0.074824 0.000000
vn -1.000000 0.000000 0.000000
vn -1.000000 -0.000000 0.000000
vn -0.300719 0.000000 -0.953713
vn -0.300719 0.000000 -0.953713
vn -1.000000 -0.000000 0.000000
vn -1.000000 0.000000 0.000000
vn -1.000000 0.000000 -0.000000
vn -1.000000 0.000000 0.000000
vn 0.583176 -0.812346 0.000000
vn 0.573182 -0.819363 0.010387
vn -1.000000 0.000000 0.000000
vn -1.000000 0.000000 0.000000
vn 1.000000 0.000000 0.000000
vn 1.000000 0.000000 0.000000
vn 1.000000 0.000000 0.000000
vn 1.000000 0.000000 0.000000
vn -1.000000 0.000000 0.000000
vn -1.000000 0.000000 0.000000
vn -1.000000 0.000000 0.000000
vn -1.000000 0.000000 0.000000
vn 1.000000 0.000000 0.000000
vn 1.000000 0.000000 0.000000
vn 1.000000 0.000000 0.000000
vn 1.000000 0.000000 0.000000
vn -1.000000 0.000000 0.000000
vn -1.000000 0.000000 0.000000
vn -1.000000 0.000000 0.000000
vn -1.000000 0.000000 0.000000
vn 1.000000 -0.000000 0.000000
vn 1.000000 0.000000 -0.000000
vn -1.000000 0.000000 0.000000
vn -1.000000 0.000000 0.000000
vn 0.693053 -0.693157 -0.198017
vn 0.693053 -0.693157 -0.198017
vn -1.000000 0.000000 0.000000
vn -1.000000 0.000000 -0.000000
vn 1.000000 0.000000 0.000000
vn -1.000000 0.000000 0.000000
vn -1.000000 -0.000000 0.000000
vn -1.000000 0.000000 0.000000
vn -1.000000 -0.000000 0.000000
vn 0.000000 -1.000000 0.000000
vn 0.000000 -1.000000 0.000000
vn 1.000000 0.000000 -0.000000
vn 1.000000 0.000000 -0.000000
vn 1.000000 0.000000 -0.000000
vn -1.000000 0.000000 0.000000
vn -1.000000 0.000000 -0.000000
vn 1.000000 0.000000 -0.000000
vn -1.000000 0.000000 0.000000
vn -1.000000 -0.000000 0.000000
vn 1.000000 -0.000000 0.000000
vn 1.000000 0.000000 0.000000
vn -1.000000 0.000000 0.000000
vn -1.000000 -0.000000 0.000000
vn 0.007121 0.000000 -0.999975
vn 0.007121 0.000000 -0.999975
vn 0.840287 -0.005349 -0.542115
vn 0.868249 0.000000 -0.496129
vn 0.000000 -0.258530 0.966003
vn 0.549586 -0.126591 0.825790
vn 0.160271 -0.200565 0.966482
vn 0.077715 -0.237256 0.968334
vn 0.053346 -0.237636 0.969888
vn 0.050385 -0.238937 0.969727
vn 0.032310 -0.239116 0.970453
vn 0.017408 -0.241500 0.970245
vn 0.519231 -0.206425 0.829330
vn -0.226160 -0.226177 0.947468
vn 1.000000 0.000000 0.000000
vn -1.000000 0.000000 0.000000
vn -1.000000 -0.000000 0.000000
vn 1.000000 0.000000 -0.000000
vn 0.903208 0.339694 -0.262341
vn 0.885220 0.341210 -0.316166
vn -0.999882 0.001911 -0.015264
vn -0.999843 0.000382 -0.017695
vn -0.977869 0.004514 -0.209171
vn -0.974008 0.000000 -0.226514
vn -0.973952 0.010723 -0.226501
vn -0.965363 0.000000 -0.260912
vn 0.902749 0.000000 -0.430169
vn 0.902748 0.000000 -0.430169
vn -0.007543 0.000000 -0.999972
vn -0.007543 0.000000 -0.999972
vn -0.693054 -0.693157 -0.198017
vn -0.693054 -0.693157 -0.198017
vn -0.706759 -0.706812 -0.030155
vn -0.706733 -0.706838 -0.030155
vn 0.000000 -1.000000 -0.000000
vn 0.000000 -1.000000 0.000000
vn 1.000000 0.000000 0.000000
vn 1.000000 0.000000 0.000000
vn -0.779279 0.136869 0.611548
vn -0.768014 0.152980 0.621893
vn -0.638111 -0.769916 -0.006591
vn -0.642032 -0.766678 -0.000000
vn -0.027609 -0.999606 0.004955
vn -0.039446 -0.999090 0.016236
vn 0.000000 -1.000000 0.000000
vn 0.000000 -1.000000 0.000000
vn 0.000000 -1.000000 -0.000000
vn 0.000000 -1.000000 0.000000
vn -0.000000 -1.000000 0.000000
vn 0.000000 -1.000000 0.000000
vn 0.000000 -1.000000 0.000000
vn 0.000000 -1.000000 -0.000000
vn -0.447160 -0.894454 0.000000
vn -0.704130 -0.704235 0.090856
vn 0.993687 0.000000 0.112189
vn 0.752632 -0.658441 0.000000
vn 0.997197 -0.074824 0.000000
vn 0.997197 -0.074824 0.000000
vn 0.999709 -0.024126 0.000000
vn 0.999709 -0.024126 0.000000
vn -0.861674 -0.316896 -0.396352
vn -0.853360 -0.325551 -0.407178
vn -1.000000 0.000000 0.000000
vn -1.000000 0.000000 0.000000
vn -1.000000 0.000000 0.000000
vn -1.000000 0.000000 -0.000000
vn -1.000000 0.000000 0.000000
vn -1.000000 0.000000 -0.000000
vn 1.000000 0.000000 0.000000
vn 1.000000 0.000000 0.000000
vn 1.000000 0.000000 -0.000000
vn 1.000000 0.000000 -0.000000
vn 1.000000 0.000000 0.000000
vn 1.000000 0.000000 -0.000000
vn 1.000000 0.000000 0.000000
vn 1.000000 0.000000 -0.000000
vn 1.000000 0.000000 0.000000
vn 1.000000 -0.000000 0.000000
vn 1.000000 0.000000 0.000000
vn 1.000000 -0.000000 0.000000
vn 1.000000 0.000000 0.000000
vn 1.000000 -0.000000 0.000000
vn 1.000000 0.000000 0.000000
vn -0.702593 -0.711592 0.000000
vn -0.702593 -0.711592 0.000000
vn 0.000000 0.000000 1.000000
vn 0.000000 0.000000 1.000000
vn 1.000000 -0.000000 0.000000
vn 1.000000 0.000000 0.000000
vn 1.000000 0.000000 0.000000
vn 1.000000 -0.000000 0.000000
vn 0.432090 0.000000 -0.901830
vn 0.986947 -0.157394 -0.034102
vn 0.974768 -0.005798 -0.223145
vn -0.999864 -0.007600 -0.014649
vn -1.000000 0.000000 0.000000
vn -1.000000 0.000000 0.000000
vn -1.000000 0.000000 0.000000
vn -1.000000 0.000000 0.000000
vn -1.000000 0.000000 0.000000
vn 0.000000 0.000000 1.000000
vn 0.000000 0.000000 1.000000
vn 0.000000 0.000000 1.000000
vn 0.000000 0.000000 1.000000
vn -0.999904 -0.013863 -0.000000
vn -0.999904 -0.013863 0.000000
vn 0.999709 -0.024126 0.000000
vn 0.999709 -0.024126 0.000000
vn 1.000000 0.000000 -0.000000
vn 1.000000 0.000000 0.000000
vn 1.000000 0.000000 0.000000
vn 1.000000 -0.000000 0.000000
vn 0.898942 -0.362211 0.246386
vn 0.910289 -0.352488 0.217084
vn 1.000000 0.000000 0.000000
vn -1.000000 0.000000 0.000000
vn -1.000000 0.000000 -0.000000
vn 0.999757 -0.022033 0.000000
vn 0.999757 -0.022033 0.000000
vn -1.000000 0.000000 0.000000
vn -1.000000 0.000000 0.000000
vn -1.000000 0.000000 -0.000000
vn -1.000000 0.000000 0.000000
vn 1.000000 0.000000 0.000000
vn -0.744695 -0.227603 -0.627396
vn -0.718361 -0.225046 -0.658264
vn -0.603770 -0.244459 -0.758750
vn -0.598068 -0.251146 -0.761078
vn -0.932934 0.078636 0.351355
vn -0.925232 0.077248 0.371455
vn -1.000000 0.000000 -0.000000
vn -1.000000 0.000000 0.000000
vn 0.764603 -0.384235 -0.517442
vn 0.720104 -0.352001 -0.597951
vn -0.890600 0.454787 0.000000
vn -0.890600 0.454787 0.000000
vn 0.000000 -1.000000 0.000000
vn 0.000000 -1.000000 0.000000
vn -1.000000 0.000000 0.000000
vn -1.000000 0.000000 0.000000
vn -0.005290 -0.199674 0.979848
vn -0.025820 -0.221395 0.974842
vn -1.000000 0.000000 0.000000
vn -1.000000 0.000000 0.000000
vn -0.736306 -0.676375 -0.019254
vn -0.702593 -0.711592 0.000000
vn -1.000000 0.000000 0.000000
vn -1.000000 0.000000 0.000000
vn 0.000000 -1.000000 0.000000
vn 0.000000 -1.000000 0.000000
vn 1.000000 -0.000000 0.000000
vn 0.743457 -0.142069 0.653520
vn 0.168529 -0.081543 0.982318
vn 0.246941 -0.123435 0.961137
vn 0.722921 -0.690183 -0.032130
vn 0.443531 -0.602799 0.663260
vn 0.684802 -0.728729 0.000000
vn 0.677376 -0.735461 0.016088
vn -0.573182 -0.819363 0.010387
vn -0.583176 -0.812346 0.000000
vn -1.000000 0.000000 0.000000
vn -1.000000 0.000000 0.000000
vn 1.000000 -0.000000 0.000000
vn 1.000000 0.000000 0.000000
vn -1.000000 -0.000000 0.000000
vn -1.000000 0.000000 0.000000
vn 0.007543 0.000000 -0.999972
vn 0.007543 0.000000 -0.999972
vn 0.000000 -0.199677 0.979862
vn 0.000000 -0.199677 0.979862
vn -0.999709 -0.024126 0.000000
vn -0.999709 -0.024126 0.000000
vn -1.000000 0.000000 0.000000
vn -1.000000 0.000000 0.000000
vn 1.000000 0.000000 0.000000
vn 1.000000 0.000000 0.000000
vn 1.000000 0.000000 0.000000
vn 1.000000 -0.000000 0.000000
vn 0.944496 0.000000 -0.328523
vn 0.944496 0.000000 -0.328523
vn -1.000000 -0.000000 0.000000
vn -1.000000 0.000000 0.000000
vn 1.000000 0.000000 0.000000
vn 1.000000 0.000000 0.000000
vn -0.827476 0.000000 0.561502
vn -0.827476 0.000000 0.561502
vn 0.432090 0.000000 -0.901830
vn 0.432090 0.000000 -0.901830
vn -0.997334 -0.072975 -0.000000
vn -0.997334 -0.072975 0.000000
vn 0.902748 0.000000 -0.430169
vn 0.902748 0.000000 -0.430169
vn 0.000000 0.000000 1.000000
vn 0.000000 0.000000 1.000000
vn -1.000000 0.000000 0.000000
vn -1.000000 0.000000 0.000000
vn -0.997334 -0.072975 -0.000000
vn -0.997334 -0.072975 0.000000
vn -0.432090 -0.000000 -0.901830
vn -0.432090 0.000000 -0.901830
vn -1.000000 0.000000 0.000000
vn -1.000000 0.000000 0.000000
vn -0.158383 0.000000 0.987378
vn -0.158383 0.000000 0.987378
vn -1.000000 0.000000 0.000000
vn -1.000000 0.000000 0.000000
vn -1.000000 0.000000 0.000000
vn -1.000000 0.000000 0.000000
vn 1.000000 0.000000 -0.000000
vn 0.766757 -0.641937 0.000000
vn 0.766757 -0.641937 0.000000
vn 1.000000 -0.000000 0.000000
vn 1.000000 0.000000 0.000000
vn -1.000000 0.000000 0.000000
vn -1.000000 0.000000 0.000000
vn 1.000000 0.000000 -0.000000
vn 1.000000 -0.000000 0.000000
vn 1.000000 0.000000 0.000000
vn -0.971760 -0.235972 -0.000000
vn -0.971760 -0.235972 0.000000
vn 0.166085 -0.986111 0.000000
vn 0.310232 0.000000 0.950661
vn -0.922578 -0.385811 0.000000
vn -0.922578 -0.385811 0.000000
vn -0.305181 -0.179721 0.935182
vn 0.000000 -0.081579 0.996667
vn 0.079579 -0.257710 0.962940
vn 0.008042 -0.295594 0.955280
vn 0.055751 -0.295143 0.953825
vn 0.008540 -0.321254 0.946955
vn 0.023152 -0.321179 0.946735
vn 0.000000 -0.325873 0.945413
vn -0.309816 -0.309839 0.898896
vn 0.000000 -0.330606 0.943769
vn 1.000000 0.000000 0.000000
vn 1.000000 0.000000 -0.000000
vn -1.000000 0.000000 0.000000
vn -1.000000 -0.000000 0.000000
vn 1.000000 0.000000 0.000000
vn 1.000000 -0.000000 0.000000
vn -1.000000 0.000000 0.000000
vn -1.000000 0.000000 0.000000
vn -0.999788 0.001835 -0.020507
vn -0.999772 0.000644 -0.021341
vn -0.999772 0.000000 -0.021327
vn -0.999773 0.000000 -0.021327
vn -0.999773 0.000000 -0.021327
vn -0.999773 0.000000 -0.021327
vn 0.999773 0.000000 -0.021327
vn 0.706838 -0.706733 -0.030158
vn -1.000000 -0.000000 0.000000
vn -1.000000 0.000000 0.000000
vn -0.158383 0.000000 0.987378
vn -0.158383 0.000000 0.987378
vn 0.000000 -0.447160 0.894454
vn 0.027290 0.000000 0.999628
vn 1.000000 0.000000 0.000000
vn 1.000000 0.000000 0.000000
vn 1.000000 0.000000 0.000000
vn 1.000000 0.000000 0.000000
vn 0.025906 -0.221394 0.974840
vn 0.005308 -0.199674 0.979848
vn -0.856922 0.000000 -0.515445
vn -0.856922 0.000000 -0.515445
vn 0.000000 0.979608 0.200916
vn -0.000000 0.979608 0.200916
vn -1.000000 0.000000 -0.000000
vn -1.000000 -0.000000 0.000000
vn -1.000000 -0.000000 0.000000
vn -1.000000 0.000000 0.000000
vn -1.000000 0.000000 0.000000
vn -1.000000 0.000000 0.000000
vn -0.684802 -0.728729 0.000000
vn -0.684802 -0.728729 0.000000
vn -0.827476 0.000000 0.561502
vn -0.827476 0.000000 0.561502
vn -0.032216 -0.893990 0.446928
vn 0.000000 -1.000000 0.000000
vn 0.000000 0.000000 1.000000
vn 0.023763 -0.447034 0.894201
vn -0.961523 0.000000 -0.274723
vn -0.961523 0.000000 -0.274723
vn 0.997334 -0.072975 0.000000
vn 0.997334 -0.072975 0.000000
vn -1.000000 0.000000 0.000000
vn -1.000000 0.000000 0.000000
vn 1.000000 0.000000 0.000000
vn 1.000000 0.000000 0.000000
vn 0.371395 0.000000 -0.928475
vn 0.371395 0.000000 -0.928475
vn 0.000000 1.000000 0.000000
vn 0.000000 1.000000 0.000000
vn 0.666650 -0.666700 0.333300
vn 0.032216 -0.446928 0.893990
vn 0.000000 0.000000 1.000000
vn -1.000000 0.000000 0.000000
vn -1.000000 0.000000 0.000000
vn 1.000000 0.000000 0.000000
vn 1.000000 -0.000000 0.000000
vn 0.000000 -1.000000 0.000000
vn 0.707080 0.000000 0.707133
vn 0.827476 0.000000 0.561502
vn 0.827476 0.000000 0.561502
vn -1.000000 0.000000 0.000000
vn -1.000000 0.000000 0.000000
vn 1.000000 0.000000 0.000000
vn 1.000000 0.000000 0.000000
vn -0.870332 -0.492466 0.000000
vn -0.870332 -0.492466 0.000000
vn -1.000000 0.000000 0.000000
vn -1.000000 0.000000 0.000000
vn 1.000000 0.000000 0.000000
vn 1.000000 -0.000000 0.000000
vn -0.008546 0.000000 -0.999964
vn -0.008546 0.000000 -0.999964
vn 0.861366 -0.507985 0.000000
vn 0.861366 -0.507985 0.000000
vn -1.000000 0.000000 0.000000
vn -1.000000 0.000000 0.000000
vn 1.000000 0.000000 0.000000
vn 1.000000 0.000000 0.000000
vn 1.000000 -0.000000 0.000000
vn 1.000000 0.000000 0.000000
vn -1.000000 0.000000 0.000000
vn -1.000000 -0.000000 0.000000
vn 0.997334 -0.072975 0.000000
vn 0.997334 -0.072975 0.000000
vn 0.371395 0.000000 -0.928475
vn 0.371395 0.000000 -0.928475
vn 0.008555 0.000000 -0.999963
vn 0.008555 0.000000 -0.999963
vn 1.000000 -0.000000 0.000000
vn 1.000000 0.000000 0.000000
vn -0.007543 0.000000 -0.999972
vn -0.007543 0.000000 -0.999972
vn 1.000000 -0.000000 0.000000
vn 1.000000 0.000000 0.000000
vn -1.000000 0.000000 0.000000
vn -1.000000 0.000000 0.000000
vn -1.000000 0.000000 0.000000
vn -1.000000 -0.000000 0.000000
vn 1.000000 0.000000 0.000000
vn 1.000000 -0.000000 0.000000
vn -0.000000 0.000000 1.000000
vn 0.000000 0.000000 1.000000
vn 1.000000 -0.000000 0.000000
vn 1.000000 0.000000 0.000000
vn 0.321168 0.000000 -0.947022
vn 0.321168 0.000000 -0.947022
vn 1.000000 -0.000000 0.000000
vn 1.000000 0.000000 0.000000
vn 1.000000 -0.000000 0.000000
vn 1.000000 0.000000 0.000000
vn 1.000000 0.000000 0.000000
vn 1.000000 -0.000000 0.000000
vn -0.310232 0.000000 0.950661
vn -0.310232 0.000000 0.950661
vn 0.999757 -0.022033 0.000000
vn 0.999757 -0.022033 0.000000
vn 1.000000 -0.000000 0.000000
vn 1.000000 0.000000 0.000000
vn -0.007056 0.000000 -0.999975
vn -0.007056 0.000000 -0.999975
vn -1.000000 0.000000 0.000000
vn -1.000000 0.000000 0.000000
vn -1.000000 0.000000 0.000000
vn -1.000000 -0.000000 0.000000
vn -1.000000 0.000000 0.000000
vn -1.000000 0.000000 0.000000
vn 0.999709 -0.024126 0.000000
vn 0.999709 -0.024126 0.000000
vn -1.000000 0.000000 0.000000
vn -1.000000 0.000000 0.000000
vn -1.000000 0.000000 0.000000
vn -1.000000 -0.000000 0.000000
vn -0.971760 -0.235972 -0.000000
vn -0.971760 -0.235972 0.000000
vn -0.997864 -0.065319 0.000000
vn -0.997864 -0.065319 0.000000
vn 0.000000 1.000000 -0.000000
vn 0.000000 1.000000 0.000000
vn 0.000000 0.000000 1.000000
vn 0.000000 0.000000 1.000000
vn -0.379563 -0.000000 -0.925166
vn -0.379563 0.000000 -0.925166
vn 0.859765 0.000000 -0.510690
vn 0.859765 0.000000 -0.510690
vn -0.902748 0.000000 -0.430169
vn -0.902748 0.000000 -0.430169
vn -0.007063 0.000000 -0.999975
vn -0.007063 0.000000 -0.999975
vn -1.000000 0.000000 0.000000
vn -1.000000 0.000000 0.000000
vn 1.000000 0.000000 0.000000
vn 1.000000 0.000000 0.000000
vn 0.000000 -0.707001 0.707212
vn -0.707080 0.000000 0.707133
f 1853//1 1796//1 1852//1
f 1796//2 1851//2 1852//2
f 1851//3 1892//3 1852//3
f 1892//4 1853//4 1852//4
f 1851//5 1884//5 1892//5
f 1892//6 1906//6 1853//6
f 1906//7 1902//7 1853//7
f 1906//8 1929//8 1902//8
f 1902//9 1854//9 1853//9
f 1929//10 1919//10 1902//10
f 1919//11 1897//11 1902//11
f 1897//12 1854//12 1902//12
f 1897//13 1855//13 1854//13
f 1855//14 1786//14 1854//14
f 1786//15 1853//15 1854//15
f 1786//16 1781//16 1853//16
f 1781//17 1796//17 1853//17
f 1781//18 1778//18 1796//18
f 1778//19 1801//19 1796//19
f 1801//20 1851//20 1796//20
f 1801//21 1850//21 1851//21
f 1850//22 1873//22 1851//22
f 1873//23 1884//23 1851//23
f 1873//24 1894//24 1884//24
f 1894//25 1892//25 1884//25
f 1894//26 1907//26 1892//26
f 1907//27 1916//27 1892//27
f 1916//28 1906//28 1892//28
f 1916//29 1932//29 1906//29
f 1932//30 1929//30 1906//30
f 1932//31 1951//31 1929//31
f 1951//32 1919//32 1929//32
f 1951//33 1952//33 1919//33
f 1952//34 1921//34 1919//34
f 1921//35 1897//35 1919//35
f 1952//36 1955//36 1921//36
f 1921//37 1887//37 1897//37
f 1887//38 1834//38 1897//38
f 1834//39 1855//39 1897//39
f 1887//40 1883//40 1834//40
f 1887//41 1921//41 1883//41
f 1921//42 1928//42 1883//42
f 1921//43 1961//43 1928//43
f 1921//44 1955//44 1961//44
f 1955//45 1966//45 1961//45
f 1955//46 1952//46 1966//46
f 1952//47 1970//47 1966//47
f 1952//48 1965//48 1970//48
f 1952//49 1951//49 1965//49
f 1965//50 1992//50 1970//50
f 1992//51 1966//51 1970//51
f 1992//52 2000//52 1966//52
f 2000//53 1961//53 1966//53
f 2000//54 2006//54 1961//54
f 2006//55 1928//55 1961//55
f 2006//56 1925//56 1928//56
f 1925//57 1883//57 1928//57
f 2006//58 2004//58 1925//58
f 2004//59 2005//59 1925//59
f 2004//60 2126//60 2005//60
f 2004//61 2006//61 2126//61
f 2006//62 2124//62 2126//62
f 2006//63 2090//63 2124//63
f 2006//64 2000//64 2090//64
f 2000//65 2072//65 2090//65
f 2000//66 2059//66 2072//66
f 2000//67 1992//67 2059//67
f 1992//68 1989//68 2059//68
f 1992//69 1965//69 1989//69
f 1965//70 1962//70 1989//70
f 1965//71 1950//71 1962//71
f 1965//72 1951//72 1950//72
f 1951//73 1932//73 1950//73
f 1932//74 1935//74 1950//74
f 1932//75 1916//75 1935//75
f 1935//76 1949//76 1950//76
f 1949//77 1958//77 1950//77
f 1958//78 1962//78 1950//78
f 1958//79 1985//79 1962//79
f 1985//80 1989//80 1962//80
f 1985//81 2065//81 1989//81
f 2065//82 2058//82 1989//82
f 2058//83 2059//83 1989//83
f 2058//84 2119//84 2059//84
f 2119//85 2117//85 2059//85
f 2117//86 2072//86 2059//86
f 2117//87 2102//87 2072//87
f 2102//88 2090//88 2072//88
f 2102//89 2140//89 2090//89
f 2102//90 2117//90 2140//90
f 2140//91 2160//91 2090//91
f 2160//92 2124//92 2090//92
f 2160//93 2302//93 2124//93
f 2302//94 2126//94 2124//94
f 2302//95 2303//95 2126//95
f 2302//96 2627//96 2303//96
f 2302//97 2625//97 2627//97
f 2302//98 2160//98 2625//98
f 2160//99 2311//99 2625//99
f 2311//100 2595//100 2625//100
f 2595//101 2626//101 2625//101
f 2595//102 2597//102 2626//102
f 2597//103 2650//103 2626//103
f 2597//104 2601//104 2650//104
f 2601//105 2655//105 2650//105
f 2597//106 2454//106 2601//106
f 2597//107 2452//107 2454//107
f 2597//108 2595//108 2452//108
f 2595//109 2311//109 2452//109
f 2311//110 2314//110 2452//110
f 2314//111 2355//111 2452//111
f 2355//112 2373//112 2452//112
f 2373//113 2454//113 2452//113
f 2373//114 2409//114 2454//114
f 2409//115 2453//115 2454//115
f 2453//116 2601//116 2454//116
f 2453//117 2336//117 2601//117
f 2336//118 2655//118 2601//118
f 2336//119 2352//119 2655//119
f 2352//120 2647//120 2655//120
f 2352//121 2342//121 2647//121
f 2342//122 2598//122 2647//122
f 2342//123 2334//123 2598//123
f 2334//124 2593//124 2598//124
f 2334//125 2335//125 2593//125
f 2335//126 2594//126 2593//126
f 2335//127 2321//127 2594//127
f 2321//128 2596//128 2594//128
f 2321//129 2297//129 2596//129
f 2297//130 2624//130 2596//130
f 2297//131 2304//131 2624//131
f 2304//132 2630//132 2624//132
f 2304//133 2305//133 2630//133
f 2305//134 2629//134 2630//134
f 2305//135 2306//135 2629//135
f 2306//136 2628//136 2629//136
f 2306//137 2303//137 2628//137
f 2303//138 2627//138 2628//138
f 2306//139 2126//139 2303//139
f 2306//140 2128//140 2126//140
f 2306//141 2305//141 2128//141
f 2128//142 2005//142 2126//142
f 2305//143 2127//143 2128//143
f 2305//144 2304//144 2127//144
f 2304//145 2125//145 2127//145
f 2304//146 2297//146 2125//146
f 2297//147 2131//147 2125//147
f 2297//148 2321//148 2131//148
f 2321//149 2148//149 2131//149
f 2321//150 2335//150 2148//150
f 2335//151 2177//151 2148//151
f 2335//152 2334//152 2177//152
f 2334//153 2176//153 2177//153
f 2334//154 2342//154 2176//154
f 2342//155 2175//155 2176//155
f 2342//156 2352//156 2175//156
f 2352//157 2179//157 2175//157
f 2352//158 2336//158 2179//158
f 2336//159 2178//159 2179//159
f 2178//160 2109//160 2179//160
f 2109//161 2175//161 2179//161
f 2109//162 2107//162 2175//162
f 2107//163 2176//163 2175//163
f 2107//164 2108//164 2176//164
f 2108//165 2110//165 2176//165
f 2110//166 2177//166 2176//166
f 2110//167 2148//167 2177//167
f 2110//168 2073//168 2148//168
f 2073//169 2131//169 2148//169
f 2073//170 2024//170 2131//170
f 2024//171 2007//171 2131//171
f 2007//172 2125//172 2131//172
f 2007//173 2008//173 2125//173
f 2008//174 2127//174 2125//174
f 2008//175 2128//175 2127//175
f 2008//176 2005//176 2128//176
f 2008//177 1927//177 2005//177
f 1927//178 1925//178 2005//178
f 2008//179 1926//179 1927//179
f 2008//180 2007//180 1926//180
f 2007//181 1924//181 1926//181
f 2007//182 2024//182 1924//182
f 2024//183 1936//183 1924//183
f 2024//184 2073//184 1936//184
f 2073//185 1990//185 1936//185
f 2073//186 2110//186 1990//186
f 1990//187 1815//187 1936//187
f 1815//188 1924//188 1936//188
f 1815//189 1799//189 1924//189
f 1799//190 1926//190 1924//190
f 1799//191 1816//191 1926//191
f 1816//192 1881//192 1926//192
f 1881//193 1927//193 1926//193
f 1881//194 1925//194 1927//194
f 1881//195 1882//195 1925//195
f 1882//196 1883//196 1925//196
f 1882//197 1819//197 1883//197
f 1819//198 1834//198 1883//198
f 1819//199 1787//199 1834//199
f 1787//200 1789//200 1834//200
f 1789//201 1791//201 1834//201
f 1791//202 1855//202 1834//202
f 1791//203 1786//203 1855//203
f 1791//204 1754//204 1786//204
f 1754//205 1781//205 1786//205
f 1791//206 1760//206 1754//206
f 1791//207 1765//207 1760//207
f 1791//208 1789//208 1765//208
f 1789//209 1787//209 1765//209
f 1787//210 1768//210 1765//210
f 1787//211 1819//211 1768//211
f 1819//212 1818//212 1768//212
f 1819//213 1882//213 1818//213
f 1882//214 1817//214 1818//214
f 1882//215 1881//215 1817//215
f 1881//216 1816//216 1817//216
f 1816//217 1767//217 1817//217
f 1767//218 1766//218 1817//218
f 1766//219 1818//219 1817//219
f 1766//220 1768//220 1818//220
f 1766//221 1732//221 1768//221
f 1766//222 1767//222 1732//222
f 1732//223 1733//223 1768//223
f 1733//224 1735//224 1768//224
f 1735//225 1765//225 1768//225
f 1735//226 1736//226 1765//226
f 1736//227 1760//227 1765//227
f 1736//228 1730//228 1760//228
f 1730//229 1754//229 1760//229
f 1736//230 1707//230 1730//230
f 1736//231 1701//231 1707//231
f 1736//232 1702//232 1701//232
f 1736//233 1735//233 1702//233
f 1735//234 1705//234 1702//234
f 1735//235 1733//235 1705//235
f 1733//236 1732//236 1705//236
f 1732//237 1706//237 1705//237
f 1706//238 1669//238 1705//238
f 1669//239 1672//239 1705//239
f 1672//240 1702//240 1705//240
f 1672//241 1701//241 1702//241
f 1672//242 1677//242 1701//242
f 1677//243 1685//243 1701//243
f 1685//244 1707//244 1701//244
f 1677//245 1646//245 1685//245
f 1677//246 1672//246 1646//246
f 1672//247 1648//247 1646//247
f 1672//248 1650//248 1648//248
f 1672//249 1669//249 1650//249
f 1650//250 1603//250 1648//250
f 1603//251 1646//251 1648//251
f 1650//252 1618//252 1603//252
f 1650//253 1669//253 1618//253
f 1618//254 1550//254 1603//254
f 1550//255 1592//255 1603//255
f 1592//256 1646//256 1603//256
f 1592//257 1651//257 1646//257
f 1651//258 1685//258 1646//258
f 1592//259 1591//259 1651//259
f 1592//260 1540//260 1591//260
f 1592//261 1550//261 1540//261
f 1540//262 1537//262 1591//262
f 1537//263 1590//263 1591//263
f 1590//264 1651//264 1591//264
f 1537//265 1533//265 1590//265
f 1537//266 1508//266 1533//266
f 1537//267 1540//267 1508//267
f 1540//268 1518//268 1508//268
f 1540//269 1516//269 1518//269
f 1540//270 1550//270 1516//270
f 1550//271 1554//271 1516//271
f 1550//272 1618//272 1554//272
f 1554//273 1509//273 1516//273
f 1618//274 1555//274 1554//274
f 1618//275 1619//275 1555//275
f 1618//276 1669//276 1619//276
f 1669//277 1671//277 1619//277
f 1669//278 1706//278 1671//278
f 1706//279 1704//279 1671//279
f 1706//280 1732//280 1704//280
f 1732//281 1734//281 1704//281
f 1732//282 1767//282 1734//282
f 1767//283 1738//283 1734//283
f 1738//284 1704//284 1734//284
f 1767//285 1816//285 1738//285
f 1816//286 1799//286 1738//286
f 1799//287 1700//287 1738//287
f 1700//288 1704//288 1738//288
f 1799//289 1638//289 1700//289
f 1799//290 1621//290 1638//290
f 1799//291 1815//291 1621//291
f 1621//292 1510//292 1638//292
f 1510//293 1512//293 1638//293
f 1512//294 1622//294 1638//294
f 1622//295 1700//295 1638//295
f 1622//296 1704//296 1700//296
f 1622//297 1670//297 1704//297
f 1670//298 1671//298 1704//298
f 1670//299 1620//299 1671//299
f 1670//300 1622//300 1620//300
f 1620//301 1619//301 1671//301
f 1620//302 1556//302 1619//302
f 1620//303 1622//303 1556//303
f 1556//304 1555//304 1619//304
f 1622//305 1512//305 1556//305
f 1556//306 1513//306 1555//306
f 1556//307 1512//307 1513//307
f 1512//308 1431//308 1513//308
f 1512//309 1510//309 1431//309
f 1431//310 1433//310 1513//310
f 1433//311 1511//311 1513//311
f 1511//312 1555//312 1513//312
f 1511//313 1554//313 1555//313
f 1511//314 1509//314 1554//314
f 1511//315 1429//315 1509//315
f 1511//316 1432//316 1429//316
f 1511//317 1433//317 1432//317
f 1433//318 1313//318 1432//318
f 1433//319 1312//319 1313//319
f 1433//320 1431//320 1312//320
f 1431//321 1310//321 1312//321
f 1431//322 1430//322 1310//322
f 1431//323 1510//323 1430//323
f 1510//324 1501//324 1430//324
f 1510//325 1621//325 1501//325
f 1621//326 1570//326 1501//326
f 1621//327 1815//327 1570//327
f 1815//328 1867//328 1570//328
f 1815//329 1990//329 1867//329
f 1867//330 1898//330 1570//330
f 1867//331 1990//331 1898//331
f 1990//332 2071//332 1898//332
f 1990//333 2110//333 2071//333
f 2110//334 2069//334 2071//334
f 2110//335 2108//335 2069//335
f 2108//336 2107//336 2069//336
f 2107//337 2068//337 2069//337
f 2107//338 2109//338 2068//338
f 2068//339 1891//339 2069//339
f 1891//340 2071//340 2069//340
f 1891//341 1898//341 2071//341
f 1891//342 1539//342 1898//342
f 1539//343 1570//343 1898//343
f 1539//344 1368//344 1570//344
f 1368//345 1447//345 1570//345
f 1447//346 1501//346 1570//346
f 1447//347 1364//347 1501//347
f 1364//348 1413//348 1501//348
f 1413//349 1430//349 1501//349
f 1413//350 1306//350 1430//350
f 1413//351 1364//351 1306//351
f 1306//352 1310//352 1430//352
f 1306//353 1132//353 1310//353
f 1132//354 1133//354 1310//354
f 1133//355 1312//355 1310//355
f 1133//356 1313//356 1312//356
f 1133//357 1134//357 1313//357
f 1134//358 1311//358 1313//358
f 1311//359 1432//359 1313//359
f 1311//360 1429//360 1432//360
f 1311//361 1309//361 1429//361
f 1311//362 1136//362 1309//362
f 1311//363 1135//363 1136//363
f 1311//364 1134//364 1135//364
f 1135//365 810//365 1136//365
f 1135//366 808//366 810//366
f 1135//367 1134//367 808//367
f 1134//368 809//368 808//368
f 1134//369 1133//369 809//369
f 1133//370 807//370 809//370
f 1133//371 1132//371 807//371
f 1132//372 813//372 807//372
f 1132//373 1140//373 813//373
f 1140//374 841//374 813//374
f 1132//375 1306//375 1140//375
f 1140//376 1116//376 841//376
f 1140//377 1306//377 1116//377
f 1116//378 844//378 841//378
f 1306//379 1289//379 1116//379
f 1306//380 1364//380 1289//380
f 1289//381 1103//381 1116//381
f 1103//382 844//382 1116//382
f 1103//383 843//383 844//383
f 1103//384 1102//384 843//384
f 1102//385 839//385 843//385
f 1102//386 1096//386 839//386
f 1096//387 805//387 839//387
f 1096//388 1085//388 805//388
f 1085//389 782//389 805//389
f 1096//390 1260//390 1085//390
f 1096//391 1261//391 1260//391
f 1096//392 1102//392 1261//392
f 1102//393 1103//393 1261//393
f 1103//394 1262//394 1261//394
f 1103//395 1289//395 1262//395
f 1289//396 1330//396 1262//396
f 1330//397 1261//397 1262//397
f 1289//398 1364//398 1330//398
f 1364//399 1447//399 1330//399
f 1447//400 1368//400 1330//400
f 1368//401 1367//401 1330//401
f 1368//402 1539//402 1367//402
f 1367//403 1328//403 1330//403
f 1328//404 1261//404 1330//404
f 1328//405 1327//405 1261//405
f 1328//406 1367//406 1327//406
f 1327//407 1260//407 1261//407
f 1327//408 1258//408 1260//408
f 1258//409 1085//409 1260//409
f 1258//410 1101//410 1085//410
f 1101//411 782//411 1085//411
f 1101//412 836//412 782//412
f 836//413 789//413 782//413
f 836//414 840//414 789//414
f 840//415 811//415 789//415
f 840//416 842//416 811//416
f 842//417 812//417 811//417
f 842//418 1126//418 812//418
f 1126//419 1136//419 812//419
f 1136//420 810//420 812//420
f 1126//421 1277//421 1136//421
f 1277//422 1309//422 1136//422
f 1126//423 1211//423 1277//423
f 1126//424 1123//424 1211//424
f 1126//425 1000//425 1123//425
f 1126//426 842//426 1000//426
f 842//427 840//427 1000//427
f 840//428 983//428 1000//428
f 840//429 999//429 983//429
f 840//430 836//430 999//430
f 836//431 1101//431 999//431
f 1101//432 1109//432 999//432
f 1101//433 1259//433 1109//433
f 1101//434 1258//434 1259//434
f 1258//435 1329//435 1259//435
f 1258//436 1327//436 1329//436
f 1327//437 1366//437 1329//437
f 1327//438 1367//438 1366//438
f 1367//439 1547//439 1366//439
f 1367//440 1539//440 1547//440
f 1539//441 1891//441 1547//441
f 1891//442 1724//442 1547//442
f 1724//443 1654//443 1547//443
f 1654//444 1611//444 1547//444
f 1654//445 1647//445 1611//445
f 1654//446 1681//446 1647//446
f 1654//447 1724//447 1681//447
f 1681//448 1632//448 1647//448
f 1632//449 1611//449 1647//449
f 1632//450 1558//450 1611//450
f 1558//451 1547//451 1611//451
f 1632//452 1633//452 1558//452
f 1632//453 1681//453 1633//453
f 1681//454 1682//454 1633//454
f 1681//455 1755//455 1682//455
f 1681//456 1756//456 1755//456
f 1681//457 1724//457 1756//457
f 1724//458 1783//458 1756//458
f 1724//459 1891//459 1783//459
f 1783//460 1790//460 1756//460
f 1783//461 1826//461 1790//461
f 1783//462 1891//462 1826//462
f 1826//463 1805//463 1790//463
f 1826//464 1891//464 1805//464
f 1805//465 1756//465 1790//465
f 1805//466 1755//466 1756//466
f 1805//467 1804//467 1755//467
f 1805//468 1879//468 1804//468
f 1805//469 1891//469 1879//469
f 1891//470 1939//470 1879//470
f 1891//471 2002//471 1939//471
f 1891//472 2068//472 2002//472
f 2068//473 2070//473 2002//473
f 2068//474 2109//474 2070//474
f 2109//475 2104//475 2070//475
f 2109//476 2178//476 2104//476
f 2178//477 2164//477 2104//477
f 2178//478 2336//478 2164//478
f 2336//479 2329//479 2164//479
f 2336//480 2453//480 2329//480
f 2453//481 2326//481 2329//481
f 2326//482 2164//482 2329//482
f 2453//483 2409//483 2326//483
f 2409//484 2343//484 2326//484
f 2409//485 2373//485 2343//485
f 2373//486 2340//486 2343//486
f 2373//487 2355//487 2340//487
f 2355//488 2339//488 2340//488
f 2355//489 2309//489 2339//489
f 2355//490 2314//490 2309//490
f 2314//491 2249//491 2309//491
f 2314//492 2311//492 2249//492
f 2311//493 2226//493 2249//493
f 2311//494 2160//494 2226//494
f 2160//495 2161//495 2226//495
f 2161//496 2249//496 2226//496
f 2160//497 2140//497 2161//497
f 2140//498 2174//498 2161//498
f 2174//499 2249//499 2161//499
f 2140//500 2145//500 2174//500
f 2140//501 2117//501 2145//501
f 2117//502 2149//502 2145//502
f 2149//503 2174//503 2145//503
f 2117//504 2119//504 2149//504
f 2149//505 2173//505 2174//505
f 2173//506 2249//506 2174//506
f 2173//507 2237//507 2249//507
f 2237//508 2309//508 2249//508
f 2173//509 2231//509 2237//509
f 2231//510 2309//510 2237//510
f 2173//511 2172//511 2231//511
f 2173//512 2149//512 2172//512
f 2149//513 2152//513 2172//513
f 2149//514 2123//514 2152//514
f 2149//515 2119//515 2123//515
f 2119//516 2058//516 2123//516
f 2058//517 2065//517 2123//517
f 2065//518 2064//518 2123//518
f 2065//519 1998//519 2064//519
f 2065//520 1985//520 1998//520
f 1985//521 1973//521 1998//521
f 1985//522 1958//522 1973//522
f 1973//523 1983//523 1998//523
f 1958//524 1972//524 1973//524
f 1972//525 1983//525 1973//525
f 1958//526 1959//526 1972//526
f 1958//527 1949//527 1959//527
f 1949//528 1948//528 1959//528
f 1949//529 1935//529 1948//529
f 1935//530 1934//530 1948//530
f 1935//531 1916//531 1934//531
f 1934//532 1947//532 1948//532
f 1947//533 1959//533 1948//533
f 1934//534 1933//534 1947//534
f 1934//535 1917//535 1933//535
f 1934//536 1916//536 1917//536
f 1916//537 1907//537 1917//537
f 1907//538 1908//538 1917//538
f 1907//539 1894//539 1908//539
f 1894//540 1895//540 1908//540
f 1895//541 1909//541 1908//541
f 1909//542 1917//542 1908//542
f 1909//543 1918//543 1917//543
f 1918//544 1933//544 1917//544
f 1918//545 1920//545 1933//545
f 1920//546 1947//546 1933//546
f 1918//547 1910//547 1920//547
f 1918//548 1909//548 1910//548
f 1910//549 1941//549 1920//549
f 1941//550 1947//550 1920//550
f 1941//551 1960//551 1947//551
f 1960//552 1959//552 1947//552
f 1960//553 1971//553 1959//553
f 1971//554 1972//554 1959//554
f 1960//555 1969//555 1971//555
f 1960//556 1941//556 1969//556
f 1969//557 1979//557 1971//557
f 1969//558 1941//558 1979//558
f 1941//559 1940//559 1979//559
f 1941//560 1910//560 1940//560
f 1910//561 1946//561 1940//561
f 1946//562 1979//562 1940//562
f 1910//563 1905//563 1946//563
f 1910//564 1909//564 1905//564
f 1909//565 1896//565 1905//565
f 1909//566 1895//566 1896//566
f 1895//567 1877//567 1896//567
f 1895//568 1894//568 1877//568
f 1894//569 1876//569 1877//569
f 1894//570 1873//570 1876//570
f 1873//571 1869//571 1876//571
f 1869//572 1870//572 1876//572
f 1870//573 1877//573 1876//573
f 1870//574 1872//574 1877//574
f 1872//575 1878//575 1877//575
f 1878//576 1896//576 1877//576
f 1878//577 1905//577 1896//577
f 1878//578 1899//578 1905//578
f 1899//579 1946//579 1905//579
f 1899//580 1945//580 1946//580
f 1945//581 1986//581 1946//581
f 1986//582 1979//582 1946//582
f 1986//583 1981//583 1979//583
f 1981//584 1971//584 1979//584
f 1981//585 1972//585 1971//585
f 1981//586 1982//586 1972//586
f 1982//587 1983//587 1972//587
f 1982//588 1994//588 1983//588
f 1994//589 1998//589 1983//589
f 1982//590 1995//590 1994//590
f 1982//591 1981//591 1995//591
f 1981//592 1993//592 1995//592
f 1981//593 1986//593 1993//593
f 1986//594 1991//594 1993//594
f 1986//595 1945//595 1991//595
f 1991//596 2025//596 1993//596
f 2025//597 1995//597 1993//597
f 1991//598 1996//598 2025//598
f 1991//599 1945//599 1996//599
f 1945//600 1944//600 1996//600
f 1945//601 1893//601 1944//601
f 1945//602 1899//602 1893//602
f 1899//603 1878//603 1893//603
f 1878//604 1871//604 1893//604
f 1878//605 1872//605 1871//605
f 1872//606 1865//606 1871//606
f 1872//607 1870//607 1865//607
f 1865//608 1864//608 1871//608
f 1864//609 1893//609 1871//609
f 1864//610 1889//610 1893//610
f 1889//611 1944//611 1893//611
f 1889//612 1943//612 1944//612
f 1943//613 1996//613 1944//613
f 1943//614 2001//614 1996//614
f 2001//615 2031//615 1996//615
f 2031//616 2025//616 1996//616
f 2001//617 2037//617 2031//617
f 2037//618 2032//618 2031//618
f 2032//619 2025//619 2031//619
f 2032//620 2027//620 2025//620
f 2027//621 1995//621 2025//621
f 2027//622 2028//622 1995//622
f 2027//623 2032//623 2028//623
f 2028//624 1994//624 1995//624
f 2032//625 2033//625 2028//625
f 2028//626 2030//626 1994//626
f 2028//627 2033//627 2030//627
f 2030//628 2023//628 1994//628
f 2023//629 1998//629 1994//629
f 2023//630 2057//630 1998//630
f 2023//631 2030//631 2057//631
f 2057//632 2064//632 1998//632
f 2030//633 2052//633 2057//633
f 2057//634 2101//634 2064//634
f 2057//635 2052//635 2101//635
f 2101//636 2112//636 2064//636
f 2112//637 2123//637 2064//637
f 2112//638 2141//638 2123//638
f 2141//639 2152//639 2123//639
f 2141//640 2155//640 2152//640
f 2155//641 2172//641 2152//641
f 2155//642 2171//642 2172//642
f 2171//643 2227//643 2172//643
f 2227//644 2231//644 2172//644
f 2227//645 2290//645 2231//645
f 2290//646 2309//646 2231//646
f 2290//647 2339//647 2309//647
f 2290//648 2313//648 2339//648
f 2313//649 2330//649 2339//649
f 2330//650 2340//650 2339//650
f 2330//651 2331//651 2340//651
f 2331//652 2343//652 2340//652
f 2330//653 2317//653 2331//653
f 2330//654 2313//654 2317//654
f 2313//655 2287//655 2317//655
f 2313//656 2290//656 2287//656
f 2287//657 2316//657 2317//657
f 2316//658 2331//658 2317//658
f 2316//659 2315//659 2331//659
f 2315//660 2332//660 2331//660
f 2332//661 2343//661 2331//661
f 2332//662 2308//662 2343//662
f 2308//663 2318//663 2343//663
f 2318//664 2326//664 2343//664
f 2318//665 2165//665 2326//665
f 2165//666 2164//666 2326//666
f 2318//667 2166//667 2165//667
f 2166//668 2106//668 2165//668
f 2106//669 2164//669 2165//669
f 2106//670 2103//670 2164//670
f 2103//671 2104//671 2164//671
f 2103//672 2080//672 2104//672
f 2080//673 2066//673 2104//673
f 2066//674 2070//674 2104//674
f 2066//675 2010//675 2070//675
f 2010//676 2009//676 2070//676
f 2009//677 2002//677 2070//677
f 2009//678 1954//678 2002//678
f 2009//679 2010//679 1954//679
f 1954//680 1939//680 2002//680
f 1954//681 1879//681 1939//681
f 1954//682 1880//682 1879//682
f 1880//683 1804//683 1879//683
f 1954//684 1885//684 1880//684
f 1954//685 1953//685 1885//685
f 1954//686 2010//686 1953//686
f 2010//687 2003//687 1953//687
f 2010//688 2042//688 2003//688
f 2010//689 2066//689 2042//689
f 2066//690 2053//690 2042//690
f 2066//691 2080//691 2053//691
f 2080//692 2078//692 2053//692
f 2080//693 2103//693 2078//693
f 2103//694 2082//694 2078//694
f 2103//695 2106//695 2082//695
f 2106//696 2093//696 2082//696
f 2106//697 2113//697 2093//697
f 2106//698 2166//698 2113//698
f 2166//699 2118//699 2113//699
f 2118//700 2099//700 2113//700
f 2099//701 2093//701 2113//701
f 2099//702 2094//702 2093//702
f 2094//703 2082//703 2093//703
f 2094//704 2083//704 2082//704
f 2083//705 2077//705 2082//705
f 2077//706 2078//706 2082//706
f 2077//707 2054//707 2078//707
f 2054//708 2053//708 2078//708
f 2054//709 2048//709 2053//709
f 2048//710 2042//710 2053//710
f 2048//711 2003//711 2042//711
f 2048//712 2001//712 2003//712
f 2001//713 1942//713 2003//713
f 1942//714 1953//714 2003//714
f 2001//715 1943//715 1942//715
f 1942//716 1886//716 1953//716
f 1942//717 1943//717 1886//717
f 1943//718 1889//718 1886//718
f 1889//719 1860//719 1886//719
f 1889//720 1864//720 1860//720
f 1864//721 1865//721 1860//721
f 1865//722 1859//722 1860//722
f 1865//723 1863//723 1859//723
f 1865//724 1870//724 1863//724
f 1870//725 1869//725 1863//725
f 1869//726 1861//726 1863//726
f 1861//727 1858//727 1863//727
f 1858//728 1859//728 1863//728
f 1858//729 1846//729 1859//729
f 1846//730 1860//730 1859//730
f 1858//731 1847//731 1846//731
f 1858//732 1848//732 1847//732
f 1858//733 1861//733 1848//733
f 1861//734 1849//734 1848//734
f 1861//735 1869//735 1849//735
f 1869//736 1873//736 1849//736
f 1873//737 1850//737 1849//737
f 1850//738 1820//738 1849//738
f 1820//739 1848//739 1849//739
f 1820//740 1828//740 1848//740
f 1828//741 1847//741 1848//741
f 1828//742 1831//742 1847//742
f 1831//743 1846//743 1847//743
f 1828//744 1825//744 1831//744
f 1828//745 1820//745 1825//745
f 1825//746 1824//746 1831//746
f 1824//747 1830//747 1831//747
f 1830//748 1846//748 1831//748
f 1824//749 1823//749 1830//749
f 1824//750 1813//750 1823//750
f 1824//751 1825//751 1813//751
f 1825//752 1814//752 1813//752
f 1825//753 1820//753 1814//753
f 1820//754 1808//754 1814//754
f 1820//755 1811//755 1808//755
f 1820//756 1850//756 1811//756
f 1850//757 1801//757 1811//757
f 1801//758 1808//758 1811//758
f 1801//759 1794//759 1808//759
f 1794//760 1807//760 1808//760
f 1807//761 1814//761 1808//761
f 1807//762 1813//762 1814//762
f 1807//763 1806//763 1813//763
f 1807//764 1793//764 1806//764
f 1807//765 1794//765 1793//765
f 1794//766 1776//766 1793//766
f 1794//767 1777//767 1776//767
f 1794//768 1801//768 1777//768
f 1801//769 1778//769 1777//769
f 1778//770 1763//770 1777//770
f 1778//771 1764//771 1763//771
f 1778//772 1781//772 1764//772
f 1781//773 1741//773 1764//773
f 1781//774 1744//774 1741//774
f 1781//775 1754//775 1744//775
f 1754//776 1727//776 1744//776
f 1727//777 1741//777 1744//777
f 1754//778 1730//778 1727//778
f 1730//779 1712//779 1727//779
f 1730//780 1707//780 1712//780
f 1707//781 1685//781 1712//781
f 1685//782 1693//782 1712//782
f 1685//783 1651//783 1693//783
f 1651//784 1656//784 1693//784
f 1651//785 1590//785 1656//785
f 1656//786 1697//786 1693//786
f 1697//787 1712//787 1693//787
f 1697//788 1711//788 1712//788
f 1711//789 1727//789 1712//789
f 1711//790 1726//790 1727//790
f 1726//791 1741//791 1727//791
f 1726//792 1740//792 1741//792
f 1740//793 1764//793 1741//793
f 1740//794 1763//794 1764//794
f 1740//795 1762//795 1763//795
f 1762//796 1777//796 1763//796
f 1762//797 1776//797 1777//797
f 1762//798 1775//798 1776//798
f 1775//799 1793//799 1776//799
f 1775//800 1792//800 1793//800
f 1792//801 1806//801 1793//801
f 1792//802 1788//802 1806//802
f 1788//803 1812//803 1806//803
f 1812//804 1813//804 1806//804
f 1812//805 1823//805 1813//805
f 1812//806 1800//806 1823//806
f 1812//807 1795//807 1800//807
f 1812//808 1788//808 1795//808
f 1788//809 1749//809 1795//809
f 1788//810 1782//810 1749//810
f 1788//811 1792//811 1782//811
f 1792//812 1774//812 1782//812
f 1792//813 1775//813 1774//813
f 1775//814 1761//814 1774//814
f 1775//815 1762//815 1761//815
f 1762//816 1742//816 1761//816
f 1762//817 1740//817 1742//817
f 1740//818 1728//818 1742//818
f 1740//819 1725//819 1728//819
f 1740//820 1726//820 1725//820
f 1726//821 1710//821 1725//821
f 1726//822 1711//822 1710//822
f 1711//823 1696//823 1710//823
f 1711//824 1697//824 1696//824
f 1697//825 1674//825 1696//825
f 1697//826 1656//826 1674//826
f 1656//827 1641//827 1674//827
f 1656//828 1589//828 1641//828
f 1656//829 1590//829 1589//829
f 1590//830 1545//830 1589//830
f 1590//831 1533//831 1545//831
f 1545//832 1553//832 1589//832
f 1553//833 1588//833 1589//833
f 1588//834 1641//834 1589//834
f 1588//835 1636//835 1641//835
f 1636//836 1660//836 1641//836
f 1660//837 1674//837 1641//837
f 1660//838 1673//838 1674//838
f 1673//839 1696//839 1674//839
f 1660//840 1659//840 1673//840
f 1660//841 1643//841 1659//841
f 1660//842 1636//842 1643//842
f 1643//843 1661//843 1659//843
f 1661//844 1675//844 1659//844
f 1675//845 1673//845 1659//845
f 1675//846 1695//846 1673//846
f 1695//847 1696//847 1673//847
f 1695//848 1709//848 1696//848
f 1709//849 1710//849 1696//849
f 1709//850 1725//850 1710//850
f 1709//851 1728//851 1725//851
f 1709//852 1729//852 1728//852
f 1729//853 1742//853 1728//853
f 1729//854 1743//854 1742//854
f 1743//855 1761//855 1742//855
f 1743//856 1759//856 1761//856
f 1743//857 1729//857 1759//857
f 1759//858 1774//858 1761//858
f 1729//859 1739//859 1759//859
f 1739//860 1774//860 1759//860
f 1729//861 1708//861 1739//861
f 1729//862 1709//862 1708//862
f 1709//863 1695//863 1708//863
f 1695//864 1694//864 1708//864
f 1695//865 1675//865 1694//865
f 1694//866 1698//866 1708//866
f 1698//867 1739//867 1708//867
f 1698//868 1747//868 1739//868
f 1747//869 1774//869 1739//869
f 1747//870 1748//870 1774//870
f 1748//871 1782//871 1774//871
f 1748//872 1749//872 1782//872
f 1748//873 1688//873 1749//873
f 1688//874 1750//874 1749//874
f 1750//875 1795//875 1749//875
f 1750//876 1751//876 1795//876
f 1751//877 1800//877 1795//877
f 1750//878 1687//878 1751//878
f 1750//879 1688//879 1687//879
f 1688//880 1642//880 1687//880
f 1688//881 1649//881 1642//881
f 1688//882 1655//882 1649//882
f 1688//883 1689//883 1655//883
f 1688//884 1748//884 1689//884
f 1748//885 1690//885 1689//885
f 1748//886 1747//886 1690//886
f 1747//887 1698//887 1690//887
f 1698//888 1663//888 1690//888
f 1663//889 1689//889 1690//889
f 1663//890 1655//890 1689//890
f 1663//891 1645//891 1655//891
f 1645//892 1649//892 1655//892
f 1645//893 1631//893 1649//893
f 1631//894 1642//894 1649//894
f 1631//895 1625//895 1642//895
f 1625//896 1637//896 1642//896
f 1637//897 1687//897 1642//897
f 1637//898 1686//898 1687//898
f 1686//899 1751//899 1687//899
f 1686//900 1684//900 1751//900
f 1686//901 1637//901 1684//901
f 1684//902 1753//902 1751//902
f 1753//903 1800//903 1751//903
f 1753//904 1802//904 1800//904
f 1802//905 1829//905 1800//905
f 1829//906 1823//906 1800//906
f 1829//907 1830//907 1823//907
f 1829//908 1846//908 1830//908
f 1829//909 1845//909 1846//909
f 1845//910 1860//910 1846//910
f 1845//911 1862//911 1860//911
f 1862//912 1886//912 1860//912
f 1862//913 1885//913 1886//913
f 1885//914 1953//914 1886//914
f 1862//915 1843//915 1885//915
f 1843//916 1880//916 1885//916
f 1843//917 1804//917 1880//917
f 1843//918 1803//918 1804//918
f 1803//919 1755//919 1804//919
f 1803//920 1752//920 1755//920
f 1752//921 1683//921 1755//921
f 1683//922 1682//922 1755//922
f 1683//923 1634//923 1682//923
f 1634//924 1633//924 1682//924
f 1634//925 1594//925 1633//925
f 1594//926 1557//926 1633//926
f 1557//927 1558//927 1633//927
f 1557//928 1483//928 1558//928
f 1483//929 1498//929 1558//929
f 1498//930 1547//930 1558//930
f 1498//931 1435//931 1547//931
f 1498//932 1483//932 1435//932
f 1435//933 1366//933 1547//933
f 1435//934 1369//934 1366//934
f 1369//935 1329//935 1366//935
f 1435//936 1428//936 1369//936
f 1435//937 1483//937 1428//937
f 1483//938 1427//938 1428//938
f 1427//939 1369//939 1428//939
f 1483//940 1484//940 1427//940
f 1483//941 1552//941 1484//941
f 1483//942 1557//942 1552//942
f 1557//943 1594//943 1552//943
f 1594//944 1575//944 1552//944
f 1594//945 1593//945 1575//945
f 1594//946 1634//946 1593//946
f 1634//947 1610//947 1593//947
f 1610//948 1582//948 1593//948
f 1582//949 1575//949 1593//949
f 1582//950 1577//950 1575//950
f 1577//951 1551//951 1575//951
f 1551//952 1552//952 1575//952
f 1551//953 1485//953 1552//953
f 1485//954 1484//954 1552//954
f 1485//955 1434//955 1484//955
f 1434//956 1427//956 1484//956
f 1434//957 1395//957 1427//957
f 1395//958 1371//958 1427//958
f 1371//959 1369//959 1427//959
f 1371//960 1333//960 1369//960
f 1333//961 1329//961 1369//961
f 1333//962 1259//962 1329//962
f 1333//963 1263//963 1259//963
f 1263//964 1109//964 1259//964
f 1263//965 1111//965 1109//965
f 1111//966 999//966 1109//966
f 1111//967 1037//967 999//967
f 1037//968 983//968 999//968
f 1037//969 1081//969 983//969
f 1081//970 1000//970 983//970
f 1037//971 1095//971 1081//971
f 1037//972 1111//972 1095//972
f 1111//973 1119//973 1095//973
f 1111//974 1265//974 1119//974
f 1111//975 1264//975 1265//975
f 1111//976 1263//976 1264//976
f 1264//977 1332//977 1265//977
f 1264//978 1263//978 1332//978
f 1263//979 1334//979 1332//979
f 1263//980 1333//980 1334//980
f 1333//981 1357//981 1334//981
f 1333//982 1371//982 1357//982
f 1371//983 1395//983 1357//983
f 1395//984 1378//984 1357//984
f 1378//985 1359//985 1357//985
f 1359//986 1334//986 1357//986
f 1359//987 1354//987 1334//987
f 1354//988 1332//988 1334//988
f 1359//989 1360//989 1354//989
f 1359//990 1379//990 1360//990
f 1359//991 1378//991 1379//991
f 1378//992 1393//992 1379//992
f 1378//993 1395//993 1393//993
f 1395//994 1434//994 1393//994
f 1434//995 1399//995 1393//995
f 1399//996 1388//996 1393//996
f 1388//997 1379//997 1393//997
f 1388//998 1380//998 1379//998
f 1380//999 1361//999 1379//999
f 1361//1000 1360//1000 1379//1000
f 1361//1001 1355//1001 1360//1001
f 1355//1002 1354//1002 1360//1002
f 1361//1003 1356//1003 1355//1003
f 1361//1004 1358//1004 1356//1004
f 1361//1005 1380//1005 1358//1005
f 1380//1006 1381//1006 1358//1006
f 1380//1007 1387//1007 1381//1007
f 1380//1008 1388//1008 1387//1008
f 1387//1009 1394//1009 1381//1009
f 1388//1010 1398//1010 1387//1010
f 1398//1011 1394//1011 1387//1011
f 1388//1012 1400//1012 1398//1012
f 1388//1013 1399//1013 1400//1013
f 1399//1014 1406//1014 1400//1014
f 1399//1015 1436//1015 1406//1015
f 1399//1016 1434//1016 1436//1016
f 1434//1017 1485//1017 1436//1017
f 1485//1018 1486//1018 1436//1018
f 1485//1019 1549//1019 1486//1019
f 1485//1020 1551//1020 1549//1020
f 1551//1021 1572//1021 1549//1021
f 1551//1022 1577//1022 1572//1022
f 1577//1023 1578//1023 1572//1023
f 1577//1024 1583//1024 1578//1024
f 1577//1025 1582//1025 1583//1025
f 1582//1026 1608//1026 1583//1026
f 1582//1027 1610//1027 1608//1027
f 1610//1028 1635//1028 1608//1028
f 1610//1029 1634//1029 1635//1029
f 1634//1030 1683//1030 1635//1030
f 1683//1031 1684//1031 1635//1031
f 1683//1032 1753//1032 1684//1032
f 1683//1033 1752//1033 1753//1033
f 1752//1034 1802//1034 1753//1034
f 1752//1035 1803//1035 1802//1035
f 1803//1036 1827//1036 1802//1036
f 1827//1037 1829//1037 1802//1037
f 1803//1038 1843//1038 1827//1038
f 1827//1039 1845//1039 1829//1039
f 1843//1040 1844//1040 1827//1040
f 1844//1041 1845//1041 1827//1041
f 1843//1042 1862//1042 1844//1042
f 1862//1043 1845//1043 1844//1043
f 1684//1044 1637//1044 1635//1044
f 1637//1045 1613//1045 1635//1045
f 1613//1046 1608//1046 1635//1046
f 1637//1047 1625//1047 1613//1047
f 1625//1048 1624//1048 1613//1048
f 1625//1049 1631//1049 1624//1049
f 1624//1050 1614//1050 1613//1050
f 1614//1051 1607//1051 1613//1051
f 1607//1052 1608//1052 1613//1052
f 1607//1053 1583//1053 1608//1053
f 1607//1054 1584//1054 1583//1054
f 1584//1055 1579//1055 1583//1055
f 1579//1056 1578//1056 1583//1056
f 1579//1057 1573//1057 1578//1057
f 1573//1058 1572//1058 1578//1058
f 1579//1059 1574//1059 1573//1059
f 1574//1060 1567//1060 1573//1060
f 1567//1061 1566//1061 1573//1061
f 1566//1062 1572//1062 1573//1062
f 1566//1063 1565//1063 1572//1063
f 1565//1064 1549//1064 1572//1064
f 1565//1065 1544//1065 1549//1065
f 1544//1066 1487//1066 1549//1066
f 1487//1067 1486//1067 1549//1067
f 1487//1068 1436//1068 1486//1068
f 1487//1069 1441//1069 1436//1069
f 1441//1070 1406//1070 1436//1070
f 1487//1071 1488//1071 1441//1071
f 1488//1072 1446//1072 1441//1072
f 1446//1073 1406//1073 1441//1073
f 1446//1074 1412//1074 1406//1074
f 1412//1075 1405//1075 1406//1075
f 1405//1076 1400//1076 1406//1076
f 1405//1077 1404//1077 1400//1077
f 1404//1078 1398//1078 1400//1078
f 1405//1079 1411//1079 1404//1079
f 1405//1080 1412//1080 1411//1080
f 1411//1081 1410//1081 1404//1081
f 1410//1082 1401//1082 1404//1082
f 1401//1083 1398//1083 1404//1083
f 1401//1084 1394//1084 1398//1084
f 1401//1085 1385//1085 1394//1085
f 1385//1086 1381//1086 1394//1086
f 1401//1087 1407//1087 1385//1087
f 1401//1088 1410//1088 1407//1088
f 1407//1089 1386//1089 1385//1089
f 1386//1090 1346//1090 1385//1090
f 1346//1091 1381//1091 1385//1091
f 1346//1092 1358//1092 1381//1092
f 1346//1093 1356//1093 1358//1093
f 1346//1094 1345//1094 1356//1094
f 1345//1095 1355//1095 1356//1095
f 1345//1096 1343//1096 1355//1096
f 1343//1097 1354//1097 1355//1097
f 1343//1098 1344//1098 1354//1098
f 1344//1099 1332//1099 1354//1099
f 1344//1100 1324//1100 1332//1100
f 1324//1101 1265//1101 1332//1101
f 1324//1102 1319//1102 1265//1102
f 1324//1103 1344//1103 1319//1103
f 1319//1104 1266//1104 1265//1104
f 1266//1105 1119//1105 1265//1105
f 1266//1106 1129//1106 1119//1106
f 1129//1107 1095//1107 1119//1107
f 1266//1108 1267//1108 1129//1108
f 1266//1109 1319//1109 1267//1109
f 1319//1110 1315//1110 1267//1110
f 1319//1111 1321//1111 1315//1111
f 1319//1112 1338//1112 1321//1112
f 1319//1113 1344//1113 1338//1113
f 1344//1114 1337//1114 1338//1114
f 1344//1115 1343//1115 1337//1115
f 1343//1116 1339//1116 1337//1116
f 1343//1117 1345//1117 1339//1117
f 1345//1118 1342//1118 1339//1118
f 1345//1119 1346//1119 1342//1119
f 1346//1120 1386//1120 1342//1120
f 1386//1121 1382//1121 1342//1121
f 1386//1122 1414//1122 1382//1122
f 1386//1123 1407//1123 1414//1123
f 1407//1124 1444//1124 1414//1124
f 1407//1125 1410//1125 1444//1125
f 1444//1126 1439//1126 1414//1126
f 1439//1127 1382//1127 1414//1127
f 1439//1128 1376//1128 1382//1128
f 1439//1129 1377//1129 1376//1129
f 1376//1130 1325//1130 1382//1130
f 1376//1131 1377//1131 1325//1131
f 1325//1132 1336//1132 1382//1132
f 1336//1133 1342//1133 1382//1133
f 1336//1134 1339//1134 1342//1134
f 1336//1135 1323//1135 1339//1135
f 1336//1136 1305//1136 1323//1136
f 1336//1137 1325//1137 1305//1137
f 1305//1138 1322//1138 1323//1138
f 1322//1139 1339//1139 1323//1139
f 1322//1140 1337//1140 1339//1140
f 1322//1141 1338//1141 1337//1141
f 1322//1142 1321//1142 1338//1142
f 1322//1143 1303//1143 1321//1143
f 1322//1144 1304//1144 1303//1144
f 1322//1145 1305//1145 1304//1145
f 1305//1146 1296//1146 1304//1146
f 1305//1147 1325//1147 1296//1147
f 1325//1148 1314//1148 1296//1148
f 1325//1149 1377//1149 1314//1149
f 1314//1150 1285//1150 1296//1150
f 1377//1151 1318//1151 1314//1151
f 1318//1152 1288//1152 1314//1152
f 1288//1153 1285//1153 1314//1153
f 1318//1154 1320//1154 1288//1154
f 1320//1155 1292//1155 1288//1155
f 1320//1156 1301//1156 1292//1156
f 1320//1157 1335//1157 1301//1157
f 1320//1158 1384//1158 1335//1158
f 1320//1159 1318//1159 1384//1159
f 1318//1160 1383//1160 1384//1160
f 1318//1161 1377//1161 1383//1161
f 1377//1162 1452//1162 1383//1162
f 1377//1163 1439//1163 1452//1163
f 1452//1164 1448//1164 1383//1164
f 1448//1165 1384//1165 1383//1165
f 1448//1166 1445//1166 1384//1166
f 1445//1167 1365//1167 1384//1167
f 1365//1168 1335//1168 1384//1168
f 1365//1169 1348//1169 1335//1169
f 1348//1170 1301//1170 1335//1170
f 1365//1171 1437//1171 1348//1171
f 1365//1172 1445//1172 1437//1172
f 1445//1173 1471//1173 1437//1173
f 1471//1174 1476//1174 1437//1174
f 1476//1175 1348//1175 1437//1175
f 1471//1176 1482//1176 1476//1176
f 1476//1177 1429//1177 1348//1177
f 1429//1178 1309//1178 1348//1178
f 1309//1179 1301//1179 1348//1179
f 1309//1180 1277//1180 1301//1180
f 1277//1181 1276//1181 1301//1181
f 1277//1182 1211//1182 1276//1182
f 1276//1183 1292//1183 1301//1183
f 1211//1184 1190//1184 1276//1184
f 1211//1185 1123//1185 1190//1185
f 1190//1186 1273//1186 1276//1186
f 1273//1187 1292//1187 1276//1187
f 1273//1188 1272//1188 1292//1188
f 1273//1189 1190//1189 1272//1189
f 1272//1190 1288//1190 1292//1190
f 1272//1191 1271//1191 1288//1191
f 1271//1192 1285//1192 1288//1192
f 1271//1193 1282//1193 1285//1193
f 1282//1194 1296//1194 1285//1194
f 1282//1195 1283//1195 1296//1195
f 1283//1196 1295//1196 1296//1196
f 1295//1197 1304//1197 1296//1197
f 1295//1198 1294//1198 1304//1198
f 1295//1199 1283//1199 1294//1199
f 1294//1200 1303//1200 1304//1200
f 1294//1201 1302//1201 1303//1201
f 1302//1202 1321//1202 1303//1202
f 1302//1203 1315//1203 1321//1203
f 1302//1204 1274//1204 1315//1204
f 1274//1205 1267//1205 1315//1205
f 1302//1206 1275//1206 1274//1206
f 1302//1207 1290//1207 1275//1207
f 1302//1208 1294//1208 1290//1208
f 1294//1209 1284//1209 1290//1209
f 1294//1210 1283//1210 1284//1210
f 1284//1211 1268//1211 1290//1211
f 1284//1212 1283//1212 1268//1212
f 1268//1213 1275//1213 1290//1213
f 1268//1214 1182//1214 1275//1214
f 1182//1215 1274//1215 1275//1215
f 1182//1216 1160//1216 1274//1216
f 1160//1217 1267//1217 1274//1217
f 1160//1218 1145//1218 1267//1218
f 1145//1219 1129//1219 1267//1219
f 1145//1220 1122//1220 1129//1220
f 1145//1221 1160//1221 1122//1221
f 1122//1222 1105//1222 1129//1222
f 1105//1223 1095//1223 1129//1223
f 1105//1224 1097//1224 1095//1224
f 1097//1225 1081//1225 1095//1225
f 1097//1226 1083//1226 1081//1226
f 1083//1227 1000//1227 1081//1227
f 1083//1228 1128//1228 1000//1228
f 1128//1229 1123//1229 1000//1229
f 1128//1230 1190//1230 1123//1230
f 1128//1231 1201//1231 1190//1231
f 1201//1232 1272//1232 1190//1232
f 1201//1233 1206//1233 1272//1233
f 1206//1234 1271//1234 1272//1234
f 1201//1235 1147//1235 1206//1235
f 1201//1236 1128//1236 1147//1236
f 1128//1237 1098//1237 1147//1237
f 1128//1238 1083//1238 1098//1238
f 1083//1239 1097//1239 1098//1239
f 1097//1240 1106//1240 1098//1240
f 1097//1241 1105//1241 1106//1241
f 1105//1242 1122//1242 1106//1242
f 1122//1243 1120//1243 1106//1243
f 1120//1244 1121//1244 1106//1244
f 1121//1245 1107//1245 1106//1245
f 1107//1246 1098//1246 1106//1246
f 1107//1247 1147//1247 1098//1247
f 1107//1248 1124//1248 1147//1248
f 1107//1249 1121//1249 1124//1249
f 1121//1250 1150//1250 1124//1250
f 1121//1251 1120//1251 1150//1251
f 1150//1252 1176//1252 1124//1252
f 1176//1253 1147//1253 1124//1253
f 1176//1254 1210//1254 1147//1254
f 1210//1255 1206//1255 1147//1255
f 1210//1256 1271//1256 1206//1256
f 1210//1257 1270//1257 1271//1257
f 1270//1258 1282//1258 1271//1258
f 1270//1259 1269//1259 1282//1259
f 1270//1260 1210//1260 1269//1260
f 1269//1261 1283//1261 1282//1261
f 1269//1262 1268//1262 1283//1262
f 1269//1263 1208//1263 1268//1263
f 1208//1264 1182//1264 1268//1264
f 1269//1265 1209//1265 1208//1265
f 1269//1266 1210//1266 1209//1266
f 1209//1267 1179//1267 1208//1267
f 1179//1268 1182//1268 1208//1268
f 1179//1269 1152//1269 1182//1269
f 1152//1270 1160//1270 1182//1270
f 1152//1271 1122//1271 1160//1271
f 1152//1272 1151//1272 1122//1272
f 1152//1273 1179//1273 1151//1273
f 1151//1274 1120//1274 1122//1274
f 1151//1275 1150//1275 1120//1275
f 1151//1276 1178//1276 1150//1276
f 1151//1277 1179//1277 1178//1277
f 1179//1278 1209//1278 1178//1278
f 1209//1279 1210//1279 1178//1279
f 1210//1280 1176//1280 1178//1280
f 1176//1281 1150//1281 1178//1281
f 2039//1282 2036//1282 2033//1282
f 2036//1283 2030//1283 2033//1283
f 2036//1284 2052//1284 2030//1284
f 2036//1285 2051//1285 2052//1285
f 2036//1286 2056//1286 2051//1286
f 2036//1287 2043//1287 2056//1287
f 2036//1288 2039//1288 2043//1288
f 2039//1289 2050//1289 2043//1289
f 2050//1290 2055//1290 2043//1290
f 2055//1291 2056//1291 2043//1291
f 2050//1292 2054//1292 2055//1292
f 2050//1293 2049//1293 2054//1293
f 2050//1294 2039//1294 2049//1294
f 2039//1295 2038//1295 2049//1295
f 2039//1296 2032//1296 2038//1296
f 2039//1297 2033//1297 2032//1297
f 2032//1298 2037//1298 2038//1298
f 2037//1299 2049//1299 2038//1299
f 2037//1300 2048//1300 2049//1300
f 2048//1301 2054//1301 2049//1301
f 2037//1302 2001//1302 2048//1302
f 2076//1303 2055//1303 2054//1303
f 2054//1304 2077//1304 2076//1304
f 2076//1305 2079//1305 2055//1305
f 2079//1306 2056//1306 2055//1306
f 2076//1307 2081//1307 2079//1307
f 2076//1308 2077//1308 2081//1308
f 2077//1309 2083//1309 2081//1309
f 2083//1310 2092//1310 2081//1310
f 2083//1311 2094//1311 2092//1311
f 2094//1312 2100//1312 2092//1312
f 2094//1313 2099//1313 2100//1313
f 2099//1314 2116//1314 2100//1314
f 2099//1315 2118//1315 2116//1315
f 2118//1316 2122//1316 2116//1316
f 2118//1317 2167//1317 2122//1317
f 2118//1318 2166//1318 2167//1318
f 2166//1319 2318//1319 2167//1319
f 2318//1320 2308//1320 2167//1320
f 2308//1321 2292//1321 2167//1321
f 2308//1322 2332//1322 2292//1322
f 2332//1323 2315//1323 2292//1323
f 2315//1324 2285//1324 2292//1324
f 2315//1325 2286//1325 2285//1325
f 2315//1326 2316//1326 2286//1326
f 2316//1327 2287//1327 2286//1327
f 2287//1328 2260//1328 2286//1328
f 2260//1329 2258//1329 2286//1329
f 2258//1330 2285//1330 2286//1330
f 2260//1331 2230//1331 2258//1331
f 2258//1332 2255//1332 2285//1332
f 2258//1333 2230//1333 2255//1333
f 2255//1334 2277//1334 2285//1334
f 2277//1335 2292//1335 2285//1335
f 2277//1336 2168//1336 2292//1336
f 2168//1337 2167//1337 2292//1337
f 2168//1338 2122//1338 2167//1338
f 2168//1339 2162//1339 2122//1339
f 2168//1340 2277//1340 2162//1340
f 2277//1341 2255//1341 2162//1341
f 2255//1342 2163//1342 2162//1342
f 2255//1343 2169//1343 2163//1343
f 2255//1344 2230//1344 2169//1344
f 2230//1345 2228//1345 2169//1345
f 2230//1346 2260//1346 2228//1346
f 2228//1347 2170//1347 2169//1347
f 2260//1348 2227//1348 2228//1348
f 2227//1349 2171//1349 2228//1349
f 2171//1350 2170//1350 2228//1350
f 2171//1351 2155//1351 2170//1351
f 2155//1352 2154//1352 2170//1352
f 2154//1353 2169//1353 2170//1353
f 2155//1354 2141//1354 2154//1354
f 2154//1355 2153//1355 2169//1355
f 2141//1356 2142//1356 2154//1356
f 2142//1357 2153//1357 2154//1357
f 2141//1358 2132//1358 2142//1358
f 2141//1359 2112//1359 2132//1359
f 2112//1360 2101//1360 2132//1360
f 2101//1361 2114//1361 2132//1361
f 2101//1362 2095//1362 2114//1362
f 2101//1363 2052//1363 2095//1363
f 2052//1364 2091//1364 2095//1364
f 2052//1365 2051//1365 2091//1365
f 2051//1366 2056//1366 2091//1366
f 2056//1367 2079//1367 2091//1367
f 2079//1368 2081//1368 2091//1368
f 2081//1369 2092//1369 2091//1369
f 2092//1370 2098//1370 2091//1370
f 2098//1371 2095//1371 2091//1371
f 2098//1372 2114//1372 2095//1372
f 2098//1373 2115//1373 2114//1373
f 2115//1374 2132//1374 2114//1374
f 2115//1375 2133//1375 2132//1375
f 2133//1376 2142//1376 2132//1376
f 2133//1377 2143//1377 2142//1377
f 2143//1378 2153//1378 2142//1378
f 2133//1379 2134//1379 2143//1379
f 2133//1380 2115//1380 2134//1380
f 2134//1381 2147//1381 2143//1381
f 2147//1382 2153//1382 2143//1382
f 2147//1383 2169//1383 2153//1383
f 2147//1384 2163//1384 2169//1384
f 2147//1385 2162//1385 2163//1385
f 2147//1386 2135//1386 2162//1386
f 2147//1387 2134//1387 2135//1387
f 2135//1388 2122//1388 2162//1388
f 2135//1389 2116//1389 2122//1389
f 2135//1390 2134//1390 2116//1390
f 2134//1391 2115//1391 2116//1391
f 2115//1392 2100//1392 2116//1392
f 2115//1393 2098//1393 2100//1393
f 2098//1394 2092//1394 2100//1394
f 2725//1395 2728//1395 2015//1395
f 2015//1396 2012//1396 2725//1396
f 2012//1397 2723//1397 2725//1397
f 2012//1398 2011//1398 2723//1398
f 2011//1399 2724//1399 2723//1399
f 2011//1400 2013//1400 2724//1400
f 2013//1401 2726//1401 2724//1401
f 2013//1402 2014//1402 2726//1402
f 2014//1403 2727//1403 2726//1403
f 2014//1404 2016//1404 2727//1404
f 2016//1405 2730//1405 2727//1405
f 2016//1406 2019//1406 2730//1406
f 2019//1407 2732//1407 2730//1407
f 2019//1408 2021//1408 2732//1408
f 2021//1409 2734//1409 2732//1409
f 2021//1410 2022//1410 2734//1410
f 2022//1411 2733//1411 2734//1411
f 2022//1412 2020//1412 2733//1412
f 2020//1413 2731//1413 2733//1413
f 2020//1414 2018//1414 2731//1414
f 2018//1415 2729//1415 2731//1415
f 2018//1416 2017//1416 2729//1416
f 2017//1417 2728//1417 2729//1417
f 2017//1418 2015//1418 2728//1418
f 2017//1419 1419//1419 2015//1419
f 2017//1420 1421//1420 1419//1420
f 2017//1421 2018//1421 1421//1421
f 2018//1422 1422//1422 1421//1422
f 2018//1423 1424//1423 1422//1423
f 2018//1424 2020//1424 1424//1424
f 2020//1425 2022//1425 1424//1425
f 2022//1426 1426//1426 1424//1426
f 2022//1427 2021//1427 1426//1427
f 2021//1428 1425//1428 1426//1428
f 2021//1429 1423//1429 1425//1429
f 2021//1430 2019//1430 1423//1430
f 2019//1431 1420//1431 1423//1431
f 2019//1432 2016//1432 1420//1432
f 2016//1433 2014//1433 1420//1433
f 2014//1434 1418//1434 1420//1434
f 2014//1435 1417//1435 1418//1435
f 2014//1436 2013//1436 1417//1436
f 2013//1437 2011//1437 1417//1437
f 2011//1438 1415//1438 1417//1438
f 2011//1439 2012//1439 1415//1439
f 2012//1440 1416//1440 1415//1440
f 2012//1441 2015//1441 1416//1441
f 2015//1442 1419//1442 1416//1442
f 1419//1443 705//1443 1416//1443
f 705//1444 703//1444 1416//1444
f 703//1445 1415//1445 1416//1445
f 703//1446 704//1446 1415//1446
f 704//1447 1417//1447 1415//1447
f 704//1448 706//1448 1417//1448
f 706//1449 1418//1449 1417//1449
f 706//1450 707//1450 1418//1450
f 707//1451 1420//1451 1418//1451
f 707//1452 710//1452 1420//1452
f 710//1453 1423//1453 1420//1453
f 710//1454 712//1454 1423//1454
f 712//1455 1425//1455 1423//1455
f 712//1456 714//1456 1425//1456
f 714//1457 1426//1457 1425//1457
f 714//1458 713//1458 1426//1458
f 713//1459 1424//1459 1426//1459
f 713//1460 711//1460 1424//1460
f 711//1461 1422//1461 1424//1461
f 711//1462 709//1462 1422//1462
f 709//1463 1421//1463 1422//1463
f 709//1464 708//1464 1421//1464
f 708//1465 1419//1465 1421//1465
f 708//1466 705//1466 1419//1466
f 2261//1467 2227//1467 2260//1467
f 2261//1468 2290//1468 2227//1468
f 2261//1469 2287//1469 2290//1469
f 2261//1470 2260//1470 2287//1470
f 1587//1471 1636//1471 1588//1471
f 1588//1472 1564//1472 1587//1472
f 1588//1473 1553//1473 1564//1473
f 1553//1474 1543//1474 1564//1474
f 1553//1475 1545//1475 1543//1475
f 1545//1476 1530//1476 1543//1476
f 1545//1477 1521//1477 1530//1477
f 1545//1478 1533//1478 1521//1478
f 1533//1479 1505//1479 1521//1479
f 1533//1480 1508//1480 1505//1480
f 1508//1481 1494//1481 1505//1481
f 1508//1482 1518//1482 1494//1482
f 1518//1483 1495//1483 1494//1483
f 1518//1484 1482//1484 1495//1484
f 1518//1485 1516//1485 1482//1485
f 1516//1486 1476//1486 1482//1486
f 1516//1487 1509//1487 1476//1487
f 1509//1488 1429//1488 1476//1488
f 1482//1489 1471//1489 1495//1489
f 1471//1490 1467//1490 1495//1490
f 1471//1491 1445//1491 1467//1491
f 1467//1492 1472//1492 1495//1492
f 1467//1493 1445//1493 1472//1493
f 1472//1494 1494//1494 1495//1494
f 1445//1495 1448//1495 1472//1495
f 1472//1496 1493//1496 1494//1496
f 1493//1497 1505//1497 1494//1497
f 1493//1498 1502//1498 1505//1498
f 1502//1499 1521//1499 1505//1499
f 1493//1500 1492//1500 1502//1500
f 1493//1501 1475//1501 1492//1501
f 1493//1502 1472//1502 1475//1502
f 1472//1503 1448//1503 1475//1503
f 1448//1504 1452//1504 1475//1504
f 1452//1505 1464//1505 1475//1505
f 1464//1506 1479//1506 1475//1506
f 1479//1507 1492//1507 1475//1507
f 1479//1508 1491//1508 1492//1508
f 1491//1509 1503//1509 1492//1509
f 1503//1510 1502//1510 1492//1510
f 1503//1511 1521//1511 1502//1511
f 1503//1512 1520//1512 1521//1512
f 1520//1513 1529//1513 1521//1513
f 1529//1514 1530//1514 1521//1514
f 1529//1515 1542//1515 1530//1515
f 1542//1516 1543//1516 1530//1516
f 1529//1517 1528//1517 1542//1517
f 1529//1518 1520//1518 1528//1518
f 1520//1519 1519//1519 1528//1519
f 1520//1520 1503//1520 1519//1520
f 1503//1521 1504//1521 1519//1521
f 1503//1522 1490//1522 1504//1522
f 1503//1523 1491//1523 1490//1523
f 1490//1524 1517//1524 1504//1524
f 1517//1525 1519//1525 1504//1525
f 1517//1526 1527//1526 1519//1526
f 1527//1527 1528//1527 1519//1527
f 1527//1528 1541//1528 1528//1528
f 1541//1529 1542//1529 1528//1529
f 1527//1530 1534//1530 1541//1530
f 1541//1531 1559//1531 1542//1531
f 1559//1532 1560//1532 1542//1532
f 1560//1533 1543//1533 1542//1533
f 1560//1534 1561//1534 1543//1534
f 1561//1535 1564//1535 1543//1535
f 1561//1536 1568//1536 1564//1536
f 1568//1537 1587//1537 1564//1537
f 1561//1538 1567//1538 1568//1538
f 1561//1539 1566//1539 1567//1539
f 1561//1540 1560//1540 1566//1540
f 1560//1541 1559//1541 1566//1541
f 1559//1542 1565//1542 1566//1542
f 1559//1543 1538//1543 1565//1543
f 1559//1544 1541//1544 1538//1544
f 1538//1545 1544//1545 1565//1545
f 1538//1546 1487//1546 1544//1546
f 1538//1547 1488//1547 1487//1547
f 1538//1548 1534//1548 1488//1548
f 1538//1549 1541//1549 1534//1549
f 1534//1550 1489//1550 1488//1550
f 1489//1551 1446//1551 1488//1551
f 1534//1552 1527//1552 1489//1552
f 1489//1553 1451//1553 1446//1553
f 1451//1554 1412//1554 1446//1554
f 1451//1555 1443//1555 1412//1555
f 1443//1556 1442//1556 1412//1556
f 1442//1557 1411//1557 1412//1557
f 1442//1558 1410//1558 1411//1558
f 1442//1559 1444//1559 1410//1559
f 1442//1560 1456//1560 1444//1560
f 1442//1561 1457//1561 1456//1561
f 1442//1562 1443//1562 1457//1562
f 1443//1563 1458//1563 1457//1563
f 1443//1564 1451//1564 1458//1564
f 1451//1565 1489//1565 1458//1565
f 1489//1566 1496//1566 1458//1566
f 1489//1567 1527//1567 1496//1567
f 1527//1568 1497//1568 1496//1568
f 1527//1569 1517//1569 1497//1569
f 1517//1570 1490//1570 1497//1570
f 1490//1571 1477//1571 1497//1571
f 1477//1572 1468//1572 1497//1572
f 1468//1573 1496//1573 1497//1573
f 1468//1574 1458//1574 1496//1574
f 1468//1575 1466//1575 1458//1575
f 1468//1576 1477//1576 1466//1576
f 1466//1577 1457//1577 1458//1577
f 1477//1578 1478//1578 1466//1578
f 1477//1579 1490//1579 1478//1579
f 1490//1580 1491//1580 1478//1580
f 1491//1581 1479//1581 1478//1581
f 1479//1582 1465//1582 1478//1582
f 1465//1583 1466//1583 1478//1583
f 1465//1584 1457//1584 1466//1584
f 1465//1585 1456//1585 1457//1585
f 1465//1586 1455//1586 1456//1586
f 1455//1587 1444//1587 1456//1587
f 1455//1588 1439//1588 1444//1588
f 1455//1589 1452//1589 1439//1589
f 1455//1590 1464//1590 1452//1590
f 1455//1591 1465//1591 1464//1591
f 1465//1592 1479//1592 1464//1592
f 1626//1593 1636//1593 1587//1593
f 1626//1594 1629//1594 1636//1594
f 1629//1595 1643//1595 1636//1595
f 1629//1596 1630//1596 1643//1596
f 1630//1597 1644//1597 1643//1597
f 1644//1598 1661//1598 1643//1598
f 1644//1599 1662//1599 1661//1599
f 1662//1600 1675//1600 1661//1600
f 1662//1601 1676//1601 1675//1601
f 1676//1602 1694//1602 1675//1602
f 1676//1603 1678//1603 1694//1603
f 1678//1604 1698//1604 1694//1604
f 1678//1605 1663//1605 1698//1605
f 1678//1606 1676//1606 1663//1606
f 1676//1607 1662//1607 1663//1607
f 1662//1608 1645//1608 1663//1608
f 1662//1609 1644//1609 1645//1609
f 1644//1610 1631//1610 1645//1610
f 1644//1611 1630//1611 1631//1611
f 1630//1612 1624//1612 1631//1612
f 1630//1613 1623//1613 1624//1613
f 1630//1614 1629//1614 1623//1614
f 1623//1615 1614//1615 1624//1615
f 1623//1616 1612//1616 1614//1616
f 1612//1617 1607//1617 1614//1617
f 1612//1618 1606//1618 1607//1618
f 1606//1619 1584//1619 1607//1619
f 1606//1620 1585//1620 1584//1620
f 1585//1621 1579//1621 1584//1621
f 1585//1622 1576//1622 1579//1622
f 1576//1623 1574//1623 1579//1623
f 1576//1624 1568//1624 1574//1624
f 1568//1625 1567//1625 1574//1625
f 1576//1626 1586//1626 1568//1626
f 1576//1627 1585//1627 1586//1627
f 1586//1628 1587//1628 1568//1628
f 1586//1629 1626//1629 1587//1629
f 1586//1630 1617//1630 1626//1630
f 1586//1631 1585//1631 1617//1631
f 1617//1632 1629//1632 1626//1632
f 1617//1633 1623//1633 1629//1633
f 1617//1634 1612//1634 1623//1634
f 1617//1635 1609//1635 1612//1635
f 1617//1636 1585//1636 1609//1636
f 1609//1637 1606//1637 1612//1637
f 1609//1638 1585//1638 1606//1638
f 2253//1639 2288//1639 2289//1639
f 2288//1640 2253//1640 2252//1640
f 1183//1641 1205//1641 1184//1641
f 1968//1642 1988//1642 1964//1642
f 1988//1643 1968//1643 1984//1643
f 1130//1644 1127//1644 1149//1644
f 1149//1645 1127//1645 1148//1645
f 1183//1646 1202//1646 1205//1646
f 1202//1647 1224//1647 1205//1647
f 1604//1648 1580//1648 1581//1648
f 1580//1649 1604//1649 1605//1649
f 1967//1650 1987//1650 1980//1650
f 1987//1651 1967//1651 1963//1651
f 2139//1652 2097//1652 2063//1652
f 1531//1653 1515//1653 1514//1653
f 1515//1654 1531//1654 1532//1654
f 1362//1655 1402//1655 1396//1655
f 1402//1656 1362//1656 1347//1656
f 2074//1657 2089//1657 2075//1657
f 2097//1658 2088//1658 2089//1658
f 2089//1659 2088//1659 2075//1659
f 1532//1660 1507//1660 1515//1660
f 1507//1661 1532//1661 1536//1661
f 2041//1662 2034//1662 2040//1662
f 2040//1663 2034//1663 2035//1663
f 2034//1664 2029//1664 2035//1664
f 2035//1665 2029//1665 2089//1665
f 1408//1666 1340//1666 1375//1666
f 1340//1667 1408//1667 1347//1667
f 2063//1668 2029//1668 1978//1668
f 2029//1669 1997//1669 1978//1669
f 1308//1670 1293//1670 1307//1670
f 1293//1671 1308//1671 1291//1671
f 344//1672 572//1672 347//1672
f 572//1673 344//1673 569//1673
f 1980//1674 1987//1674 1984//1674
f 1997//1675 1988//1675 1987//1675
f 1987//1676 1988//1676 1984//1676
f 2253//1677 2307//1677 2232//1677
f 2307//1678 2253//1678 2289//1678
f 1968//1679 1964//1679 1967//1679
f 1967//1680 1964//1680 1963//1680
f 1964//1681 1956//1681 1963//1681
f 1963//1682 1956//1682 1987//1682
f 1481//1683 1440//1683 1462//1683
f 1440//1684 1481//1684 1450//1684
f 1956//1685 1938//1685 1978//1685
f 1978//1686 1938//1686 1914//1686
f 1396//1687 1363//1687 1362//1687
f 1363//1688 1396//1688 1397//1688
f 577//1689 613//1689 582//1689
f 613//1690 577//1690 608//1690
f 1922//1691 1930//1691 1923//1691
f 1938//1692 1931//1692 1930//1692
f 1930//1693 1931//1693 1923//1693
f 1904//1694 1901//1694 1903//1694
f 1903//1695 1901//1695 1900//1695
f 1901//1696 1890//1696 1900//1696
f 1900//1697 1890//1697 1930//1697
f 88//1698 100//1698 99//1698
f 100//1699 88//1699 89//1699
f 1914//1700 1890//1700 1839//1700
f 1890//1701 1874//1701 1839//1701
f 1469//1702 1453//1702 1454//1702
f 1453//1703 1469//1703 1470//1703
f 1157//1704 1197//1704 1198//1704
f 1197//1705 1157//1705 1156//1705
f 1856//1706 1866//1706 1857//1706
f 1874//1707 1868//1707 1866//1707
f 1866//1708 1868//1708 1857//1708
f 1833//1709 1822//1709 1832//1709
f 1832//1710 1822//1710 1821//1710
f 1822//1711 1809//1711 1821//1711
f 1821//1712 1809//1712 1866//1712
f 514//1713 550//1713 541//1713
f 550//1714 514//1714 527//1714
f 1809//1715 1797//1715 1839//1715
f 1839//1716 1797//1716 1772//1716
f 1184//1717 1148//1717 1183//1717
f 1148//1718 1184//1718 1149//1718
f 1657//1719 1691//1719 1679//1719
f 1691//1720 1657//1720 1652//1720
f 1779//1721 1784//1721 1780//1721
f 1797//1722 1785//1722 1784//1722
f 1784//1723 1785//1723 1780//1723
f 1470//1724 1449//1724 1453//1724
f 1449//1725 1470//1725 1474//1725
f 1758//1726 1746//1726 1757//1726
f 1757//1727 1746//1727 1745//1727
f 1746//1728 1737//1728 1745//1728
f 1745//1729 1737//1729 1784//1729
f 1699//1730 1639//1730 1668//1730
f 1639//1731 1699//1731 1652//1731
f 1772//1732 1737//1732 1716//1732
f 1737//1733 1717//1733 1716//1733
f 1717//1734 1699//1734 1716//1734
f 1716//1735 1699//1735 1668//1735
f 2634//1736 2528//1736 2529//1736
f 2528//1737 2634//1737 2633//1737
f 1658//1738 1652//1738 1657//1738
f 1699//1739 1691//1739 1652//1739
f 2288//1740 2233//1740 2310//1740
f 2233//1741 2288//1741 2252//1741
f 1679//1742 1691//1742 1680//1742
f 1691//1743 1692//1743 1680//1743
f 119//1744 263//1744 122//1744
f 263//1745 119//1745 260//1745
f 1658//1746 1653//1746 1652//1746
f 1653//1747 1639//1747 1652//1747
f 1938//1748 1890//1748 1914//1748
f 1890//1749 1938//1749 1930//1749
f 1668//1750 1639//1750 1599//1750
f 1639//1751 1628//1751 1599//1751
f 1580//1752 1571//1752 1581//1752
f 1832//1753 1866//1753 1856//1753
f 1866//1754 1832//1754 1821//1754
f 1628//1755 1616//1755 1571//1755
f 1604//1756 1616//1756 1605//1756
f 1616//1757 1615//1757 1605//1757
f 1833//1758 1868//1758 1822//1758
f 1868//1759 1833//1759 1857//1759
f 1580//1760 1569//1760 1571//1760
f 1569//1761 1563//1761 1571//1761
f 1874//1762 1809//1762 1839//1762
f 1809//1763 1874//1763 1866//1763
f 1563//1764 1546//1764 1599//1764
f 1599//1765 1546//1765 1526//1765
f 55//1766 38//1766 56//1766
f 38//1767 55//1767 37//1767
f 1515//1768 1506//1768 1514//1768
f 1546//1769 1535//1769 1506//1769
f 1922//1770 1900//1770 1930//1770
f 1900//1771 1922//1771 1903//1771
f 1531//1772 1535//1772 1532//1772
f 1535//1773 1536//1773 1532//1773
f 1397//1774 1349//1774 1363//1774
f 1349//1775 1397//1775 1403//1775
f 1515//1776 1507//1776 1506//1776
f 1507//1777 1499//1777 1506//1777
f 1797//1778 1737//1778 1772//1778
f 1737//1779 1797//1779 1784//1779
f 1526//1780 1499//1780 1462//1780
f 1499//1781 1481//1781 1462//1781
f 2144//1782 2130//1782 2129//1782
f 2130//1783 2144//1783 2146//1783
f 1453//1784 1450//1784 1454//1784
f 1307//1785 1287//1785 1316//1785
f 1287//1786 1307//1786 1293//1786
f 1481//1787 1473//1787 1450//1787
f 1469//1788 1473//1788 1470//1788
f 1473//1789 1474//1789 1470//1789
f 1308//1790 1286//1790 1291//1790
f 1286//1791 1308//1791 1317//1791
f 1453//1792 1449//1792 1450//1792
f 1449//1793 1440//1793 1450//1793
f 1440//1794 1408//1794 1462//1794
f 1462//1795 1408//1795 1375//1795
f 2074//1796 2041//1796 2040//1796
f 2041//1797 2074//1797 2075//1797
f 1363//1798 1347//1798 1362//1798
f 1408//1799 1402//1799 1347//1799
f 1514//1800 1535//1800 1531//1800
f 1535//1801 1514//1801 1506//1801
f 1396//1802 1402//1802 1397//1802
f 1402//1803 1403//1803 1397//1803
f 1904//1804 1931//1804 1901//1804
f 1931//1805 1904//1805 1923//1805
f 1363//1806 1349//1806 1347//1806
f 1349//1807 1340//1807 1347//1807
f 750//1808 785//1808 884//1808
f 785//1809 750//1809 733//1809
f 1375//1810 1340//1810 1300//1810
f 1340//1811 1331//1811 1300//1811
f 242//1812 304//1812 243//1812
f 304//1813 242//1813 303//1813
f 1331//1814 1316//1814 1287//1814
f 1307//1815 1316//1815 1308//1815
f 1316//1816 1317//1816 1308//1816
f 1184//1817 1130//1817 1149//1817
f 1130//1818 1184//1818 1205//1818
f 1291//1819 1286//1819 1293//1819
f 1293//1820 1286//1820 1287//1820
f 1286//1821 1278//1821 1287//1821
f 1287//1822 1278//1822 1280//1822
f 1280//1823 1278//1823 1224//1823
f 1278//1824 1225//1824 1224//1824
f 1224//1825 1225//1825 1205//1825
f 1205//1826 1225//1826 1130//1826
f 1225//1827 1110//1827 1130//1827
f 620//1828 645//1828 617//1828
f 645//1829 620//1829 646//1829
f 975//1830 974//1830 880//1830
f 880//1831 974//1831 881//1831
f 2555//1832 2675//1832 2463//1832
f 2675//1833 2555//1833 2656//1833
f 762//1834 763//1834 780//1834
f 780//1835 763//1835 784//1835
f 2554//1836 2674//1836 2652//1836
f 2674//1837 2554//1837 2456//1837
f 763//1838 1092//1838 975//1838
f 975//1839 1092//1839 974//1839
f 974//1840 1092//1840 1091//1840
f 1092//1841 1108//1841 1091//1841
f 1091//1842 1108//1842 1110//1842
f 1110//1843 1108//1843 1130//1843
f 1130//1844 1108//1844 1127//1844
f 1127//1845 1108//1845 1202//1845
f 1202//1846 1108//1846 1224//1846
f 548//1847 531//1847 559//1847
f 531//1848 548//1848 532//1848
f 1224//1849 1170//1849 1280//1849
f 1280//1850 1170//1850 1300//1850
f 2139//1851 2269//1851 2270//1851
f 2269//1852 2139//1852 2138//1852
f 1169//1853 822//1853 821//1853
f 822//1854 1169//1854 1170//1854
f 1978//1855 2062//1855 2063//1855
f 2062//1856 1978//1856 1977//1856
f 180//1857 203//1857 179//1857
f 203//1858 180//1858 204//1858
f 1375//1859 1461//1859 1462//1859
f 1461//1860 1375//1860 1374//1860
f 2063//1861 2138//1861 2139//1861
f 2138//1862 2063//1862 2062//1862
f 2717//1863 2670//1863 2669//1863
f 2670//1864 2717//1864 2718//1864
f 1668//1865 1715//1865 1716//1865
f 1715//1866 1668//1866 1667//1866
f 2270//1867 2617//1867 2618//1867
f 2617//1868 2270//1868 2269//1868
f 1526//1869 1598//1869 1599//1869
f 1598//1870 1526//1870 1525//1870
f 1300//1871 1374//1871 1375//1871
f 1374//1872 1300//1872 1299//1872
f 2618//1873 3435//1873 3436//1873
f 3435//1874 2618//1874 2617//1874
f 1462//1875 1525//1875 1526//1875
f 1525//1876 1462//1876 1461//1876
f 1839//1877 1913//1877 1914//1877
f 1913//1878 1839//1878 1838//1878
f 1679//1879 1658//1879 1657//1879
f 1658//1880 1679//1880 1680//1880
f 2310//1881 2307//1881 2288//1881
f 2288//1882 2307//1882 2289//1882
f 2130//1883 2151//1883 2121//1883
f 2151//1884 2130//1884 2146//1884
f 2253//1885 2232//1885 2252//1885
f 2232//1886 2233//1886 2252//1886
f 1148//1887 1202//1887 1183//1887
f 1202//1888 1148//1888 1127//1888
f 2233//1889 2328//1889 2310//1889
f 881//1890 784//1890 880//1890
f 784//1891 881//1891 780//1891
f 2345//1892 2674//1892 2456//1892
f 314//1893 319//1893 430//1893
f 319//1894 314//1894 261//1894
f 2674//1895 2675//1895 2652//1895
f 2652//1896 2675//1896 2656//1896
f 289//1897 352//1897 290//1897
f 352//1898 289//1898 351//1898
f 2555//1899 2463//1899 2554//1899
f 2554//1900 2463//1900 2456//1900
f 2456//1901 2463//1901 2345//1901
f 2463//1902 2346//1902 2345//1902
f 2346//1903 2327//1903 2345//1903
f 2345//1904 2327//1904 2328//1904
f 2328//1905 2327//1905 2310//1905
f 2310//1906 2327//1906 2307//1906
f 2327//1907 2207//1907 2307//1907
f 2307//1908 2207//1908 2232//1908
f 2232//1909 2207//1909 2233//1909
f 2207//1910 2213//1910 2233//1910
f 2233//1911 2213//1911 2328//1911
f 1170//1912 1108//1912 822//1912
f 1108//1913 1170//1913 1224//1913
f 2213//1914 2156//1914 2270//1914
f 2270//1915 2156//1915 2139//1915
f 1980//1916 1968//1916 1967//1916
f 1968//1917 1980//1917 1984//1917
f 1469//1918 1450//1918 1473//1918
f 1450//1919 1469//1919 1454//1919
f 2144//1920 2150//1920 2146//1920
f 2150//1921 2151//1921 2146//1921
f 1680//1922 1653//1922 1658//1922
f 1653//1923 1680//1923 1692//1923
f 2130//1924 2121//1924 2129//1924
f 2129//1925 2121//1925 2120//1925
f 2121//1926 2105//1926 2120//1926
f 2120//1927 2105//1927 2150//1927
f 1280//1928 1331//1928 1287//1928
f 1331//1929 1280//1929 1300//1929
f 2139//1930 2105//1930 2097//1930
f 1340//1931 1326//1931 1331//1931
f 1326//1932 1340//1932 1341//1932
f 2097//1933 2096//1933 2088//1933
f 1341//1934 1409//1934 1370//1934
f 1409//1935 1341//1935 1349//1935
f 2088//1936 2026//1936 2034//1936
f 2034//1937 2026//1937 2029//1937
f 1408//1938 1438//1938 1409//1938
f 1438//1939 1408//1939 1440//1939
f 1997//1940 1999//1940 1988//1940
f 1438//1941 1480//1941 1463//1941
f 1480//1942 1438//1942 1449//1942
f 1988//1943 1957//1943 1964//1943
f 1964//1944 1957//1944 1956//1944
f 1499//1945 1480//1945 1481//1945
f 1480//1946 1499//1946 1500//1946
f 1938//1947 1937//1947 1931//1947
f 1500//1948 1548//1948 1522//1948
f 1548//1949 1500//1949 1507//1949
f 1931//1950 1888//1950 1901//1950
f 1901//1951 1888//1951 1890//1951
f 2199//1952 2188//1952 2187//1952
f 2188//1953 2199//1953 2200//1953
f 1874//1954 1875//1954 1868//1954
f 466//1955 748//1955 724//1955
f 748//1956 466//1956 455//1956
f 1868//1957 1810//1957 1822//1957
f 1822//1958 1810//1958 1809//1958
f 991//1959 1012//1959 993//1959
f 1012//1960 991//1960 1010//1960
f 1797//1961 1798//1961 1785//1961
f 1640//1962 1703//1962 1664//1962
f 1703//1963 1640//1963 1653//1963
f 1785//1964 1731//1964 1746//1964
f 1746//1965 1731//1965 1737//1965
f 1717//1966 1703//1966 1699//1966
f 1703//1967 1717//1967 1718//1967
f 1856//1968 1833//1968 1832//1968
f 1833//1969 1856//1969 1857//1969
f 1699//1970 1703//1970 1691//1970
f 1691//1971 1703//1971 1692//1971
f 1692//1972 1703//1972 1653//1972
f 2623//1973 2556//1973 2622//1973
f 2556//1974 2623//1974 2557//1974
f 1653//1975 1640//1975 1639//1975
f 1809//1976 1798//1976 1797//1976
f 1798//1977 1809//1977 1810//1977
f 1628//1978 1627//1978 1616//1978
f 1616//1979 1627//1979 1615//1979
f 1615//1980 1627//1980 1569//1980
f 1810//1981 1875//1981 1835//1981
f 1875//1982 1810//1982 1868//1982
f 1569//1983 1562//1983 1563//1983
f 1890//1984 1875//1984 1874//1984
f 1875//1985 1890//1985 1888//1985
f 1546//1986 1548//1986 1535//1986
f 1535//1987 1548//1987 1536//1987
f 1536//1988 1548//1988 1507//1988
f 1507//1989 1500//1989 1499//1989
f 1481//1990 1480//1990 1473//1990
f 1473//1991 1480//1991 1474//1991
f 1474//1992 1480//1992 1449//1992
f 896//1993 1093//1993 1117//1993
f 1093//1994 896//1994 875//1994
f 1449//1995 1438//1995 1440//1995
f 586//1996 618//1996 590//1996
f 618//1997 586//1997 619//1997
f 1408//1998 1409//1998 1402//1998
f 1402//1999 1409//1999 1403//1999
f 1403//2000 1409//2000 1349//2000
f 1349//2001 1341//2001 1340//2001
f 1956//2002 1937//2002 1938//2002
f 1937//2003 1956//2003 1957//2003
f 1331//2004 1326//2004 1316//2004
f 1316//2005 1326//2005 1317//2005
f 1317//2006 1326//2006 1286//2006
f 1326//2007 1279//2007 1286//2007
f 1286//2008 1279//2008 1278//2008
f 1279//2009 1161//2009 1278//2009
f 1278//2010 1161//2010 1225//2010
f 1225//2011 1161//2011 1110//2011
f 1161//2012 830//2012 1110//2012
f 1110//2013 830//2013 1091//2013
f 2346//2014 2691//2014 2602//2014
f 2691//2015 2346//2015 2463//2015
f 974//2016 745//2016 762//2016
f 745//2017 747//2017 762//2017
f 762//2018 747//2018 763//2018
f 763//2019 747//2019 1092//2019
f 747//2020 822//2020 1092//2020
f 1092//2021 822//2021 1108//2021
f 1599//2022 1667//2022 1668//2022
f 1667//2023 1599//2023 1598//2023
f 2062//2024 2137//2024 2138//2024
f 2137//2025 2062//2025 2061//2025
f 1838//2026 1912//2026 1913//2026
f 1912//2027 1838//2027 1837//2027
f 2617//2028 3434//2028 3435//2028
f 3434//2029 2617//2029 2616//2029
f 1299//2030 1373//2030 1374//2030
f 1373//2031 1299//2031 1298//2031
f 1977//2032 2061//2032 2062//2032
f 2061//2033 1977//2033 1976//2033
f 821//2034 1168//2034 1169//2034
f 1168//2035 821//2035 820//2035
f 734//2036 473//2036 736//2036
f 473//2037 734//2037 453//2037
f 1667//2038 1714//2038 1715//2038
f 1714//2039 1667//2039 1666//2039
f 1461//2040 1524//2040 1525//2040
f 1524//2041 1461//2041 1460//2041
f 1525//2042 1597//2042 1598//2042
f 1597//2043 1525//2043 1524//2043
f 1771//2044 1837//2044 1838//2044
f 1837//2045 1771//2045 1770//2045
f 1374//2046 1460//2046 1461//2046
f 1460//2047 1374//2047 1373//2047
f 1913//2048 1976//2048 1977//2048
f 1976//2049 1913//2049 1912//2049
f 1169//2050 1298//2050 1299//2050
f 1298//2051 1169//2051 1168//2051
f 1598//2052 1666//2052 1667//2052
f 1666//2053 1598//2053 1597//2053
f 1914//2054 1977//2054 1978//2054
f 1977//2055 1914//2055 1913//2055
f 2328//2056 2618//2056 2345//2056
f 2618//2057 2689//2057 2345//2057
f 2345//2058 2689//2058 2674//2058
f 2689//2059 2691//2059 2674//2059
f 2674//2060 2691//2060 2675//2060
f 2675//2061 2691//2061 2463//2061
f 2473//2062 2492//2062 2498//2062
f 2492//2063 2473//2063 2472//2063
f 2346//2064 2602//2064 2327//2064
f 2602//2065 2272//2065 2327//2065
f 2327//2066 2272//2066 2207//2066
f 2272//2067 2158//2067 2207//2067
f 2207//2068 2158//2068 2213//2068
f 2213//2069 2158//2069 2156//2069
f 2156//2070 2158//2070 2150//2070
f 2150//2071 2158//2071 2151//2071
f 2158//2072 2159//2072 2151//2072
f 2159//2073 2111//2073 2151//2073
f 2151//2074 2111//2074 2121//2074
f 2121//2075 2111//2075 2105//2075
f 2111//2076 2067//2076 2096//2076
f 1409//2077 1463//2077 1370//2077
f 1463//2078 1409//2078 1438//2078
f 979//2079 1157//2079 980//2079
f 1157//2080 979//2080 1156//2080
f 838//2081 757//2081 778//2081
f 757//2082 838//2082 814//2082
f 1703//2083 1719//2083 1664//2083
f 1719//2084 1703//2084 1718//2084
f 1798//2085 1835//2085 1773//2085
f 1835//2086 1798//2086 1810//2086
f 1888//2087 1835//2087 1875//2087
f 1835//2088 1888//2088 1915//2088
f 1937//2089 1974//2089 1915//2089
f 1974//2090 1937//2090 1957//2090
f 2828//2091 2814//2091 2821//2091
f 2814//2092 2828//2092 2825//2092
f 1341//2093 1370//2093 1326//2093
f 2111//2094 2157//2094 2067//2094
f 2157//2095 2111//2095 2159//2095
f 1716//2096 1771//2096 1772//2096
f 1771//2097 1716//2097 1715//2097
f 2605//2098 2276//2098 2275//2098
f 2276//2099 2605//2099 2606//2099
f 580//2100 606//2100 610//2100
f 606//2101 580//2101 576//2101
f 7//2102 832//2102 833//2102
f 2275//2103 2604//2103 2605//2103
f 2604//2104 2275//2104 2274//2104
f 1164//2105 1163//2105 1279//2105
f 1163//2106 1162//2106 1279//2106
f 1279//2107 1162//2107 1161//2107
f 2272//2108 2603//2108 2273//2108
f 2603//2109 2272//2109 2602//2109
f 831//2110 6//2110 830//2110
f 2691//2111 3429//2111 2602//2111
f 3429//2112 2691//2112 3428//2112
f 2691//2113 3432//2113 3428//2113
f 3432//2114 2691//2114 2689//2114
f 2689//2115 3436//2115 3432//2115
f 3436//2116 2689//2116 2618//2116
f 1772//2117 1838//2117 1839//2117
f 1838//2118 1772//2118 1771//2118
f 2269//2119 2616//2119 2617//2119
f 2616//2120 2269//2120 2268//2120
f 2480//2121 2451//2121 2450//2121
f 2451//2122 2480//2122 2481//2122
f 2549//2123 2546//2123 2545//2123
f 2546//2124 2549//2124 2550//2124
f 153//2125 162//2125 152//2125
f 162//2126 153//2126 163//2126
f 2405//2127 2431//2127 2406//2127
f 2431//2128 2405//2128 2430//2128
f 2559//2129 2566//2129 2560//2129
f 2566//2130 2559//2130 2565//2130
f 3232//2131 3239//2131 3240//2131
f 3239//2132 3232//2132 3231//2132
f 2393//2133 2398//2133 2394//2133
f 2398//2134 2393//2134 2397//2134
f 1067//2135 1072//2135 1071//2135
f 1072//2136 1067//2136 1068//2136
f 904//2137 1018//2137 1016//2137
f 1018//2138 904//2138 905//2138
f 3329//2139 3296//2139 3295//2139
f 3296//2140 3329//2140 3330//2140
f 820//2141 3//2141 2//2141
f 3//2142 820//2142 821//2142
f 821//2143 4//2143 3//2143
f 4//2144 821//2144 822//2144
f 3181//2145 3118//2145 3119//2145
f 3118//2146 3181//2146 3180//2146
f 2645//2147 3032//2147 2646//2147
f 3032//2148 2645//2148 3031//2148
f 427//2149 411//2149 412//2149
f 411//2150 427//2150 445//2150
f 3429//2151 2603//2151 2602//2151
f 945//2152 942//2152 943//2152
f 942//2153 945//2153 944//2153
f 2272//2154 2273//2154 2158//2154
f 2273//2155 2274//2155 2158//2155
f 2158//2156 2274//2156 2159//2156
f 2159//2157 2274//2157 2275//2157
f 333//2158 497//2158 332//2158
f 497//2159 333//2159 503//2159
f 2604//2160 3430//2160 2605//2160
f 834//2161 7//2161 833//2161
f 7//2162 834//2162 8//2162
f 152//2163 145//2163 146//2163
f 145//2164 152//2164 151//2164
f 1164//2165 1281//2165 1165//2165
f 1281//2166 1164//2166 1279//2166
f 198//2167 200//2167 212//2167
f 200//2168 198//2168 192//2168
f 2805//2169 2820//2169 2804//2169
f 2820//2170 2805//2170 2817//2170
f 2933//2171 2963//2171 2934//2171
f 2963//2172 2933//2172 2962//2172
f 3142//2173 3082//2173 3080//2173
f 3082//2174 3142//2174 3144//2174
f 587//2175 741//2175 544//2175
f 741//2176 587//2176 742//2176
f 1175//2177 1213//2177 1194//2177
f 1213//2178 1175//2178 1181//2178
f 131//2179 271//2179 130//2179
f 271//2180 131//2180 272//2180
f 1546//2181 1499//2181 1526//2181
f 1499//2182 1546//2182 1506//2182
f 2611//2183 2581//2183 2577//2183
f 2581//2184 2611//2184 2612//2184
f 471//2185 462//2185 469//2185
f 462//2186 471//2186 465//2186
f 3121//2187 2927//2187 2929//2187
f 2927//2188 3121//2188 3119//2188
f 806//2189 953//2189 913//2189
f 953//2190 806//2190 814//2190
f 2685//2191 2541//2191 2461//2191
f 2541//2192 2685//2192 2687//2192
f 284//2193 285//2193 346//2193
f 285//2194 284//2194 144//2194
f 2421//2195 2396//2195 2423//2195
f 2396//2196 2421//2196 2389//2196
f 499//2197 495//2197 500//2197
f 495//2198 499//2198 494//2198
f 214//2199 251//2199 223//2199
f 251//2200 214//2200 245//2200
f 3260//2201 3204//2201 3203//2201
f 3204//2202 3260//2202 3268//2202
f 1390//2203 1352//2203 1391//2203
f 1352//2204 1390//2204 1351//2204
f 2381//2205 2386//2205 2382//2205
f 2386//2206 2381//2206 2385//2206
f 823//2207 766//2207 765//2207
f 766//2208 823//2208 824//2208
f 340//2209 342//2209 534//2209
f 342//2210 340//2210 280//2210
f 1049//2211 1044//2211 1045//2211
f 1044//2212 1049//2212 1048//2212
f 2987//2213 3016//2213 3017//2213
f 3016//2214 2987//2214 2986//2214
f 1298//2215 1372//2215 1373//2215
f 1372//2216 1298//2216 1297//2216
f 3029//2217 3061//2217 3030//2217
f 3061//2218 3029//2218 3060//2218
f 213//2219 222//2219 212//2219
f 222//2220 213//2220 223//2220
f 2481//2221 2455//2221 2451//2221
f 2455//2222 2481//2222 2482//2222
f 22//2223 11//2223 23//2223
f 11//2224 22//2224 10//2224
f 2541//2225 2344//2225 2284//2225
f 2344//2226 2541//2226 2619//2226
f 849//2227 854//2227 853//2227
f 854//2228 849//2228 850//2228
f 1066//2229 1071//2229 1070//2229
f 1071//2230 1066//2230 1067//2230
f 3087//2231 2926//2231 3088//2231
f 2926//2232 3087//2232 2924//2232
f 2423//2233 2400//2233 2425//2233
f 2400//2234 2423//2234 2396//2234
f 3356//2235 3305//2235 3306//2235
f 3305//2236 3356//2236 3349//2236
f 1070//2237 1075//2237 1074//2237
f 1075//2238 1070//2238 1071//2238
f 967//2239 949//2239 966//2239
f 949//2240 967//2240 951//2240
f 2406//2241 2432//2241 2407//2241
f 2432//2242 2406//2242 2431//2242
f 2374//2243 2413//2243 2415//2243
f 2413//2244 2374//2244 2369//2244
f 12//2245 114//2245 13//2245
f 114//2246 12//2246 113//2246
f 985//2247 1028//2247 1029//2247
f 1028//2248 985//2248 984//2248
f 503//2249 507//2249 497//2249
f 507//2250 503//2250 512//2250
f 3174//2251 3111//2251 3112//2251
f 3111//2252 3174//2252 3173//2252
f 40//2253 25//2253 41//2253
f 25//2254 40//2254 24//2254
f 850//2255 855//2255 854//2255
f 855//2256 850//2256 851//2256
f 3026//2257 3058//2257 3027//2257
f 3058//2258 3026//2258 3057//2258
f 2609//2259 2573//2259 2569//2259
f 2573//2260 2609//2260 2610//2260
f 1737//2261 1718//2261 1717//2261
f 1718//2262 1737//2262 1731//2262
f 495//2263 486//2263 501//2263
f 486//2264 495//2264 490//2264
f 3317//2265 3319//2265 3413//2265
f 3319//2266 3317//2266 3176//2266
f 115//2267 13//2267 114//2267
f 13//2268 115//2268 14//2268
f 3368//2269 3306//2269 3308//2269
f 3306//2270 3368//2270 3356//2270
f 853//2271 858//2271 857//2271
f 858//2272 853//2272 854//2272
f 2026//2273 1974//2273 1999//2273
f 1974//2274 2026//2274 2067//2274
f 2997//2275 3028//2275 2977//2275
f 3028//2276 2997//2276 3027//2276
f 327//2277 467//2277 459//2277
f 467//2278 327//2278 329//2278
f 1600//2279 1721//2279 1720//2279
f 1721//2280 1600//2280 1601//2280
f 742//2281 801//2281 800//2281
f 801//2282 742//2282 743//2282
f 582//2283 612//2283 584//2283
f 612//2284 582//2284 613//2284
f 18//2285 122//2285 21//2285
f 122//2286 18//2286 119//2286
f 861//2287 866//2287 865//2287
f 866//2288 861//2288 862//2288
f 651//2289 681//2289 650//2289
f 681//2290 651//2290 682//2290
f 3023//2291 3055//2291 3024//2291
f 3055//2292 3023//2292 3054//2292
f 3231//2293 3222//2293 3221//2293
f 3222//2294 3231//2294 3232//2294
f 2974//2295 2706//2295 2707//2295
f 2706//2296 2974//2296 2946//2296
f 2412//2297 2364//2297 2368//2297
f 2364//2298 2412//2298 2410//2298
f 116//2299 14//2299 115//2299
f 14//2300 116//2300 15//2300
f 908//2301 915//2301 981//2301
f 915//2302 908//2302 885//2302
f 3114//2303 2869//2303 2872//2303
f 2869//2304 3114//2304 3113//2304
f 883//2305 911//2305 912//2305
f 911//2306 883//2306 882//2306
f 573//2307 603//2307 598//2307
f 603//2308 573//2308 574//2308
f 238//2309 301//2309 240//2309
f 301//2310 238//2310 298//2310
f 309//2311 370//2311 308//2311
f 370//2312 309//2312 371//2312
f 3207//2313 3143//2313 3145//2313
f 3143//2314 3207//2314 3205//2314
f 618//2315 670//2315 669//2315
f 670//2316 618//2316 619//2316
f 1153//2317 1195//2317 1154//2317
f 1195//2318 1153//2318 1194//2318
f 2439//2319 2357//2319 2438//2319
f 2357//2320 2439//2320 2358//2320
f 163//2321 170//2321 162//2321
f 170//2322 163//2322 171//2322
f 2920//2323 2933//2323 2921//2323
f 2933//2324 2920//2324 2932//2324
f 2284//2325 2235//2325 2236//2325
f 2235//2326 2284//2326 2259//2326
f 1043//2327 1038//2327 1039//2327
f 1038//2328 1043//2328 1042//2328
f 1600//2329 1390//2329 1601//2329
f 1390//2330 1600//2330 1389//2330
f 3217//2331 3190//2331 3189//2331
f 3190//2332 3217//2332 3218//2332
f 1114//2333 1173//2333 1115//2333
f 1173//2334 1114//2334 1172//2334
f 2841//2335 2825//2335 2828//2335
f 2825//2336 2841//2336 2838//2336
f 2561//2337 2568//2337 2562//2337
f 2568//2338 2561//2338 2567//2338
f 1016//2339 1068//2339 1061//2339
f 1068//2340 1016//2340 1018//2340
f 3065//2341 2803//2341 2802//2341
f 2803//2342 3065//2342 3066//2342
f 997//2343 1022//2343 998//2343
f 1022//2344 997//2344 1021//2344
f 901//2345 876//2345 837//2345
f 876//2346 901//2346 886//2346
f 2707//2347 2644//2347 2708//2347
f 2644//2348 2707//2348 2643//2348
f 3354//2349 3340//2349 3339//2349
f 3340//2350 3354//2350 3355//2350
f 3212//2351 3211//2351 3150//2351
f 3211//2352 3212//2352 3292//2352
f 2251//2353 2184//2353 2250//2353
f 2184//2354 2251//2354 2196//2354
f 2694//2355 2632//2355 2633//2355
f 2632//2356 2694//2356 2693//2356
f 1600//2357 1392//2357 1389//2357
f 1392//2358 1600//2358 1595//2358
f 3086//2359 2924//2359 3087//2359
f 2924//2360 3086//2360 2923//2360
f 2599//2361 2565//2361 2559//2361
f 2565//2362 2599//2362 2608//2362
f 3017//2363 3049//2363 3018//2363
f 3049//2364 3017//2364 3048//2364
f 589//2365 616//2365 588//2365
f 616//2366 589//2366 617//2366
f 3088//2367 2925//2367 3089//2367
f 2925//2368 3088//2368 2926//2368
f 2816//2369 2809//2369 2774//2369
f 2809//2370 2816//2370 2818//2370
f 412//2371 750//2371 754//2371
f 750//2372 412//2372 411//2372
f 2239//2373 2217//2373 2216//2373
f 2217//2374 2239//2374 2240//2374
f 1731//2375 1798//2375 1773//2375
f 1798//2376 1731//2376 1785//2376
f 1011//2377 1045//2377 1009//2377
f 1045//2378 1011//2378 1049//2378
f 516//2379 535//2379 515//2379
f 535//2380 516//2380 536//2380
f 667//2381 699//2381 698//2381
f 699//2382 667//2382 668//2382
f 2471//2383 2439//2383 2470//2383
f 2439//2384 2471//2384 2440//2384
f 649//2385 679//2385 648//2385
f 679//2386 649//2386 680//2386
f 919//2387 955//2387 956//2387
f 955//2388 919//2388 917//2388
f 2977//2389 3029//2389 2978//2389
f 3029//2390 2977//2390 3028//2390
f 2975//2391 2946//2391 2974//2391
f 2946//2392 2975//2392 2947//2392
f 3358//2393 3343//2393 3342//2393
f 3343//2394 3358//2394 3359//2394
f 656//2395 686//2395 655//2395
f 686//2396 656//2396 687//2396
f 278//2397 280//2397 340//2397
f 280//2398 278//2398 139//2398
f 3352//2399 3337//2399 3349//2399
f 3337//2400 3352//2400 3350//2400
f 276//2401 278//2401 338//2401
f 278//2402 276//2402 137//2402
f 2574//2403 2579//2403 2575//2403
f 2579//2404 2574//2404 2578//2404
f 1391//2405 1722//2405 1390//2405
f 1390//2406 1722//2406 1601//2406
f 1722//2407 1721//2407 1601//2407
f 2923//2408 2938//2408 2924//2408
f 2938//2409 2923//2409 2937//2409
f 1840//2410 2047//2410 1842//2410
f 2047//2411 1840//2411 2044//2411
f 3296//2412 3156//2412 3155//2412
f 3156//2413 3296//2413 3297//2413
f 189//2414 186//2414 238//2414
f 186//2415 189//2415 192//2415
f 2840//2416 2701//2416 2699//2416
f 2701//2417 2840//2417 2842//2417
f 743//2418 802//2418 801//2418
f 802//2419 743//2419 744//2419
f 1088//2420 973//2420 972//2420
f 973//2421 1088//2421 1089//2421
f 2744//2422 2693//2422 2694//2422
f 2693//2423 2744//2423 2735//2423
f 3164//2424 3100//2424 3102//2424
f 3100//2425 3164//2425 3162//2425
f 2498//2426 2502//2426 2474//2426
f 2502//2427 2498//2427 2499//2427
f 1351//2428 870//2428 1352//2428
f 870//2429 1351//2429 869//2429
f 3090//2430 2790//2430 2789//2430
f 2790//2431 3090//2431 3091//2431
f 3375//2432 3359//2432 3358//2432
f 3359//2433 3375//2433 3376//2433
f 2544//2434 2465//2434 2464//2434
f 2465//2435 2544//2435 2545//2435
f 3316//2436 3402//2436 3315//2436
f 3402//2437 3316//2437 3400//2437
f 1500//2438 1463//2438 1480//2438
f 1463//2439 1500//2439 1522//2439
f 3079//2440 2899//2440 3081//2440
f 2899//2441 3079//2441 2878//2441
f 658//2442 690//2442 689//2442
f 690//2443 658//2443 659//2443
f 647//2444 677//2444 646//2444
f 677//2445 647//2445 678//2445
f 2579//2446 2584//2446 2580//2446
f 2584//2447 2579//2447 2583//2447
f 2706//2448 2643//2448 2707//2448
f 2643//2449 2706//2449 2642//2449
f 1065//2450 1070//2450 1069//2450
f 1070//2451 1065//2451 1066//2451
f 1039//2452 1033//2452 1034//2452
f 1033//2453 1039//2453 1038//2453
f 966//2454 947//2454 965//2454
f 947//2455 966//2455 949//2455
f 450//2456 400//2456 439//2456
f 400//2457 450//2457 415//2457
f 2872//2458 2877//2458 2885//2458
f 2877//2459 2872//2459 2869//2459
f 1073//2460 1078//2460 1077//2460
f 1078//2461 1073//2461 1074//2461
f 1722//2462 2046//2462 1721//2462
f 1721//2463 2046//2463 1841//2463
f 2046//2464 2045//2464 1841//2464
f 2670//2465 2614//2465 2613//2465
f 2614//2466 2670//2466 2671//2466
f 2087//2467 2651//2467 2648//2467
f 2651//2468 2087//2468 2084//2468
f 2895//2469 2914//2469 2915//2469
f 2914//2470 2895//2470 2894//2470
f 877//2471 873//2471 872//2471
f 873//2472 877//2472 878//2472
f 660//2473 692//2473 691//2473
f 692//2474 660//2474 661//2474
f 2268//2475 2615//2475 2616//2475
f 2615//2476 2268//2476 2267//2476
f 661//2477 693//2477 692//2477
f 693//2478 661//2478 662//2478
f 817//2479 751//2479 895//2479
f 751//2480 817//2480 748//2480
f 1009//2481 1041//2481 1007//2481
f 1041//2482 1009//2482 1045//2482
f 1027//2483 1078//2483 1079//2483
f 1078//2484 1027//2484 1026//2484
f 433//2485 432//2485 416//2485
f 432//2486 433//2486 320//2486
f 2785//2487 2768//2487 2784//2487
f 2768//2488 2785//2488 2769//2488
f 387//2489 759//2489 760//2489
f 759//2490 387//2490 384//2490
f 956//2491 985//2491 986//2491
f 985//2492 956//2492 955//2492
f 2773//2493 2763//2493 2779//2493
f 2763//2494 2773//2494 2692//2494
f 68//2495 73//2495 66//2495
f 73//2496 68//2496 74//2496
f 1600//2497 1723//2497 1595//2497
f 1723//2498 1600//2498 1720//2498
f 616//2499 587//2499 588//2499
f 587//2500 616//2500 615//2500
f 400//2501 392//2501 398//2501
f 392//2502 400//2502 393//2502
f 1021//2503 1073//2503 1022//2503
f 1073//2504 1021//2504 1069//2504
f 798//2505 741//2505 799//2505
f 741//2506 798//2506 740//2506
f 2569//2507 2574//2507 2570//2507
f 2574//2508 2569//2508 2573//2508
f 3332//2509 3299//2509 3298//2509
f 3299//2510 3332//2510 3333//2510
f 858//2511 863//2511 862//2511
f 863//2512 858//2512 859//2512
f 740//2513 544//2513 741//2513
f 544//2514 740//2514 525//2514
f 2974//2515 3003//2515 2975//2515
f 3003//2516 2974//2516 3002//2516
f 986//2517 1029//2517 1030//2517
f 1029//2518 986//2518 985//2518
f 1114//2519 1089//2519 1088//2519
f 1089//2520 1114//2520 1115//2520
f 2573//2521 2578//2521 2574//2521
f 2578//2522 2573//2522 2577//2522
f 2652//2523 2555//2523 2554//2523
f 2555//2524 2652//2524 2656//2524
f 2449//2525 2426//2525 2424//2525
f 2426//2526 2449//2526 2450//2526
f 15//2527 26//2527 14//2527
f 26//2528 15//2528 27//2528
f 1112//2529 1087//2529 1086//2529
f 1087//2530 1112//2530 1113//2530
f 2395//2531 2400//2531 2396//2531
f 2400//2532 2395//2532 2399//2532
f 2799//2533 3067//2533 3062//2533
f 3067//2534 2799//2534 2810//2534
f 3357//2535 3342//2535 3341//2535
f 3342//2536 3357//2536 3358//2536
f 2414//2537 2368//2537 2372//2537
f 2368//2538 2414//2538 2412//2538
f 2613//2539 2589//2539 2585//2539
f 2589//2540 2613//2540 2614//2540
f 2481//2541 2517//2541 2519//2541
f 2517//2542 2481//2542 2480//2542
f 2585//2543 2590//2543 2586//2543
f 2590//2544 2585//2544 2589//2544
f 1050//2545 1143//2545 1051//2545
f 1143//2546 1050//2546 1142//2546
f 3286//2547 3209//2547 3287//2547
f 3209//2548 3286//2548 3208//2548
f 951//2549 948//2549 949//2549
f 948//2550 951//2550 950//2550
f 1350//2551 869//2551 1351//2551
f 869//2552 1350//2552 783//2552
f 1353//2553 783//2553 1350//2553
f 783//2554 1353//2554 787//2554
f 1064//2555 1068//2555 1067//2555
f 1068//2556 1064//2556 1061//2556
f 2684//2557 2461//2557 2460//2557
f 2461//2558 2684//2558 2685//2558
f 2807//2559 3104//2559 2819//2559
f 3104//2560 2807//2560 3101//2560
f 3400//2561 3396//2561 3402//2561
f 3396//2562 3400//2562 3397//2562
f 3216//2563 3187//2563 3215//2563
f 3187//2564 3216//2564 3188//2564
f 3028//2565 3060//2565 3029//2565
f 3060//2566 3028//2566 3059//2566
f 3002//2567 3034//2567 3003//2567
f 3034//2568 3002//2568 3033//2568
f 2869//2569 2876//2569 2877//2569
f 2876//2570 2869//2570 2868//2570
f 2851//2571 2838//2571 2841//2571
f 2838//2572 2851//2572 2840//2572
f 863//2573 868//2573 867//2573
f 868//2574 863//2574 864//2574
f 3421//2575 3318//2575 3411//2575
f 3318//2576 3421//2576 3320//2576
f 489//2577 471//2577 482//2577
f 471//2578 489//2578 358//2578
f 657//2579 687//2579 656//2579
f 687//2580 657//2580 688//2580
f 1888//2581 1937//2581 1915//2581
f 1937//2582 1888//2582 1931//2582
f 3008//2583 3038//2583 3039//2583
f 3038//2584 3008//2584 3007//2584
f 492//2585 483//2585 493//2585
f 483//2586 492//2586 481//2586
f 302//2587 305//2587 365//2587
f 305//2588 302//2588 244//2588
f 338//2589 340//2589 513//2589
f 340//2590 338//2590 278//2590
f 2238//2591 2216//2591 2215//2591
f 2216//2592 2238//2592 2239//2592
f 2248//2593 2243//2593 2224//2593
f 2243//2594 2248//2594 2257//2594
f 3165//2595 3102//2595 3103//2595
f 3102//2596 3165//2596 3164//2596
f 509//2597 516//2597 508//2597
f 516//2598 509//2598 517//2598
f 2774//2599 2752//2599 2750//2599
f 2752//2600 2774//2600 2759//2600
f 2530//2601 2639//2601 2635//2601
f 2639//2602 2530//2602 2532//2602
f 3223//2603 3233//2603 3225//2603
f 1605//2604 1569//2604 1580//2604
f 1569//2605 1605//2605 1615//2605
f 3234//2606 3235//2606 3227//2606
f 3236//2607 3224//2607 3235//2607
f 3235//2608 3224//2608 3227//2608
f 3227//2609 3224//2609 3225//2609
f 3224//2610 3218//2610 3225//2610
f 3262//2611 3270//2611 3263//2611
f 3270//2612 3262//2612 3269//2612
f 2448//2613 2424//2613 2422//2613
f 2424//2614 2448//2614 2449//2614
f 154//2615 147//2615 148//2615
f 147//2616 154//2616 153//2616
f 564//2617 579//2617 578//2617
f 579//2618 564//2618 565//2618
f 157//2619 161//2619 160//2619
f 161//2620 157//2620 151//2620
f 2488//2621 2470//2621 2487//2621
f 2470//2622 2488//2622 2471//2622
f 2377//2623 2371//2623 2376//2623
f 2371//2624 2377//2624 2372//2624
f 164//2625 171//2625 163//2625
f 171//2626 164//2626 173//2626
f 3233//2627 3242//2627 3234//2627
f 165//2628 174//2628 173//2628
f 174//2629 165//2629 166//2629
f 2607//2630 2660//2630 2600//2630
f 2660//2631 2607//2631 2658//2631
f 3236//2632 3244//2632 3245//2632
f 3244//2633 3247//2633 3245//2633
f 3259//2634 3246//2634 3247//2634
f 185//2635 206//2635 184//2635
f 206//2636 185//2636 208//2636
f 176//2637 233//2637 235//2637
f 233//2638 176//2638 167//2638
f 167//2639 231//2639 233//2639
f 231//2640 167//2640 155//2640
f 795//2641 1050//2641 1051//2641
f 1050//2642 795//2642 794//2642
f 148//2643 229//2643 149//2643
f 229//2644 148//2644 228//2644
f 2312//2645 2353//2645 2543//2645
f 2353//2646 2312//2646 2262//2646
f 147//2647 226//2647 227//2647
f 226//2648 147//2648 146//2648
f 146//2649 225//2649 226//2649
f 225//2650 146//2650 145//2650
f 3347//2651 3335//2651 3334//2651
f 3335//2652 3347//2652 3348//2652
f 3219//2653 3229//2653 3226//2653
f 3238//2654 3251//2654 3248//2654
f 3251//2655 3238//2655 3241//2655
f 857//2656 862//2656 861//2656
f 862//2657 857//2657 858//2657
f 3239//2658 3248//2658 3249//2658
f 3248//2659 3239//2659 3238//2659
f 3085//2660 2923//2660 3086//2660
f 2923//2661 3085//2661 2922//2661
f 174//2662 184//2662 173//2662
f 184//2663 174//2663 185//2663
f 343//2664 551//2664 342//2664
f 551//2665 343//2665 568//2665
f 3254//2666 3265//2666 3247//2666
f 3247//2667 3265//2667 3259//2667
f 1779//2668 1745//2668 1784//2668
f 1745//2669 1779//2669 1757//2669
f 3259//2670 3267//2670 3261//2670
f 3159//2671 3094//2671 3093//2671
f 3094//2672 3159//2672 3160//2672
f 192//2673 193//2673 200//2673
f 193//2674 192//2674 189//2674
f 193//2675 201//2675 200//2675
f 201//2676 193//2676 194//2676
f 194//2677 187//2677 188//2677
f 187//2678 194//2678 193//2678
f 3261//2679 3255//2679 3259//2679
f 2074//2680 2035//2680 2089//2680
f 2035//2681 2074//2681 2040//2681
f 3246//2682 3197//2682 3196//2682
f 2846//2683 2709//2683 2703//2683
f 2709//2684 2846//2684 2847//2684
f 359//2685 296//2685 358//2685
f 296//2686 359//2686 297//2686
f 3194//2687 3132//2687 3192//2687
f 294//2688 292//2688 356//2688
f 292//2689 294//2689 231//2689
f 2610//2690 2577//2690 2573//2690
f 2577//2691 2610//2691 2611//2691
f 818//2692 883//2692 885//2692
f 883//2693 818//2693 816//2693
f 3188//2694 3126//2694 3187//2694
f 3187//2695 3125//2695 3186//2695
f 2198//2696 2187//2696 2186//2696
f 2187//2697 2198//2697 2199//2697
f 329//2698 480//2698 467//2698
f 480//2699 329//2699 331//2699
f 908//2700 838//2700 835//2700
f 838//2701 908//2701 969//2701
f 230//2702 159//2702 232//2702
f 159//2703 230//2703 150//2703
f 3219//2704 3228//2704 3229//2704
f 159//2705 172//2705 168//2705
f 172//2706 159//2706 160//2706
f 449//2707 410//2707 437//2707
f 410//2708 449//2708 426//2708
f 3251//2709 3266//2709 3248//2709
f 3266//2710 3272//2710 3248//2710
f 2205//2711 2194//2711 2193//2711
f 2194//2712 2205//2712 2206//2712
f 181//2713 206//2713 205//2713
f 206//2714 181//2714 184//2714
f 142//2715 281//2715 140//2715
f 281//2716 142//2716 283//2716
f 3277//2717 3279//2717 3254//2717
f 3254//2718 3279//2718 3265//2718
f 3279//2719 3280//2719 3265//2719
f 3280//2720 3281//2720 3267//2720
f 200//2721 213//2721 212//2721
f 213//2722 200//2722 201//2722
f 201//2723 209//2723 213//2723
f 209//2724 201//2724 202//2724
f 194//2725 202//2725 201//2725
f 202//2726 194//2726 195//2726
f 418//2727 402//2727 404//2727
f 402//2728 418//2728 416//2728
f 3257//2729 3202//2729 3256//2729
f 3202//2730 3201//2730 3256//2730
f 3201//2731 3199//2731 3258//2731
f 3255//2732 3199//2732 3197//2732
f 2298//2733 2347//2733 2291//2733
f 2347//2734 2298//2734 2354//2734
f 347//2735 571//2735 346//2735
f 571//2736 347//2736 572//2736
f 2266//2737 2183//2737 2182//2737
f 2183//2738 2266//2738 2263//2738
f 492//2739 489//2739 482//2739
f 489//2740 492//2740 496//2740
f 2848//2741 3072//2741 3073//2741
f 294//2742 358//2742 296//2742
f 358//2743 294//2743 356//2743
f 3070//2744 3068//2744 3130//2744
f 290//2745 354//2745 292//2745
f 354//2746 290//2746 352//2746
f 2391//2747 2395//2747 2392//2747
f 2395//2748 2391//2748 2394//2748
f 288//2749 351//2749 289//2749
f 351//2750 288//2750 350//2750
f 3064//2751 3063//2751 3125//2751
f 349//2752 348//2752 441//2752
f 348//2753 349//2753 286//2753
f 348//2754 291//2754 353//2754
f 291//2755 348//2755 286//2755
f 2666//2756 2715//2756 2667//2756
f 2715//2757 2666//2757 2714//2757
f 355//2758 478//2758 464//2758
f 478//2759 355//2759 357//2759
f 182//2760 168//2760 172//2760
f 168//2761 182//2761 183//2761
f 3251//2762 3252//2762 3266//2762
f 3252//2763 3276//2763 3266//2763
f 203//2764 217//2764 216//2764
f 217//2765 203//2765 204//2765
f 204//2766 218//2766 217//2766
f 218//2767 204//2767 205//2767
f 205//2768 219//2768 218//2768
f 219//2769 205//2769 206//2769
f 3288//2770 3284//2770 3275//2770
f 3275//2771 3284//2771 3277//2771
f 3284//2772 3289//2772 3277//2772
f 3277//2773 3289//2773 3279//2773
f 3289//2774 3290//2774 3279//2774
f 3279//2775 3290//2775 3280//2775
f 3290//2776 3291//2776 3280//2776
f 3280//2777 3291//2777 3281//2777
f 3303//2778 3302//2778 3161//2778
f 3302//2779 3303//2779 3337//2779
f 397//2780 390//2780 389//2780
f 390//2781 397//2781 398//2781
f 3278//2782 3283//2782 3271//2782
f 3283//2783 3268//2783 3271//2783
f 829//2784 845//2784 823//2784
f 845//2785 829//2785 871//2785
f 191//2786 239//2786 242//2786
f 239//2787 191//2787 188//2787
f 3257//2788 3200//2788 3202//2788
f 3200//2789 3137//2789 3202//2789
f 3137//2790 3138//2790 3202//2790
f 3202//2791 3138//2791 3201//2791
f 3138//2792 3139//2792 3201//2792
f 3399//2793 3312//2793 3313//2793
f 3312//2794 3399//2794 3398//2794
f 187//2795 189//2795 240//2795
f 189//2796 187//2796 193//2796
f 3074//2797 3076//2797 2855//2797
f 2857//2798 2852//2798 2851//2798
f 3173//2799 3110//2799 3111//2799
f 3110//2800 3173//2800 3172//2800
f 492//2801 479//2801 481//2801
f 479//2802 492//2802 482//2802
f 2775//2803 2753//2803 2760//2803
f 2753//2804 2775//2804 2761//2804
f 358//2805 465//2805 471//2805
f 465//2806 358//2806 356//2806
f 356//2807 452//2807 465//2807
f 452//2808 356//2808 354//2808
f 229//2809 292//2809 231//2809
f 292//2810 229//2810 290//2810
f 351//2811 444//2811 352//2811
f 444//2812 351//2812 443//2812
f 350//2813 443//2813 351//2813
f 443//2814 350//2814 442//2814
f 2998//2815 3011//2815 3012//2815
f 3011//2816 2998//2816 2985//2816
f 537//2817 551//2817 560//2817
f 551//2818 537//2818 534//2818
f 440//2819 353//2819 451//2819
f 353//2820 440//2820 348//2820
f 2891//2821 3082//2821 2907//2821
f 3082//2822 2891//2822 3080//2822
f 3198//2823 3133//2823 3140//2823
f 3133//2824 3198//2824 3195//2824
f 183//2825 234//2825 168//2825
f 234//2826 183//2826 237//2826
f 3252//2827 3198//2827 3276//2827
f 237//2828 244//2828 302//2828
f 244//2829 237//2829 207//2829
f 207//2830 246//2830 244//2830
f 246//2831 207//2831 216//2831
f 216//2832 247//2832 246//2832
f 247//2833 216//2833 217//2833
f 217//2834 248//2834 247//2834
f 248//2835 217//2835 218//2835
f 3209//2836 3213//2836 3287//2836
f 3287//2837 3213//2837 3288//2837
f 3288//2838 3213//2838 3284//2838
f 3284//2839 3213//2839 3289//2839
f 3213//2840 3210//2840 3289//2840
f 3289//2841 3210//2841 3290//2841
f 221//2842 250//2842 249//2842
f 250//2843 221//2843 222//2843
f 3291//2844 3211//2844 3292//2844
f 250//2845 251//2845 312//2845
f 251//2846 250//2846 223//2846
f 76//2847 72//2847 58//2847
f 72//2848 76//2848 80//2848
f 199//2849 245//2849 214//2849
f 245//2850 199//2850 243//2850
f 191//2851 243//2851 199//2851
f 243//2852 191//2852 242//2852
f 239//2853 303//2853 242//2853
f 303//2854 239//2854 299//2854
f 3152//2855 3153//2855 3091//2855
f 3153//2856 3152//2856 3293//2856
f 3137//2857 3075//2857 3138//2857
f 3075//2858 3077//2858 3138//2858
f 3138//2859 3077//2859 3139//2859
f 3139//2860 3077//2860 3076//2860
f 3076//2861 3077//2861 2857//2861
f 3077//2862 2858//2862 2857//2862
f 885//2863 835//2863 818//2863
f 835//2864 885//2864 908//2864
f 2844//2865 2720//2865 2842//2865
f 2720//2866 2701//2866 2842//2866
f 481//2867 737//2867 483//2867
f 737//2868 481//2868 735//2868
f 2853//2869 2849//2869 2844//2869
f 2849//2870 2853//2870 2854//2870
f 482//2871 466//2871 479//2871
f 466//2872 482//2872 469//2872
f 2841//2873 2828//2873 2830//2873
f 465//2874 449//2874 462//2874
f 449//2875 465//2875 452//2875
f 444//2876 449//2876 452//2876
f 449//2877 444//2877 426//2877
f 3319//2878 3321//2878 3422//2878
f 3321//2879 3319//2879 3178//2879
f 442//2880 425//2880 443//2880
f 425//2881 442//2881 424//2881
f 441//2882 424//2882 442//2882
f 424//2883 441//2883 423//2883
f 2782//2884 2786//2884 2799//2884
f 427//2885 451//2885 445//2885
f 451//2886 427//2886 440//2886
f 80//2887 87//2887 83//2887
f 87//2888 80//2888 86//2888
f 3404//2889 3412//2889 3403//2889
f 3412//2890 3405//2890 3403//2890
f 3371//2891 3385//2891 3386//2891
f 3385//2892 3371//2892 3370//2892
f 1010//2893 1053//2893 1012//2893
f 1053//2894 1010//2894 1046//2894
f 59//2895 89//2895 88//2895
f 89//2896 59//2896 60//2896
f 61//2897 89//2897 60//2897
f 89//2898 61//2898 90//2898
f 62//2899 90//2899 61//2899
f 90//2900 62//2900 91//2900
f 63//2901 91//2901 62//2901
f 91//2902 63//2902 92//2902
f 43//2903 52//2903 46//2903
f 52//2904 43//2904 53//2904
f 1025//2905 1004//2905 1077//2905
f 1004//2906 1025//2906 1002//2906
f 30//2907 18//2907 31//2907
f 18//2908 30//2908 17//2908
f 110//2909 143//2909 109//2909
f 143//2910 110//2910 144//2910
f 17//2911 28//2911 16//2911
f 28//2912 17//2912 30//2912
f 2847//2913 2863//2913 2864//2913
f 2863//2914 2847//2914 2846//2914
f 258//2915 116//2915 257//2915
f 116//2916 258//2916 117//2916
f 3376//2917 3393//2917 3405//2917
f 3405//2918 3393//2918 3403//2918
f 3403//2919 3393//2919 3397//2919
f 135//2920 275//2920 134//2920
f 275//2921 135//2921 276//2921
f 71//2922 78//2922 70//2922
f 78//2923 71//2923 79//2923
f 581//2924 611//2924 607//2924
f 611//2925 581//2925 583//2925
f 79//2926 83//2926 85//2926
f 83//2927 79//2927 80//2927
f 83//2928 135//2928 134//2928
f 135//2929 83//2929 87//2929
f 3317//2930 3413//2930 3404//2930
f 3404//2931 3413//2931 3412//2931
f 3413//2932 3415//2932 3412//2932
f 3412//2933 3415//2933 3405//2933
f 3415//2934 3416//2934 3405//2934
f 2328//2935 2270//2935 2618//2935
f 2270//2936 2328//2936 2213//2936
f 90//2937 100//2937 89//2937
f 100//2938 90//2938 102//2938
f 2431//2939 2539//2939 2432//2939
f 2539//2940 2431//2940 2526//2940
f 909//2941 1026//2941 1027//2941
f 1026//2942 909//2942 913//2942
f 3414//2943 3410//2943 3418//2943
f 3418//2944 3410//2944 3409//2944
f 2375//2945 2369//2945 2374//2945
f 2369//2946 2375//2946 2370//2946
f 2906//2947 2944//2947 2904//2947
f 2944//2948 2906//2948 2945//2948
f 3366//2949 3351//2949 3367//2949
f 3367//2950 3351//2950 3348//2950
f 3351//2951 3338//2951 3348//2951
f 3348//2952 3338//2952 3335//2952
f 2686//2953 2457//2953 2552//2953
f 2457//2954 2686//2954 2683//2954
f 3404//2955 3397//2955 3400//2955
f 3397//2956 3404//2956 3403//2956
f 325//2957 260//2957 318//2957
f 260//2958 325//2958 263//2958
f 118//2959 16//2959 117//2959
f 16//2960 118//2960 17//2960
f 768//2961 827//2961 769//2961
f 827//2962 768//2962 826//2962
f 42//2963 58//2963 41//2963
f 58//2964 42//2964 59//2964
f 3376//2965 3375//2965 3393//2965
f 3375//2966 3374//2966 3389//2966
f 71//2967 57//2967 72//2967
f 57//2968 71//2968 56//2968
f 70//2969 56//2969 71//2969
f 56//2970 70//2970 55//2970
f 69//2971 55//2971 70//2971
f 55//2972 69//2972 54//2972
f 2245//2973 2222//2973 2221//2973
f 2222//2974 2245//2974 2246//2974
f 78//2975 82//2975 77//2975
f 82//2976 78//2976 84//2976
f 3234//2977 3243//2977 3235//2977
f 3243//2978 3234//2978 3242//2978
f 85//2979 134//2979 133//2979
f 134//2980 85//2980 83//2980
f 786//2981 896//2981 1001//2981
f 896//2982 786//2982 774//2982
f 135//2983 137//2983 276//2983
f 137//2984 135//2984 96//2984
f 3319//2985 3422//2985 3413//2985
f 3413//2986 3422//2986 3415//2986
f 3415//2987 3422//2987 3416//2987
f 3422//2988 3423//2988 3416//2988
f 100//2989 106//2989 99//2989
f 106//2990 100//2990 108//2990
f 3373//2991 3357//2991 3355//2991
f 3357//2992 3373//2992 3374//2992
f 2949//2993 2997//2993 2977//2993
f 2997//2994 2949//2994 2958//2994
f 528//2995 547//2995 529//2995
f 547//2996 528//2996 545//2996
f 3418//2997 3424//2997 3414//2997
f 3424//2998 3421//2998 3414//2998
f 3421//2999 3411//2999 3414//2999
f 3414//3000 3411//3000 3410//3000
f 1226//3001 1248//3001 1249//3001
f 1248//3002 1226//3002 1223//3002
f 3350//3003 3336//3003 3337//3003
f 3336//3004 3350//3004 3346//3004
f 3366//3005 3362//3005 3351//3005
f 3351//3006 3362//3006 3338//3006
f 3362//3007 3307//3007 3338//3007
f 122//3008 125//3008 21//3008
f 125//3009 122//3009 266//3009
f 3327//3010 3294//3010 3293//3010
f 3294//3011 3327//3011 3328//3011
f 3163//3012 3104//3012 3101//3012
f 328//3013 448//3013 460//3013
f 448//3014 328//3014 325//3014
f 2971//3015 2999//3015 3000//3015
f 2999//3016 2971//3016 2970//3016
f 318//3017 259//3017 317//3017
f 259//3018 318//3018 260//3018
f 621//3019 622//3019 647//3019
f 622//3020 621//3020 593//3020
f 643//3021 743//3021 615//3021
f 743//3022 643//3022 744//3022
f 1069//3023 1074//3023 1073//3023
f 1074//3024 1069//3024 1070//3024
f 2419//3025 2390//3025 2385//3025
f 2390//3026 2419//3026 2422//3026
f 56//3027 40//3027 57//3027
f 40//3028 56//3028 38//3028
f 54//3029 37//3029 55//3029
f 37//3030 54//3030 36//3030
f 1779//3031 1758//3031 1757//3031
f 1758//3032 1779//3032 1780//3032
f 547//3033 590//3033 549//3033
f 590//3034 547//3034 586//3034
f 54//3035 68//3035 53//3035
f 68//3036 54//3036 69//3036
f 3156//3037 3098//3037 3097//3037
f 3098//3038 3156//3038 3157//3038
f 77//3039 81//3039 74//3039
f 81//3040 77//3040 82//3040
f 82//3041 130//3041 81//3041
f 130//3042 82//3042 131//3042
f 84//3043 131//3043 82//3043
f 131//3044 84//3044 132//3044
f 85//3045 132//3045 84//3045
f 132//3046 85//3046 133//3046
f 2986//3047 3015//3047 3016//3047
f 3015//3048 2986//3048 3001//3048
f 275//3049 336//3049 274//3049
f 336//3050 275//3050 337//3050
f 276//3051 337//3051 275//3051
f 337//3052 276//3052 338//3052
f 2219//3053 2201//3053 2200//3053
f 2201//3054 2219//3054 2214//3054
f 137//3055 139//3055 278//3055
f 139//3056 137//3056 105//3056
f 106//3057 139//3057 105//3057
f 139//3058 106//3058 140//3058
f 108//3059 140//3059 106//3059
f 140//3060 108//3060 142//3060
f 109//3061 142//3061 108//3061
f 142//3062 109//3062 143//3062
f 3334//3063 3301//3063 3300//3063
f 3301//3064 3334//3064 3335//3064
f 3427//3065 3326//3065 3424//3065
f 144//3066 141//3066 285//3066
f 141//3067 144//3067 107//3067
f 104//3068 141//3068 107//3068
f 141//3069 104//3069 138//3069
f 104//3070 136//3070 138//3070
f 136//3071 104//3071 94//3071
f 94//3072 127//3072 136//3072
f 127//3073 94//3073 65//3073
f 51//3074 124//3074 39//3074
f 124//3075 51//3075 126//3075
f 3308//3076 3165//3076 3167//3076
f 3165//3077 3308//3077 3306//3077
f 266//3078 330//3078 268//3078
f 330//3079 266//3079 328//3079
f 3411//3080 3309//3080 3382//3080
f 3309//3081 3411//3081 3318//3081
f 460//3082 447//3082 458//3082
f 447//3083 460//3083 448//3083
f 3402//3084 3314//3084 3315//3084
f 3314//3085 3402//3085 3401//3085
f 772//3086 815//3086 816//3086
f 815//3087 772//3087 771//3087
f 317//3088 258//3088 323//3088
f 258//3089 317//3089 259//3089
f 3155//3090 3097//3090 3096//3090
f 3097//3091 3155//3091 3156//3091
f 3341//3092 3330//3092 3329//3092
f 3330//3093 3341//3093 3342//3093
f 2539//3094 2646//3094 2540//3094
f 2646//3095 2539//3095 2645//3095
f 1389//3096 1351//3096 1390//3096
f 1351//3097 1389//3097 1350//3097
f 3408//3098 3380//3098 3379//3098
f 3380//3099 3408//3099 3409//3099
f 43//3100 29//3100 36//3100
f 29//3101 43//3101 33//3101
f 3352//3102 3363//3102 3350//3102
f 3350//3103 3363//3103 3360//3103
f 62//3104 50//3104 63//3104
f 50//3105 62//3105 48//3105
f 3379//3106 3367//3106 3365//3106
f 3367//3107 3379//3107 3380//3107
f 2839//3108 2866//3108 2856//3108
f 2866//3109 2839//3109 2850//3109
f 74//3110 75//3110 73//3110
f 75//3111 74//3111 81//3111
f 3183//3112 3119//3112 3121//3112
f 3119//3113 3183//3113 3181//3113
f 3168//3114 3115//3114 3106//3114
f 3115//3115 3168//3115 3177//3115
f 2782//3116 2771//3116 2786//3116
f 2771//3117 2782//3117 2766//3117
f 3215//3118 3186//3118 3214//3118
f 3186//3119 3215//3119 3187//3119
f 2897//3120 2915//3120 2916//3120
f 2915//3121 2897//3121 2895//3121
f 274//3122 335//3122 273//3122
f 335//3123 274//3123 336//3123
f 3113//3124 2868//3124 2869//3124
f 2868//3125 3113//3125 3112//3125
f 337//3126 509//3126 336//3126
f 509//3127 337//3127 510//3127
f 338//3128 510//3128 337//3128
f 510//3129 338//3129 513//3129
f 550//3130 589//3130 541//3130
f 589//3131 550//3131 591//3131
f 3069//3132 2837//3132 3071//3132
f 2837//3133 3069//3133 2823//3133
f 1628//3134 1563//3134 1599//3134
f 1563//3135 1628//3135 1571//3135
f 546//3136 597//3136 596//3136
f 597//3137 546//3137 552//3137
f 3325//3138 3184//3138 3326//3138
f 3169//3139 3105//3139 3107//3139
f 3105//3140 3169//3140 3167//3140
f 2097//3141 2029//3141 2063//3141
f 2029//3142 2097//3142 2089//3142
f 79//3143 84//3143 78//3143
f 84//3144 79//3144 85//3144
f 1187//3145 1099//3145 1186//3145
f 1099//3146 1187//3146 1100//3146
f 268//3147 339//3147 277//3147
f 339//3148 268//3148 330//3148
f 2833//3149 2817//3149 2819//3149
f 2806//3150 2817//3150 2805//3150
f 446//3151 461//3151 458//3151
f 461//3152 446//3152 445//3152
f 445//3153 463//3153 461//3153
f 463//3154 445//3154 451//3154
f 479//3155 724//3155 725//3155
f 724//3156 479//3156 466//3156
f 2823//3157 3069//3157 3067//3157
f 3140//3158 3071//3158 3079//3158
f 3071//3159 3140//3159 3133//3159
f 970//3160 1104//3160 1086//3160
f 1104//3161 970//3161 1090//3161
f 246//3162 305//3162 244//3162
f 305//3163 246//3163 307//3163
f 3207//3164 3145//3164 3208//3164
f 3145//3165 3146//3165 3208//3165
f 3208//3166 3146//3166 3209//3166
f 3146//3167 3147//3167 3209//3167
f 3213//3168 3148//3168 3210//3168
f 310//3169 311//3169 372//3169
f 311//3170 310//3170 249//3170
f 3210//3171 3149//3171 3211//3171
f 311//3172 312//3172 373//3172
f 312//3173 311//3173 250//3173
f 312//3174 313//3174 374//3174
f 313//3175 312//3175 251//3175
f 530//3176 559//3176 531//3176
f 559//3177 530//3177 549//3177
f 3390//3178 3384//3178 3392//3178
f 3384//3179 3390//3179 3383//3179
f 243//3180 306//3180 245//3180
f 306//3181 243//3181 304//3181
f 2196//3182 2185//3182 2184//3182
f 2185//3183 2196//3183 2197//3183
f 2865//3184 2871//3184 2874//3184
f 2871//3185 2865//3185 2862//3185
f 361//3186 511//3186 364//3186
f 511//3187 361//3187 500//3187
f 3075//3188 2859//3188 3077//3188
f 3077//3189 2859//3189 2858//3189
f 494//3190 490//3190 495//3190
f 490//3191 494//3191 485//3191
f 2849//3192 2845//3192 2844//3192
f 2844//3193 2845//3193 2720//3193
f 738//3194 486//3194 717//3194
f 486//3195 738//3195 484//3195
f 2793//3196 3096//3196 3097//3196
f 3096//3197 2793//3197 2792//3197
f 717//3198 794//3198 795//3198
f 794//3199 717//3199 737//3199
f 735//3200 774//3200 786//3200
f 774//3201 735//3201 725//3201
f 776//3202 748//3202 817//3202
f 748//3203 776//3203 724//3203
f 291//3204 232//3204 293//3204
f 232//3205 291//3205 230//3205
f 469//3206 455//3206 466//3206
f 455//3207 469//3207 462//3207
f 3150//3208 3149//3208 3087//3208
f 3149//3209 3150//3209 3211//3209
f 101//3210 110//3210 103//3210
f 110//3211 101//3211 107//3211
f 426//3212 409//3212 410//3212
f 409//3213 426//3213 425//3213
f 425//3214 408//3214 409//3214
f 408//3215 425//3215 424//3215
f 424//3216 407//3216 408//3216
f 407//3217 424//3217 423//3217
f 423//3218 412//3218 407//3218
f 412//3219 423//3219 427//3219
f 3263//3220 3271//3220 3264//3220
f 3271//3221 3263//3221 3270//3221
f 2805//3222 2772//3222 2806//3222
f 2772//3223 2778//3223 2806//3223
f 2778//3224 2787//3224 2788//3224
f 3295//3225 3155//3225 3154//3225
f 3155//3226 3295//3226 3296//3226
f 2751//3227 2740//3227 2752//3227
f 2740//3228 2751//3228 2741//3228
f 29//3229 10//3229 22//3229
f 10//3230 29//3230 19//3230
f 33//3231 19//3231 29//3231
f 19//3232 33//3232 20//3232
f 35//3233 20//3233 33//3233
f 20//3234 35//3234 32//3234
f 3352//3235 3349//3235 3363//3235
f 3349//3236 3356//3236 3363//3236
f 52//3237 39//3237 46//3237
f 39//3238 52//3238 51//3238
f 53//3239 36//3239 54//3239
f 36//3240 53//3240 43//3240
f 73//3241 67//3241 66//3241
f 67//3242 73//3242 75//3242
f 75//3243 128//3243 67//3243
f 128//3244 75//3244 129//3244
f 1086//3245 1118//3245 1112//3245
f 1118//3246 1086//3246 1104//3246
f 270//3247 331//3247 269//3247
f 331//3248 270//3248 332//3248
f 271//3249 332//3249 270//3249
f 332//3250 271//3250 333//3250
f 272//3251 333//3251 271//3251
f 333//3252 272//3252 334//3252
f 273//3253 334//3253 272//3253
f 334//3254 273//3254 335//3254
f 334//3255 503//3255 333//3255
f 503//3256 334//3256 506//3256
f 508//3257 515//3257 506//3257
f 515//3258 508//3258 516//3258
f 401//3259 389//3259 387//3259
f 389//3260 401//3260 397//3260
f 510//3261 517//3261 509//3261
f 517//3262 510//3262 518//3262
f 513//3263 518//3263 510//3263
f 518//3264 513//3264 526//3264
f 177//3265 186//3265 190//3265
f 186//3266 177//3266 236//3266
f 2872//3267 2893//3267 3116//3267
f 281//3268 342//3268 280//3268
f 342//3269 281//3269 343//3269
f 283//3270 343//3270 281//3270
f 343//3271 283//3271 345//3271
f 284//3272 345//3272 283//3272
f 345//3273 284//3273 346//3273
f 3122//3274 3123//3274 3185//3274
f 3123//3275 3120//3275 3182//3275
f 279//3276 344//3276 282//3276
f 344//3277 279//3277 341//3277
f 277//3278 341//3278 279//3278
f 341//3279 277//3279 339//3279
f 2804//3280 2772//3280 2805//3280
f 2772//3281 2804//3281 2770//3281
f 2880//3282 2834//3282 2833//3282
f 458//3283 475//3283 474//3283
f 475//3284 458//3284 461//3284
f 3276//3285 3207//3285 3285//3285
f 3207//3286 3276//3286 3205//3286
f 463//3287 477//3287 476//3287
f 477//3288 463//3288 464//3288
f 2836//3289 2837//3289 2823//3289
f 3237//3290 3193//3290 3195//3290
f 3193//3291 3237//3291 3228//3291
f 302//3292 357//3292 295//3292
f 357//3293 302//3293 365//3293
f 3079//3294 3081//3294 3143//3294
f 3379//3295 3407//3295 3408//3295
f 3407//3296 3379//3296 3378//3296
f 3145//3297 3083//3297 3146//3297
f 3083//3298 3084//3298 3146//3298
f 1548//3299 1602//3299 1522//3299
f 1602//3300 1548//3300 1562//3300
f 310//3301 371//3301 309//3301
f 371//3302 310//3302 372//3302
f 3086//3303 3087//3303 3149//3303
f 3087//3304 3088//3304 3150//3304
f 3088//3305 3089//3305 3151//3305
f 306//3306 375//3306 313//3306
f 375//3307 306//3307 368//3307
f 304//3308 368//3308 306//3308
f 368//3309 304//3309 366//3309
f 368//3310 532//3310 548//3310
f 532//3311 368//3311 366//3311
f 3261//3312 3262//3312 3258//3312
f 3262//3313 3261//3313 3269//3313
f 500//3314 501//3314 511//3314
f 501//3315 500//3315 495//3315
f 569//3316 582//3316 572//3316
f 582//3317 569//3317 577//3317
f 633//3318 664//3318 663//3318
f 664//3319 633//3319 634//3319
f 307//3320 367//3320 305//3320
f 367//3321 307//3321 369//3321
f 488//3322 504//3322 487//3322
f 504//3323 488//3323 505//3323
f 1957//3324 1999//3324 1974//3324
f 1999//3325 1957//3325 1988//3325
f 197//3326 216//3326 207//3326
f 216//3327 197//3327 203//3327
f 487//3328 728//3328 488//3328
f 728//3329 487//3329 739//3329
f 2433//3330 2299//3330 2296//3330
f 2299//3331 2433//3331 2445//3331
f 2814//3332 2687//3332 2796//3332
f 2687//3333 2814//3333 2690//3333
f 796//3334 1003//3334 788//3334
f 1003//3335 796//3335 1052//3335
f 2957//3336 2991//3336 2962//3336
f 2991//3337 2957//3337 2990//3337
f 138//3338 282//3338 141//3338
f 282//3339 138//3339 279//3339
f 794//3340 1001//3340 1050//3340
f 1001//3341 794//3341 786//3341
f 421//3342 414//3342 406//3342
f 414//3343 421//3343 422//3343
f 2084//3344 2563//3344 2651//3344
f 2563//3345 2084//3345 2085//3345
f 2558//3346 2619//3346 2661//3346
f 455//3347 751//3347 748//3347
f 751//3348 455//3348 437//3348
f 2818//3349 3102//3349 2809//3349
f 3102//3350 2818//3350 3103//3350
f 410//3351 755//3351 756//3351
f 755//3352 410//3352 409//3352
f 3245//3353 3194//3353 3236//3353
f 3194//3354 3245//3354 3196//3354
f 408//3355 752//3355 753//3355
f 752//3356 408//3356 407//3356
f 407//3357 754//3357 752//3357
f 754//3358 407//3358 412//3358
f 3401//3359 3313//3359 3314//3359
f 3313//3360 3401//3360 3399//3360
f 2697//3361 2722//3361 2772//3361
f 2722//3362 2764//3362 2772//3362
f 2772//3363 2764//3363 2778//3363
f 2764//3364 2776//3364 2778//3364
f 2778//3365 2776//3365 2787//3365
f 2787//3366 2776//3366 2795//3366
f 2776//3367 2780//3367 2795//3367
f 2781//3368 2794//3368 2780//3368
f 2780//3369 2794//3369 2795//3369
f 435//3370 321//3370 434//3370
f 321//3371 435//3371 322//3371
f 322//3372 256//3372 321//3372
f 256//3373 322//3373 257//3373
f 2399//3374 2404//3374 2400//3374
f 2404//3375 2399//3375 2403//3375
f 102//3376 108//3376 100//3376
f 108//3377 102//3377 109//3377
f 10//3378 112//3378 11//3378
f 112//3379 10//3379 111//3379
f 3327//3380 3293//3380 3336//3380
f 111//3381 120//3381 252//3381
f 120//3382 111//3382 19//3382
f 3336//3383 3302//3383 3337//3383
f 120//3384 121//3384 261//3384
f 121//3385 120//3385 20//3385
f 32//3386 121//3386 20//3386
f 121//3387 32//3387 123//3387
f 39//3388 123//3388 32//3388
f 123//3389 39//3389 124//3389
f 3384//3390 3308//3390 3310//3390
f 3308//3391 3384//3391 3368//3391
f 3362//3392 3309//3392 3307//3392
f 3309//3393 3362//3393 3382//3393
f 339//3394 474//3394 521//3394
f 474//3395 339//3395 330//3395
f 3166//3396 3106//3396 3104//3396
f 3106//3397 3166//3397 3168//3397
f 2553//3398 2525//3398 2557//3398
f 2525//3399 2553//3399 2523//3399
f 331//3400 497//3400 480//3400
f 497//3401 331//3401 332//3401
f 774//3402 875//3402 896//3402
f 875//3403 774//3403 776//3403
f 506//3404 512//3404 503//3404
f 512//3405 506//3405 515//3405
f 515//3406 533//3406 512//3406
f 533//3407 515//3407 535//3407
f 517//3408 536//3408 516//3408
f 536//3409 517//3409 538//3409
f 1604//3410 1571//3410 1616//3410
f 1571//3411 1604//3411 1581//3411
f 3392//3412 3310//3412 3311//3412
f 3310//3413 3392//3413 3384//3413
f 409//3414 753//3414 755//3414
f 753//3415 409//3415 408//3415
f 2893//3416 2910//3416 3118//3416
f 441//3417 440//3417 423//3417
f 440//3418 441//3418 348//3418
f 345//3419 568//3419 343//3419
f 568//3420 345//3420 570//3420
f 346//3421 570//3421 345//3421
f 570//3422 346//3422 571//3422
f 72//3423 79//3423 71//3423
f 79//3424 72//3424 80//3424
f 196//3425 198//3425 211//3425
f 198//3426 196//3426 190//3426
f 129//3427 269//3427 128//3427
f 269//3428 129//3428 270//3428
f 2901//3429 2882//3429 2880//3429
f 48//3430 61//3430 47//3430
f 61//3431 48//3431 62//3431
f 2882//3432 2883//3432 2835//3432
f 478//3433 522//3433 477//3433
f 522//3434 478//3434 519//3434
f 1758//3435 1785//3435 1746//3435
f 1785//3436 1758//3436 1780//3436
f 365//3437 540//3437 519//3437
f 540//3438 365//3438 367//3438
f 2791//3439 2760//3439 2790//3439
f 2760//3440 2791//3440 2775//3440
f 369//3441 562//3441 561//3441
f 562//3442 369//3442 370//3442
f 370//3443 563//3443 562//3443
f 563//3444 370//3444 371//3444
f 371//3445 564//3445 563//3445
f 564//3446 371//3446 372//3446
f 372//3447 565//3447 564//3447
f 565//3448 372//3448 373//3448
f 373//3449 567//3449 565//3449
f 567//3450 373//3450 374//3450
f 374//3451 566//3451 567//3451
f 566//3452 374//3452 375//3452
f 2526//3453 2645//3453 2539//3453
f 2645//3454 2526//3454 2631//3454
f 717//3455 796//3455 738//3455
f 796//3456 717//3456 795//3456
f 502//3457 531//3457 501//3457
f 531//3458 502//3458 530//3458
f 504//3459 530//3459 502//3459
f 530//3460 504//3460 529//3460
f 505//3461 529//3461 504//3461
f 529//3462 505//3462 528//3462
f 2666//3463 2665//3463 2714//3463
f 2714//3464 2665//3464 2713//3464
f 2665//3465 2663//3465 2713//3465
f 2713//3466 2663//3466 2712//3466
f 2663//3467 2659//3467 2712//3467
f 2712//3468 2659//3468 2688//3468
f 2688//3469 2659//3469 2709//3469
f 2659//3470 2657//3470 2709//3470
f 484//3471 739//3471 487//3471
f 739//3472 484//3472 738//3472
f 3420//3473 3426//3473 3427//3473
f 3426//3474 3420//3474 3419//3474
f 1003//3475 1139//3475 992//3475
f 1139//3476 1003//3476 1141//3476
f 1052//3477 1141//3477 1003//3477
f 1141//3478 1052//3478 1144//3478
f 1051//3479 1144//3479 1052//3479
f 1144//3480 1051//3480 1143//3480
f 3346//3481 3327//3481 3336//3481
f 3327//3482 3346//3482 3339//3482
f 1001//3483 1142//3483 1050//3483
f 1142//3484 1001//3484 1137//3484
f 1137//3485 1177//3485 1185//3485
f 1177//3486 1137//3486 1117//3486
f 2829//3487 2879//3487 2873//3487
f 2879//3488 2829//3488 2831//3488
f 2766//3489 2683//3489 2771//3489
f 2683//3490 2766//3490 2681//3490
f 2558//3491 2344//3491 2619//3491
f 1093//3492 895//3492 1158//3492
f 895//3493 1093//3493 817//3493
f 756//3494 895//3494 751//3494
f 895//3495 756//3495 980//3495
f 755//3496 980//3496 756//3496
f 980//3497 755//3497 979//3497
f 753//3498 979//3498 755//3498
f 979//3499 753//3499 978//3499
f 439//3500 398//3500 438//3500
f 398//3501 439//3501 400//3501
f 754//3502 977//3502 752//3502
f 977//3503 754//3503 976//3503
f 750//3504 976//3504 754//3504
f 976//3505 750//3505 884//3505
f 1058//3506 1064//3506 1063//3506
f 1064//3507 1058//3507 1059//3507
f 2653//3508 2696//3508 2697//3508
f 2697//3509 2696//3509 2722//3509
f 2762//3510 2765//3510 2764//3510
f 2764//3511 2765//3511 2776//3511
f 2776//3512 2765//3512 2780//3512
f 2312//3513 2238//3513 2262//3513
f 2238//3514 2312//3514 2279//3514
f 2773//3515 2779//3515 2781//3515
f 2779//3516 2793//3516 2781//3516
f 2781//3517 2793//3517 2794//3517
f 436//3518 322//3518 435//3518
f 322//3519 436//3519 323//3519
f 321//3520 255//3520 320//3520
f 255//3521 321//3521 256//3521
f 69//3522 74//3522 68//3522
f 74//3523 69//3523 77//3523
f 2934//3524 2964//3524 2937//3524
f 2964//3525 2934//3525 2963//3525
f 3294//3526 3153//3526 3293//3526
f 2987//3527 3018//3527 2988//3527
f 3018//3528 2987//3528 3017//3528
f 288//3529 287//3529 350//3529
f 287//3530 288//3530 226//3530
f 3430//3531 2606//3531 2605//3531
f 2606//3532 3430//3532 3431//3532
f 962//3533 938//3533 961//3533
f 938//3534 962//3534 940//3534
f 3064//3535 2802//3535 2801//3535
f 2802//3536 3064//3536 3065//3536
f 128//3537 267//3537 126//3537
f 267//3538 128//3538 269//3538
f 267//3539 327//3539 265//3539
f 327//3540 267//3540 329//3540
f 467//3541 491//3541 468//3541
f 491//3542 467//3542 480//3542
f 480//3543 507//3543 491//3543
f 507//3544 480//3544 497//3544
f 613//3545 641//3545 612//3545
f 641//3546 613//3546 642//3546
f 1997//3547 1956//3547 1978//3547
f 1956//3548 1997//3548 1987//3548
f 533//3549 550//3549 527//3549
f 550//3550 533//3550 553//3550
f 535//3551 553//3551 533//3551
f 553//3552 535//3552 555//3552
f 536//3553 555//3553 535//3553
f 555//3554 536//3554 556//3554
f 538//3555 556//3555 536//3555
f 556//3556 538//3556 557//3556
f 539//3557 557//3557 538//3557
f 557//3558 539//3558 558//3558
f 1562//3559 1627//3559 1602//3559
f 1627//3560 1562//3560 1569//3560
f 570//3561 581//3561 568//3561
f 581//3562 570//3562 583//3562
f 2045//3563 2086//3563 2085//3563
f 2086//3564 2045//3564 2046//3564
f 976//3565 1154//3565 977//3565
f 1154//3566 976//3566 1153//3566
f 124//3567 264//3567 123//3567
f 264//3568 124//3568 265//3568
f 2928//3569 2936//3569 2901//3569
f 2936//3570 2913//3570 2901//3570
f 2901//3571 2913//3571 2882//3571
f 1084//3572 761//3572 1094//3572
f 761//3573 1084//3573 758//3573
f 522//3574 546//3574 524//3574
f 546//3575 522//3575 552//3575
f 2881//3576 2911//3576 2878//3576
f 2878//3577 2911//3577 2899//3577
f 2911//3578 2932//3578 2899//3578
f 2899//3579 2932//3579 2920//3579
f 561//3580 574//3580 573//3580
f 574//3581 561//3581 562//3581
f 518//3582 538//3582 517//3582
f 538//3583 518//3583 539//3583
f 738//3584 788//3584 739//3584
f 788//3585 738//3585 796//3585
f 958//3586 987//3586 988//3586
f 987//3587 958//3587 957//3587
f 567//3588 576//3588 580//3588
f 576//3589 567//3589 566//3589
f 2894//3590 2912//3590 2914//3590
f 2912//3591 2894//3591 2892//3591
f 253//3592 252//3592 315//3592
f 252//3593 253//3593 111//3593
f 1047//3594 1055//3594 1054//3594
f 1055//3595 1047//3595 1048//3595
f 70//3596 77//3596 69//3596
f 77//3597 70//3597 78//3597
f 1731//3598 1719//3598 1718//3598
f 1719//3599 1731//3599 1773//3599
f 765//3600 719//3600 718//3600
f 719//3601 765//3601 766//3601
f 2609//3602 2608//3602 2666//3602
f 2666//3603 2608//3603 2665//3603
f 2608//3604 2599//3604 2665//3604
f 2665//3605 2599//3605 2663//3605
f 2599//3606 2531//3606 2663//3606
f 2663//3607 2531//3607 2659//3607
f 781//3608 901//3608 777//3608
f 901//3609 781//3609 992//3609
f 2301//3610 2257//3610 2299//3610
f 2257//3611 2248//3611 2299//3611
f 1141//3612 1189//3612 1139//3612
f 1189//3613 1141//3613 1188//3613
f 1185//3614 1218//3614 1191//3614
f 1218//3615 1185//3615 1212//3615
f 2964//3616 2994//3616 2968//3616
f 2994//3617 2964//3617 2993//3617
f 1142//3618 1192//3618 1143//3618
f 1192//3619 1142//3619 1191//3619
f 1137//3620 1191//3620 1142//3620
f 1191//3621 1137//3621 1185//3621
f 2804//3622 2822//3622 2810//3622
f 2822//3623 2804//3623 2820//3623
f 1158//3624 1204//3624 1177//3624
f 1204//3625 1158//3625 1200//3625
f 1117//3626 1158//3626 1177//3626
f 1158//3627 1117//3627 1093//3627
f 980//3628 1158//3628 895//3628
f 1158//3629 980//3629 1157//3629
f 136//3630 279//3630 138//3630
f 279//3631 136//3631 277//3631
f 3302//3632 3293//3632 3152//3632
f 3293//3633 3302//3633 3336//3633
f 977//3634 1155//3634 978//3634
f 1155//3635 977//3635 1154//3635
f 2041//3636 2088//3636 2034//3636
f 2088//3637 2041//3637 2075//3637
f 884//3638 1153//3638 976//3638
f 1153//3639 884//3639 1125//3639
f 884//3640 890//3640 1125//3640
f 890//3641 884//3641 785//3641
f 3423//3642 3321//3642 3322//3642
f 3321//3643 3423//3643 3422//3643
f 2696//3644 2692//3644 2762//3644
f 2762//3645 2692//3645 2765//3645
f 2765//3646 2692//3646 2773//3646
f 414//3647 404//3647 746//3647
f 404//3648 414//3648 420//3648
f 2763//3649 2777//3649 2779//3649
f 2777//3650 2792//3650 2779//3650
f 2779//3651 2792//3651 2793//3651
f 434//3652 320//3652 433//3652
f 320//3653 434//3653 321//3653
f 254//3654 320//3654 255//3654
f 320//3655 254//3655 316//3655
f 253//3656 316//3656 254//3656
f 316//3657 253//3657 315//3657
f 3091//3658 3090//3658 3152//3658
f 195//3659 199//3659 202//3659
f 199//3660 195//3660 191//3660
f 2636//3661 2436//3661 2654//3661
f 2436//3662 2636//3662 2378//3662
f 264//3663 324//3663 262//3663
f 324//3664 264//3664 326//3664
f 265//3665 326//3665 264//3665
f 326//3666 265//3666 327//3666
f 326//3667 459//3667 450//3667
f 459//3668 326//3668 327//3668
f 459//3669 468//3669 457//3669
f 468//3670 459//3670 467//3670
f 579//3671 610//3671 609//3671
f 610//3672 579//3672 580//3672
f 472//3673 514//3673 520//3673
f 514//3674 472//3674 470//3674
f 2806//3675 2819//3675 2817//3675
f 2819//3676 2806//3676 2807//3676
f 2850//3677 2873//3677 2866//3677
f 2866//3678 2873//3678 2886//3678
f 990//3679 959//3679 989//3679
f 959//3680 990//3680 960//3680
f 566//3681 559//3681 576//3681
f 559//3682 566//3682 548//3682
f 330//3683 460//3683 474//3683
f 460//3684 330//3684 328//3684
f 555//3685 592//3685 553//3685
f 592//3686 555//3686 593//3686
f 556//3687 593//3687 555//3687
f 593//3688 556//3688 594//3688
f 145//3689 230//3689 225//3689
f 230//3690 145//3690 150//3690
f 2810//3691 2786//3691 2804//3691
f 2786//3692 2810//3692 2799//3692
f 766//3693 825//3693 767//3693
f 825//3694 766//3694 824//3694
f 560//3695 607//3695 602//3695
f 607//3696 560//3696 581//3696
f 154//3697 149//3697 156//3697
f 149//3698 154//3698 148//3698
f 228//3699 290//3699 229//3699
f 290//3700 228//3700 289//3700
f 2690//3701 2661//3701 2619//3701
f 2661//3702 2690//3702 2710//3702
f 2936//3703 2967//3703 2913//3703
f 2967//3704 2954//3704 2913//3704
f 554//3705 596//3705 595//3705
f 596//3706 554//3706 546//3706
f 227//3707 289//3707 228//3707
f 289//3708 227//3708 288//3708
f 992//3709 1131//3709 901//3709
f 1131//3710 992//3710 1139//3710
f 3083//3711 2921//3711 3084//3711
f 2921//3712 3083//3712 2920//3712
f 574//3713 604//3713 603//3713
f 604//3714 574//3714 575//3714
f 575//3715 605//3715 604//3715
f 605//3716 575//3716 578//3716
f 578//3717 609//3717 605//3717
f 609//3718 578//3718 579//3718
f 596//3719 630//3719 629//3719
f 630//3720 596//3720 597//3720
f 994//3721 1017//3721 995//3721
f 1017//3722 994//3722 1014//3722
f 576//3723 599//3723 606//3723
f 599//3724 576//3724 559//3724
f 636//3725 667//3725 666//3725
f 667//3726 636//3726 637//3726
f 169//3727 182//3727 172//3727
f 182//3728 169//3728 179//3728
f 47//3729 60//3729 44//3729
f 60//3730 47//3730 61//3730
f 970//3731 1082//3731 1090//3731
f 1082//3732 970//3732 891//3732
f 719//3733 767//3733 720//3733
f 767//3734 719//3734 766//3734
f 127//3735 277//3735 136//3735
f 277//3736 127//3736 268//3736
f 824//3737 853//3737 825//3737
f 853//3738 824//3738 849//3738
f 823//3739 849//3739 824//3739
f 849//3740 823//3740 845//3740
f 837//3741 871//3741 829//3741
f 871//3742 837//3742 876//3742
f 413//3743 750//3743 411//3743
f 750//3744 413//3744 733//3744
f 2543//3745 2679//3745 2692//3745
f 2679//3746 2543//3746 2353//3746
f 2531//3747 2354//3747 2301//3747
f 2354//3748 2298//3748 2301//3748
f 2301//3749 2298//3749 2257//3749
f 2298//3750 2243//3750 2257//3750
f 1189//3751 1199//3751 1180//3751
f 1199//3752 1189//3752 1222//3752
f 1188//3753 1222//3753 1189//3753
f 1222//3754 1188//3754 1221//3754
f 2203//3755 2192//3755 2191//3755
f 2192//3756 2203//3756 2204//3756
f 1192//3757 1220//3757 1193//3757
f 1220//3758 1192//3758 1219//3758
f 1191//3759 1219//3759 1192//3759
f 1219//3760 1191//3760 1218//3760
f 2915//3761 2952//3761 2953//3761
f 2952//3762 2915//3762 2914//3762
f 2225//3763 2236//3763 2235//3763
f 2129//3764 2150//3764 2144//3764
f 2150//3765 2129//3765 2120//3765
f 785//3766 746//3766 890//3766
f 746//3767 785//3767 732//3767
f 2758//3768 2745//3768 2755//3768
f 2745//3769 2758//3769 2747//3769
f 2884//3770 2700//3770 2704//3770
f 2700//3771 2884//3771 2832//3771
f 3062//3772 3063//3772 2800//3772
f 3063//3773 3062//3773 3124//3773
f 1125//3774 1194//3774 1153//3774
f 1194//3775 1125//3775 1175//3775
f 1125//3776 1084//3776 1175//3776
f 1084//3777 1125//3777 890//3777
f 890//3778 758//3778 1084//3778
f 758//3779 890//3779 746//3779
f 298//3780 362//3780 301//3780
f 362//3781 298//3781 360//3781
f 2935//3782 2958//3782 2918//3782
f 2958//3783 2935//3783 2965//3783
f 2777//3784 2775//3784 2792//3784
f 319//3785 324//3785 438//3785
f 324//3786 319//3786 262//3786
f 3096//3787 2791//3787 3092//3787
f 316//3788 431//3788 432//3788
f 431//3789 316//3789 315//3789
f 314//3790 431//3790 315//3790
f 431//3791 314//3791 430//3791
f 2789//3792 2797//3792 3095//3792
f 2797//3793 2798//3793 3100//3793
f 326//3794 439//3794 324//3794
f 439//3795 326//3795 450//3795
f 450//3796 457//3796 415//3796
f 457//3797 450//3797 459//3797
f 470//3798 457//3798 468//3798
f 457//3799 470//3799 456//3799
f 472//3800 456//3800 470//3800
f 456//3801 472//3801 454//3801
f 453//3802 472//3802 473//3802
f 472//3803 453//3803 454//3803
f 2837//3804 2881//3804 2878//3804
f 2881//3805 2837//3805 2836//3805
f 1010//3806 990//3806 1008//3806
f 990//3807 1010//3807 991//3807
f 2247//3808 2224//3808 2223//3808
f 2224//3809 2247//3809 2248//3809
f 2443//3810 2415//3810 2413//3810
f 2415//3811 2443//3811 2444//3811
f 1046//3812 1054//3812 1053//3812
f 1054//3813 1046//3813 1047//3813
f 602//3814 639//3814 626//3814
f 639//3815 602//3815 607//3815
f 1011//3816 1013//3816 1049//3816
f 1013//3817 1011//3817 902//3817
f 2384//3818 2418//3818 2377//3818
f 2829//3819 2816//3819 2815//3819
f 2816//3820 2829//3820 2827//3820
f 2416//3821 2532//3821 2530//3821
f 900//3822 797//3822 902//3822
f 797//3823 900//3823 793//3823
f 793//3824 736//3824 797//3824
f 736//3825 793//3825 734//3825
f 736//3826 525//3826 740//3826
f 525//3827 736//3827 473//3827
f 525//3828 543//3828 544//3828
f 543//3829 525//3829 520//3829
f 520//3830 541//3830 543//3830
f 541//3831 520//3831 514//3831
f 541//3832 588//3832 543//3832
f 588//3833 541//3833 589//3833
f 1216//3834 1247//3834 1217//3834
f 1247//3835 1216//3835 1246//3835
f 2950//3836 2979//3836 2951//3836
f 620//3837 621//3837 646//3837
f 621//3838 620//3838 592//3838
f 2951//3839 2980//3839 2952//3839
f 2515//3840 2512//3840 2514//3840
f 2512//3841 2515//3841 2513//3841
f 2952//3842 2981//3842 2953//3842
f 622//3843 623//3843 648//3843
f 623//3844 622//3844 594//3844
f 2953//3845 2982//3845 2959//3845
f 903//3846 799//3846 904//3846
f 799//3847 903//3847 798//3847
f 2959//3848 2983//3848 2960//3848
f 2982//3849 2981//3849 3007//3849
f 2981//3850 2982//3850 2953//3850
f 602//3851 625//3851 601//3851
f 625//3852 602//3852 626//3852
f 2961//3853 2984//3853 2985//3853
f 2984//3854 2961//3854 2960//3854
f 3333//3855 3300//3855 3299//3855
f 3300//3856 3333//3856 3334//3856
f 612//3857 640//3857 611//3857
f 640//3858 612//3858 641//3858
f 2902//3859 2884//3859 2903//3859
f 2884//3860 2902//3860 2879//3860
f 608//3861 642//3861 613//3861
f 642//3862 608//3862 627//3862
f 595//3863 627//3863 608//3863
f 627//3864 595//3864 628//3864
f 2956//3865 2990//3865 2957//3865
f 2990//3866 2956//3866 2989//3866
f 3349//3867 3303//3867 3305//3867
f 3303//3868 3349//3868 3337//3868
f 598//3869 632//3869 631//3869
f 632//3870 598//3870 603//3870
f 456//3871 415//3871 457//3871
f 415//3872 456//3872 399//3872
f 2937//3873 2968//3873 2938//3873
f 2968//3874 2937//3874 2964//3874
f 605//3875 635//3875 634//3875
f 635//3876 605//3876 609//3876
f 609//3877 636//3877 635//3877
f 636//3878 609//3878 610//3878
f 610//3879 637//3879 636//3879
f 637//3880 610//3880 606//3880
f 3387//3881 3373//3881 3372//3881
f 3373//3882 3387//3882 3388//3882
f 590//3883 638//3883 599//3883
f 638//3884 590//3884 618//3884
f 1038//3885 1032//3885 1033//3885
f 1032//3886 1038//3886 1006//3886
f 3153//3887 3092//3887 3091//3887
f 3092//3888 3153//3888 3154//3888
f 1250//3889 1237//3889 1238//3889
f 1237//3890 1250//3890 1249//3890
f 720//3891 768//3891 721//3891
f 768//3892 720//3892 767//3892
f 2914//3893 2951//3893 2952//3893
f 2951//3894 2914//3894 2912//3894
f 825//3895 857//3895 826//3895
f 857//3896 825//3896 853//3896
f 3249//3897 3274//3897 3250//3897
f 3274//3898 3249//3898 3273//3898
f 872//3899 847//3899 846//3899
f 847//3900 872//3900 873//3900
f 905//3901 1020//3901 1018//3901
f 1020//3902 905//3902 906//3902
f 800//3903 906//3903 905//3903
f 906//3904 800//3904 801//3904
f 791//3905 897//3905 790//3905
f 897//3906 791//3906 898//3906
f 37//3907 23//3907 38//3907
f 23//3908 37//3908 22//3908
f 2479//3909 2450//3909 2449//3909
f 2450//3910 2479//3910 2480//3910
f 2642//3911 2536//3911 2643//3911
f 2536//3912 2642//3912 2535//3912
f 415//3913 388//3913 391//3913
f 388//3914 415//3914 399//3914
f 524//3915 554//3915 523//3915
f 554//3916 524//3916 546//3916
f 1138//3917 1090//3917 1082//3917
f 1090//3918 1138//3918 1146//3918
f 1199//3919 1146//3919 1138//3919
f 1146//3920 1199//3920 1203//3920
f 375//3921 548//3921 566//3921
f 548//3922 375//3922 368//3922
f 2436//3923 2293//3923 2300//3923
f 2293//3924 2436//3924 2378//3924
f 1220//3925 1229//3925 1221//3925
f 1229//3926 1220//3926 1228//3926
f 1219//3927 1228//3927 1220//3927
f 1228//3928 1219//3928 1227//3928
f 2969//3929 2996//3929 2965//3929
f 2996//3930 2969//3930 2995//3930
f 1212//3931 1226//3931 1218//3931
f 1226//3932 1212//3932 1223//3932
f 2225//3933 2214//3933 2236//3933
f 1200//3934 1217//3934 1223//3934
f 1217//3935 1200//3935 1198//3935
f 1198//3936 1216//3936 1217//3936
f 1216//3937 1198//3937 1197//3937
f 1196//3938 1216//3938 1197//3938
f 1216//3939 1196//3939 1215//3939
f 1195//3940 1215//3940 1196//3940
f 1215//3941 1195//3941 1214//3941
f 1194//3942 1214//3942 1195//3942
f 1214//3943 1194//3943 1213//3943
f 2845//3944 2702//3944 2720//3944
f 2702//3945 2845//3945 2843//3945
f 3171//3946 3108//3946 3109//3946
f 3108//3947 3171//3947 3170//3947
f 3148//3948 3085//3948 3086//3948
f 3085//3949 3148//3949 3147//3949
f 287//3950 286//3950 349//3950
f 286//3951 287//3951 225//3951
f 416//3952 394//3952 402//3952
f 394//3953 416//3953 401//3953
f 432//3954 401//3954 416//3954
f 401//3955 432//3955 431//3955
f 367//3956 561//3956 540//3956
f 561//3957 367//3957 369//3957
f 438//3958 397//3958 430//3958
f 397//3959 438//3959 398//3959
f 112//3960 254//3960 113//3960
f 254//3961 112//3961 253//3961
f 989//3962 958//3962 988//3962
f 958//3963 989//3963 959//3963
f 2635//3964 2700//3964 2698//3964
f 2700//3965 2635//3965 2639//3965
f 454//3966 399//3966 456//3966
f 399//3967 454//3967 396//3967
f 2947//3968 2903//3968 2946//3968
f 2903//3969 2947//3969 2902//3969
f 453//3970 731//3970 395//3970
f 731//3971 453//3971 734//3971
f 734//3972 792//3972 731//3972
f 792//3973 734//3973 793//3973
f 1227//3974 1249//3974 1250//3974
f 1249//3975 1227//3975 1226//3975
f 1017//3976 1065//3976 1019//3976
f 1065//3977 1017//3977 1062//3977
f 826//3978 861//3978 827//3978
f 861//3979 826//3979 857//3979
f 1048//3980 1043//3980 1044//3980
f 1043//3981 1048//3981 1047//3981
f 1047//3982 1042//3982 1043//3982
f 1042//3983 1047//3983 1046//3983
f 3018//3984 3050//3984 3019//3984
f 3050//3985 3018//3985 3049//3985
f 871//3986 846//3986 845//3986
f 846//3987 871//3987 872//3987
f 512//3988 527//3988 507//3988
f 527//3989 512//3989 533//3989
f 2631//3990 3031//3990 2645//3990
f 3031//3991 2631//3991 2721//3991
f 959//3992 924//3992 958//3992
f 924//3993 959//3993 930//3993
f 924//3994 957//3994 958//3994
f 957//3995 924//3995 920//3995
f 2490//3996 2491//3996 2487//3996
f 2487//3997 2491//3997 2488//3997
f 2491//3998 2493//3998 2488//3998
f 2488//3999 2493//3999 2492//3999
f 2493//4000 2498//4000 2492//4000
f 2498//4001 2474//4001 2473//4001
f 3317//4002 3400//4002 3316//4002
f 3400//4003 3317//4003 3404//4003
f 93//4004 65//4004 94//4004
f 65//4005 93//4005 64//4005
f 715//4006 403//4006 732//4006
f 403//4007 715//4007 405//4007
f 1221//4008 1230//4008 1222//4008
f 1230//4009 1221//4009 1229//4009
f 2523//4010 2462//4010 2482//4010
f 2462//4011 2455//4011 2482//4011
f 967//4012 982//4012 968//4012
f 982//4013 967//4013 998//4013
f 1086//4014 971//4014 970//4014
f 971//4015 1086//4015 1087//4015
f 1013//4016 903//4016 1015//4016
f 903//4017 1013//4017 902//4017
f 962//4018 994//4018 963//4018
f 994//4019 962//4019 993//4019
f 1019//4020 1069//4020 1021//4020
f 1069//4021 1019//4021 1065//4021
f 767//4022 826//4022 768//4022
f 826//4023 767//4023 825//4023
f 1053//4024 1058//4024 1057//4024
f 1058//4025 1053//4025 1054//4025
f 2386//4026 2387//4026 2382//4026
f 2242//4027 2218//4027 2241//4027
f 2218//4028 2242//4028 2219//4028
f 2383//4029 2388//4029 2384//4029
f 2388//4030 2420//4030 2384//4030
f 2384//4031 2420//4031 2418//4031
f 3160//4032 3101//4032 3094//4032
f 3101//4033 3160//4033 3163//4033
f 2259//4034 2300//4034 2254//4034
f 2300//4035 2259//4035 2320//4035
f 3304//4036 3307//4036 3166//4036
f 3307//4037 3304//4037 3338//4037
f 588//4038 544//4038 543//4038
f 544//4039 588//4039 587//4039
f 1976//4040 2060//4040 2061//4040
f 2060//4041 1976//4041 1975//4041
f 2138//4042 2268//4042 2269//4042
f 2268//4043 2138//4043 2137//4043
f 3005//4044 3006//4044 2980//4044
f 1155//4045 1197//4045 1156//4045
f 1197//4046 1155//4046 1196//4046
f 3007//4047 3008//4047 2982//4047
f 3008//4048 3009//4048 2983//4048
f 3009//4049 3010//4049 2984//4049
f 2990//4050 3021//4050 2991//4050
f 3021//4051 2990//4051 3020//4051
f 639//4052 652//4052 626//4052
f 652//4053 639//4053 653//4053
f 2800//4054 2783//4054 2782//4054
f 2783//4055 2800//4055 2801//4055
f 2999//4056 3013//4056 3000//4056
f 123//4057 262//4057 121//4057
f 262//4058 123//4058 264//4058
f 642//4059 655//4059 641//4059
f 655//4060 642//4060 656//4060
f 627//4061 656//4061 642//4061
f 656//4062 627//4062 657//4062
f 628//4063 657//4063 627//4063
f 657//4064 628//4064 658//4064
f 628//4065 659//4065 658//4065
f 659//4066 628//4066 629//4066
f 629//4067 660//4067 659//4067
f 660//4068 629//4068 630//4068
f 630//4069 661//4069 660//4069
f 661//4070 630//4070 631//4070
f 632//4071 663//4071 662//4071
f 663//4072 632//4072 633//4072
f 2989//4073 3020//4073 2990//4073
f 3020//4074 2989//4074 3019//4074
f 3360//4075 3346//4075 3350//4075
f 3346//4076 3360//4076 3353//4076
f 635//4077 666//4077 665//4077
f 666//4078 635//4078 636//4078
f 2995//4079 3026//4079 2996//4079
f 3026//4080 2995//4080 3025//4080
f 634//4081 665//4081 664//4081
f 665//4082 634//4082 635//4082
f 2994//4083 3025//4083 2995//4083
f 3025//4084 2994//4084 3024//4084
f 638//4085 669//4085 668//4085
f 669//4086 638//4086 618//4086
f 27//4087 42//4087 26//4087
f 42//4088 27//4088 44//4088
f 721//4089 769//4089 722//4089
f 769//4090 721//4090 768//4090
f 359//4091 496//4091 360//4091
f 496//4092 359//4092 489//4092
f 876//4093 872//4093 871//4093
f 872//4094 876//4094 877//4094
f 653//4095 683//4095 652//4095
f 683//4096 653//4096 684//4096
f 1041//4097 1035//4097 1036//4097
f 1035//4098 1041//4098 1040//4098
f 873//4099 848//4099 847//4099
f 848//4100 873//4100 874//4100
f 1168//4101 1297//4101 1298//4101
f 1297//4102 1168//4102 1167//4102
f 1113//4103 1172//4103 1114//4103
f 1172//4104 1113//4104 1171//4104
f 30//4105 47//4105 28//4105
f 47//4106 30//4106 48//4106
f 1118//4107 1174//4107 1112//4107
f 1174//4108 1118//4108 1166//4108
f 2319//4109 2271//4109 2333//4109
f 2271//4110 2278//4110 2333//4110
f 2767//4111 2681//4111 2766//4111
f 2681//4112 2767//4112 2682//4112
f 1146//4113 1207//4113 1159//4113
f 1207//4114 1146//4114 1203//4114
f 654//4115 655//4115 685//4115
f 655//4116 654//4116 641//4116
f 1229//4117 1253//4117 1230//4117
f 1253//4118 1229//4118 1252//4118
f 2864//4119 2888//4119 2887//4119
f 2888//4120 2864//4120 2863//4120
f 607//4121 640//4121 639//4121
f 640//4122 607//4122 611//4122
f 2831//4123 2815//4123 2813//4123
f 2815//4124 2831//4124 2829//4124
f 597//4125 631//4125 630//4125
f 631//4126 597//4126 598//4126
f 1217//4127 1248//4127 1223//4127
f 1248//4128 1217//4128 1247//4128
f 487//4129 502//4129 484//4129
f 502//4130 487//4130 504//4130
f 1215//4131 1246//4131 1216//4131
f 1246//4132 1215//4132 1245//4132
f 1214//4133 1245//4133 1215//4133
f 1245//4134 1214//4134 1244//4134
f 1213//4135 1244//4135 1214//4135
f 1244//4136 1213//4136 1243//4136
f 1181//4137 1243//4137 1213//4137
f 1243//4138 1181//4138 1187//4138
f 2715//4139 2668//4139 2667//4139
f 2668//4140 2715//4140 2716//4140
f 1094//4141 760//4141 1100//4141
f 760//4142 1094//4142 761//4142
f 912//4143 952//4143 914//4143
f 952//4144 912//4144 911//4144
f 2753//4145 2746//4145 2760//4145
f 2243//4146 2291//4146 2234//4146
f 2291//4147 2243//4147 2298//4147
f 2749//4148 2751//4148 2757//4148
f 3134//4149 3073//4149 3072//4149
f 3073//4150 3134//4150 3135//4150
f 415//4151 393//4151 400//4151
f 393//4152 415//4152 391//4152
f 3270//4153 3278//4153 3271//4153
f 3278//4154 3270//4154 3282//4154
f 399//4155 386//4155 388//4155
f 386//4156 399//4156 396//4156
f 396//4157 385//4157 386//4157
f 385//4158 396//4158 395//4158
f 3339//4159 3328//4159 3327//4159
f 3328//4160 3339//4160 3340//4160
f 36//4161 22//4161 37//4161
f 22//4162 36//4162 29//4162
f 792//4163 898//4163 791//4163
f 898//4164 792//4164 899//4164
f 11//4165 113//4165 12//4165
f 113//4166 11//4166 112//4166
f 614//4167 722//4167 671//4167
f 722//4168 614//4168 721//4168
f 966//4169 998//4169 967//4169
f 998//4170 966//4170 997//4170
f 2411//4171 2441//4171 2442//4171
f 3378//4172 3406//4172 3407//4172
f 3406//4173 3378//4173 3377//4173
f 643//4174 675//4174 674//4174
f 675//4175 643//4175 644//4175
f 2487//4176 2485//4176 2490//4176
f 2485//4177 2489//4177 2490//4177
f 2495//4178 2496//4178 2489//4178
f 2489//4179 2496//4179 2490//4179
f 2496//4180 2497//4180 2490//4180
f 2490//4181 2497//4181 2491//4181
f 2497//4182 2499//4182 2491//4182
f 2491//4183 2499//4183 2493//4183
f 2493//4184 2499//4184 2498//4184
f 930//4185 934//4185 931//4185
f 934//4186 930//4186 960//4186
f 3405//4187 3377//4187 3376//4187
f 3377//4188 3405//4188 3406//4188
f 3233//4189 3240//4189 3242//4189
f 3240//4190 3233//4190 3232//4190
f 963//4191 940//4191 962//4191
f 940//4192 963//4192 943//4192
f 3388//4193 3395//4193 3396//4193
f 3395//4194 3388//4194 3387//4194
f 2831//4195 2812//4195 2832//4195
f 2812//4196 2831//4196 2813//4196
f 2442//4197 2413//4197 2411//4197
f 2413//4198 2442//4198 2443//4198
f 1524//4199 1596//4199 1597//4199
f 1596//4200 1524//4200 1523//4200
f 2481//4201 2519//4201 2482//4201
f 2519//4202 2522//4202 2482//4202
f 3175//4203 3112//4203 3113//4203
f 3112//4204 3175//4204 3174//4204
f 885//4205 912//4205 915//4205
f 912//4206 885//4206 883//4206
f 3149//4207 3148//4207 3086//4207
f 3148//4208 3149//4208 3210//4208
f 752//4209 978//4209 753//4209
f 978//4210 752//4210 977//4210
f 969//4211 814//4211 838//4211
f 814//4212 969//4212 953//4212
f 3126//4213 3065//4213 3064//4213
f 3065//4214 3126//4214 3127//4214
f 797//4215 740//4215 798//4215
f 740//4216 797//4216 736//4216
f 2451//4217 2434//4217 2427//4217
f 2434//4218 2451//4218 2455//4218
f 3129//4219 3062//4219 3067//4219
f 3062//4220 3129//4220 3124//4220
f 3021//4221 3053//4221 3022//4221
f 3053//4222 3021//4222 3052//4222
f 995//4223 1019//4223 996//4223
f 1019//4224 995//4224 1017//4224
f 2698//4225 2634//4225 2635//4225
f 2634//4226 2698//4226 2695//4226
f 1014//4227 1062//4227 1017//4227
f 1062//4228 1014//4228 1057//4228
f 1057//4229 1063//4229 1062//4229
f 1063//4230 1057//4230 1058//4230
f 3290//4231 3211//4231 3291//4231
f 3211//4232 3290//4232 3210//4232
f 2392//4233 2389//4233 2387//4233
f 2387//4234 2389//4234 2388//4234
f 2389//4235 2421//4235 2388//4235
f 2388//4236 2421//4236 2420//4236
f 965//4237 945//4237 964//4237
f 945//4238 965//4238 947//4238
f 565//4239 580//4239 579//4239
f 580//4240 565//4240 567//4240
f 943//4241 941//4241 940//4241
f 941//4242 943//4242 942//4242
f 3001//4243 3014//4243 3015//4243
f 3014//4244 3001//4244 3000//4244
f 3032//4245 3033//4245 2708//4245
f 2708//4246 3033//4246 3002//4246
f 2047//4247 2084//4247 2087//4247
f 2084//4248 2047//4248 2044//4248
f 1042//4249 1006//4249 1038//4249
f 1006//4250 1042//4250 1008//4250
f 3037//4251 3038//4251 3007//4251
f 669//4252 701//4252 700//4252
f 701//4253 669//4253 670//4253
f 1912//4254 1975//4254 1976//4254
f 1975//4255 1912//4255 1911//4255
f 892//4256 972//4256 893//4256
f 972//4257 892//4257 971//4257
f 3044//4258 3045//4258 3014//4258
f 3015//4259 3045//4259 3046//4259
f 3045//4260 3015//4260 3014//4260
f 3020//4261 3052//4261 3021//4261
f 3052//4262 3020//4262 3051//4262
f 2545//4263 2466//4263 2465//4263
f 2466//4264 2545//4264 2546//4264
f 1087//4265 972//4265 971//4265
f 972//4266 1087//4266 1088//4266
f 658//4267 688//4267 657//4267
f 688//4268 658//4268 689//4268
f 964//4269 996//4269 965//4269
f 996//4270 964//4270 995//4270
f 663//4271 695//4271 694//4271
f 695//4272 663//4272 664//4272
f 2366//4273 2361//4273 2365//4273
f 2361//4274 2366//4274 2362//4274
f 2570//4275 2575//4275 2571//4275
f 2575//4276 2570//4276 2574//4276
f 1770//4277 1836//4277 1837//4277
f 1836//4278 1770//4278 1769//4278
f 1714//4279 1769//4279 1770//4279
f 1769//4280 1714//4280 1713//4280
f 846//4281 851//4281 850//4281
f 851//4282 846//4282 847//4282
f 2485//4283 2468//4283 2484//4283
f 2468//4284 2485//4284 2469//4284
f 2718//4285 2671//4285 2670//4285
f 2671//4286 2718//4286 2719//4286
f 3231//4287 3220//4287 3230//4287
f 3220//4288 3231//4288 3221//4288
f 1392//4289 1350//4289 1389//4289
f 1350//4290 1392//4290 1353//4290
f 3343//4291 3332//4291 3331//4291
f 3332//4292 3343//4292 3344//4292
f 323//4293 257//4293 322//4293
f 257//4294 323//4294 258//4294
f 2517//4295 2514//4295 2516//4295
f 2514//4296 2517//4296 2515//4296
f 668//4297 700//4297 699//4297
f 700//4298 668//4298 669//4298
f 2349//4299 2322//4299 2348//4299
f 2322//4300 2349//4300 2323//4300
f 920//4301 956//4301 957//4301
f 956//4302 920//4302 919//4302
f 3239//4303 3230//4303 3238//4303
f 3230//4304 3239//4304 3231//4304
f 2643//4305 2537//4305 2644//4305
f 2537//4306 2643//4306 2536//4306
f 3004//4307 3034//4307 3035//4307
f 3034//4308 3004//4308 3003//4308
f 862//4309 867//4309 866//4309
f 867//4310 862//4310 863//4310
f 887//4311 878//4311 877//4311
f 878//4312 887//4312 888//4312
f 2324//4313 2351//4313 2325//4313
f 2351//4314 2324//4314 2350//4314
f 16//4315 27//4315 15//4315
f 27//4316 16//4316 28//4316
f 1922//4317 1904//4317 1903//4317
f 1904//4318 1922//4318 1923//4318
f 1174//4319 1257//4319 1171//4319
f 1257//4320 1174//4320 1256//4320
f 2266//4321 2182//4321 2271//4321
f 2182//4322 2195//4322 2271//4322
f 2271//4323 2195//4323 2278//4323
f 2278//4324 2195//4324 2229//4324
f 2229//4325 2195//4325 2206//4325
f 2195//4326 2194//4326 2206//4326
f 1252//4327 1241//4327 1253//4327
f 1241//4328 1252//4328 1240//4328
f 1251//4329 1240//4329 1252//4329
f 1240//4330 1251//4330 1239//4330
f 1250//4331 1239//4331 1251//4331
f 1239//4332 1250//4332 1238//4332
f 390//4333 382//4333 383//4333
f 382//4334 390//4334 392//4334
f 1249//4335 1236//4335 1237//4335
f 1236//4336 1249//4336 1248//4336
f 2222//4337 2211//4337 2210//4337
f 2211//4338 2222//4338 2223//4338
f 1246//4339 1235//4339 1247//4339
f 1235//4340 1246//4340 1234//4340
f 1245//4341 1234//4341 1246//4341
f 1234//4342 1245//4342 1233//4342
f 1244//4343 1233//4343 1245//4343
f 1233//4344 1244//4344 1232//4344
f 1243//4345 1232//4345 1244//4345
f 1232//4346 1243//4346 1231//4346
f 1187//4347 1231//4347 1243//4347
f 1231//4348 1187//4348 1186//4348
f 2859//4349 2860//4349 2854//4349
f 2860//4350 2859//4350 2870//4350
f 1100//4351 759//4351 1099//4351
f 759//4352 1100//4352 760//4352
f 357//4353 519//4353 478//4353
f 519//4354 357//4354 365//4354
f 2746//4355 2743//4355 2748//4355
f 389//4356 383//4356 384//4356
f 383//4357 389//4357 390//4357
f 1143//4358 1193//4358 1144//4358
f 1193//4359 1143//4359 1192//4359
f 392//4360 381//4360 382//4360
f 381//4361 392//4361 393//4361
f 393//4362 380//4362 381//4362
f 380//4363 393//4363 391//4363
f 2739//4364 2738//4364 2750//4364
f 391//4365 378//4365 379//4365
f 378//4366 391//4366 388//4366
f 388//4367 377//4367 378//4367
f 377//4368 388//4368 386//4368
f 386//4369 376//4369 377//4369
f 376//4370 386//4370 385//4370
f 996//4371 1021//4371 997//4371
f 1021//4372 996//4372 1019//4372
f 2529//4373 2412//4373 2414//4373
f 2412//4374 2529//4374 2528//4374
f 949//4375 946//4375 947//4375
f 946//4376 949//4376 948//4376
f 847//4377 852//4377 851//4377
f 852//4378 847//4378 848//4378
f 2264//4379 2181//4379 2180//4379
f 2181//4380 2264//4380 2265//4380
f 3273//4381 3287//4381 3274//4381
f 3287//4382 3273//4382 3286//4382
f 2411//4383 2360//4383 2441//4383
f 2360//4384 2359//4384 2441//4384
f 2441//4385 2359//4385 2440//4385
f 891//4386 971//4386 892//4386
f 971//4387 891//4387 970//4387
f 2401//4388 2406//4388 2402//4388
f 2406//4389 2401//4389 2405//4389
f 2369//4390 2411//4390 2413//4390
f 2411//4391 2369//4391 2365//4391
f 1840//4392 2045//4392 2044//4392
f 2045//4393 1840//4393 1841//4393
f 2485//4394 2484//4394 2489//4394
f 2484//4395 2486//4395 2489//4395
f 2489//4396 2486//4396 2495//4396
f 2486//4397 2494//4397 2495//4397
f 2500//4398 2501//4398 2494//4398
f 2494//4399 2501//4399 2495//4399
f 2501//4400 2503//4400 2495//4400
f 2495//4401 2503//4401 2496//4401
f 2503//4402 2504//4402 2496//4402
f 2496//4403 2504//4403 2497//4403
f 2504//4404 2505//4404 2497//4404
f 2497//4405 2505//4405 2499//4405
f 2499//4406 2505//4406 2502//4406
f 2502//4407 2505//4407 2506//4407
f 2505//4408 2507//4408 2506//4408
f 623//4409 624//4409 649//4409
f 624//4410 623//4410 600//4410
f 2861//4411 2890//4411 2889//4411
f 2890//4412 2861//4412 2860//4412
f 953//4413 1002//4413 1025//4413
f 1002//4414 953//4414 969//4414
f 947//4415 944//4415 945//4415
f 944//4416 947//4416 946//4416
f 2519//4417 2518//4417 2522//4417
f 2518//4418 2520//4418 2522//4418
f 293//4419 234//4419 295//4419
f 234//4420 293//4420 232//4420
f 437//4421 756//4421 751//4421
f 756//4422 437//4422 410//4422
f 816//4423 882//4423 883//4423
f 882//4424 816//4424 815//4424
f 336//4425 508//4425 335//4425
f 508//4426 336//4426 509//4426
f 816//4427 773//4427 772//4427
f 773//4428 816//4428 818//4428
f 2664//4429 2658//4429 2620//4429
f 2620//4430 2658//4430 2607//4430
f 835//4431 778//4431 779//4431
f 778//4432 835//4432 838//4432
f 814//4433 716//4433 757//4433
f 716//4434 814//4434 806//4434
f 806//4435 672//4435 716//4435
f 672//4436 806//4436 803//4436
f 673//4437 803//4437 804//4437
f 803//4438 673//4438 672//4438
f 803//4439 913//4439 909//4439
f 913//4440 803//4440 806//4440
f 1012//4441 1057//4441 1014//4441
f 1057//4442 1012//4442 1053//4442
f 969//4443 981//4443 1002//4443
f 981//4444 969//4444 908//4444
f 2434//4445 2405//4445 2427//4445
f 2405//4446 2401//4446 2427//4446
f 2211//4447 2206//4447 2205//4447
f 2206//4448 2211//4448 2212//4448
f 1563//4449 1548//4449 1546//4449
f 1548//4450 1563//4450 1562//4450
f 477//4451 524//4451 476//4451
f 524//4452 477//4452 522//4452
f 1222//4453 1203//4453 1199//4453
f 1203//4454 1222//4454 1230//4454
f 1063//4455 1067//4455 1066//4455
f 1067//4456 1063//4456 1064//4456
f 2379//4457 2295//4457 2294//4457
f 2295//4458 2379//4458 2380//4458
f 741//4459 800//4459 799//4459
f 800//4460 741//4460 742//4460
f 2348//4461 2465//4461 2349//4461
f 2465//4462 2348//4462 2464//4462
f 2644//4463 2646//4463 2708//4463
f 2708//4464 2646//4464 3032//4464
f 804//4465 909//4465 910//4465
f 909//4466 804//4466 803//4466
f 92//4467 103//4467 91//4467
f 103//4468 92//4468 101//4468
f 3330//4469 3297//4469 3296//4469
f 3297//4470 3330//4470 3331//4470
f 2575//4471 2580//4471 2576//4471
f 2580//4472 2575//4472 2579//4472
f 906//4473 1023//4473 1020//4473
f 1023//4474 906//4474 907//4474
f 965//4475 997//4475 966//4475
f 997//4476 965//4476 996//4476
f 3009//4477 3039//4477 3040//4477
f 3039//4478 3009//4478 3008//4478
f 430//4479 401//4479 431//4479
f 401//4480 430//4480 397//4480
f 859//4481 864//4481 863//4481
f 864//4482 859//4482 860//4482
f 910//4483 1027//4483 1024//4483
f 1027//4484 910//4484 909//4484
f 2432//4485 2429//4485 2407//4485
f 2429//4486 2408//4486 2407//4486
f 2407//4487 2408//4487 2403//4487
f 2403//4488 2408//4488 2404//4488
f 2404//4489 2408//4489 2428//4489
f 2462//4490 2483//4490 2435//4490
f 2483//4491 2462//4491 2538//4491
f 2523//4492 2538//4492 2462//4492
f 2538//4493 2523//4493 2553//4493
f 915//4494 968//4494 981//4494
f 3223//4495 3218//4495 3217//4495
f 3218//4496 3223//4496 3225//4496
f 149//4497 155//4497 156//4497
f 156//4498 155//4498 158//4498
f 167//4499 166//4499 155//4499
f 155//4500 166//4500 158//4500
f 166//4501 165//4501 158//4501
f 3225//4502 3234//4502 3227//4502
f 3234//4503 3225//4503 3233//4503
f 156//4504 164//4504 154//4504
f 3223//4505 3232//4505 3233//4505
f 3232//4506 3223//4506 3222//4506
f 3223//4507 3216//4507 3222//4507
f 3216//4508 3223//4508 3217//4508
f 3217//4509 3188//4509 3216//4509
f 3188//4510 3217//4510 3189//4510
f 148//4511 227//4511 228//4511
f 227//4512 148//4512 147//4512
f 3218//4513 3192//4513 3190//4513
f 3192//4514 3218//4514 3224//4514
f 2225//4515 2208//4515 2214//4515
f 2208//4516 2225//4516 2220//4516
f 2892//4517 2909//4517 2912//4517
f 2909//4518 2892//4518 2886//4518
f 3245//4519 3246//4519 3196//4519
f 3246//4520 3245//4520 3247//4520
f 190//4521 178//4521 177//4521
f 178//4522 175//4522 176//4522
f 176//4523 175//4523 167//4523
f 3235//4524 3244//4524 3236//4524
f 3244//4525 3235//4525 3243//4525
f 165//4526 173//4526 164//4526
f 481//4527 725//4527 735//4527
f 725//4528 481//4528 479//4528
f 2394//4529 2399//4529 2395//4529
f 2399//4530 2394//4530 2398//4530
f 878//4531 874//4531 873//4531
f 874//4532 878//4532 879//4532
f 2801//4533 2784//4533 2783//4533
f 2784//4534 2801//4534 2802//4534
f 3222//4535 3215//4535 3221//4535
f 3215//4536 3222//4536 3216//4536
f 226//4537 288//4537 227//4537
f 3188//4538 3127//4538 3126//4538
f 3127//4539 3188//4539 3189//4539
f 3189//4540 3128//4540 3127//4540
f 3128//4541 3189//4541 3190//4541
f 3190//4542 3130//4542 3128//4542
f 3130//4543 3190//4543 3192//4543
f 2813//4544 2758//4544 2755//4544
f 2758//4545 2813//4545 2815//4545
f 231//4546 294//4546 233//4546
f 3194//4547 3134//4547 3132//4547
f 3134//4548 3194//4548 3196//4548
f 545//4549 720//4549 585//4549
f 720//4550 545//4550 719//4550
f 3196//4551 3135//4551 3134//4551
f 3135//4552 3196//4552 3197//4552
f 235//4553 236//4553 177//4553
f 3246//4554 3255//4554 3197//4554
f 3255//4555 3246//4555 3259//4555
f 190//4556 186//4556 192//4556
f 3255//4557 3258//4557 3199//4557
f 3258//4558 3255//4558 3261//4558
f 3258//4559 3256//4559 3201//4559
f 3256//4560 3258//4560 3262//4560
f 3417//4561 3423//4561 3425//4561
f 3423//4562 3417//4562 3416//4562
f 3269//4563 3267//4563 3281//4563
f 3267//4564 3269//4564 3261//4564
f 192//4565 198//4565 190//4565
f 3267//4566 3265//4566 3280//4566
f 3265//4567 3267//4567 3259//4567
f 208//4568 185//4568 196//4568
f 196//4569 185//4569 190//4569
f 190//4570 185//4570 178//4570
f 3244//4571 3254//4571 3247//4571
f 3254//4572 3244//4572 3243//4572
f 260//4573 118//4573 259//4573
f 118//4574 260//4574 119//4574
f 3240//4575 3253//4575 3242//4575
f 3253//4576 3240//4576 3250//4576
f 1666//4577 1713//4577 1714//4577
f 1713//4578 1666//4578 1665//4578
f 170//4579 181//4579 180//4579
f 181//4580 170//4580 171//4580
f 3238//4581 3229//4581 3241//4581
f 3229//4582 3238//4582 3230//4582
f 160//4583 150//4583 157//4583
f 3220//4584 3219//4584 3226//4584
f 3219//4585 3220//4585 3214//4585
f 3221//4586 3214//4586 3220//4586
f 3214//4587 3221//4587 3215//4587
f 2657//4588 2531//4588 2445//4588
f 2531//4589 2657//4589 2659//4589
f 225//4590 287//4590 226//4590
f 3125//4591 3126//4591 3064//4591
f 3126//4592 3125//4592 3187//4592
f 558//4593 600//4593 557//4593
f 600//4594 558//4594 601//4594
f 3127//4595 3066//4595 3065//4595
f 3066//4596 3127//4596 3128//4596
f 263//4597 266//4597 122//4597
f 266//4598 263//4598 328//4598
f 354//4599 356//4599 292//4599
f 1055//4600 1059//4600 1054//4600
f 1059//4601 1055//4601 1060//4601
f 358//4602 489//4602 359//4602
f 2745//4603 2735//4603 2744//4603
f 2735//4604 2745//4604 2736//4604
f 3073//4605 2855//4605 2848//4605
f 2855//4606 3073//4606 3074//4606
f 3135//4607 3074//4607 3073//4607
f 3074//4608 3135//4608 3136//4608
f 3197//4609 3136//4609 3135//4609
f 3136//4610 3197//4610 3199//4610
f 236//4611 238//4611 186//4611
f 238//4612 240//4612 189//4612
f 240//4613 241//4613 187//4613
f 241//4614 188//4614 187//4614
f 3257//4615 3264//4615 3260//4615
f 3264//4616 3257//4616 3263//4616
f 526//4617 539//4617 518//4617
f 539//4618 526//4618 537//4618
f 212//4619 211//4619 198//4619
f 211//4620 210//4620 196//4620
f 196//4621 210//4621 208//4621
f 210//4622 215//4622 208//4622
f 215//4623 206//4623 208//4623
f 3253//4624 3277//4624 3254//4624
f 3277//4625 3253//4625 3275//4625
f 739//4626 781//4626 728//4626
f 781//4627 739//4627 788//4627
f 3239//4628 3250//4628 3240//4628
f 3250//4629 3239//4629 3249//4629
f 3249//4630 3272//4630 3273//4630
f 3272//4631 3249//4631 3248//4631
f 203//4632 197//4632 179//4632
f 197//4633 182//4633 179//4633
f 160//4634 169//4634 172//4634
f 169//4635 160//4635 161//4635
f 584//4636 611//4636 583//4636
f 611//4637 584//4637 612//4637
f 160//4638 159//4638 150//4638
f 3214//4639 3191//4639 3219//4639
f 3191//4640 3214//4640 3186//4640
f 3191//4641 3124//4641 3129//4641
f 3124//4642 3191//4642 3186//4642
f 3124//4643 3125//4643 3063//4643
f 3125//4644 3124//4644 3186//4644
f 287//4645 349//4645 350//4645
f 3063//4646 2801//4646 2800//4646
f 2801//4647 3063//4647 3064//4647
f 1158//4648 1198//4648 1200//4648
f 1198//4649 1158//4649 1157//4649
f 3066//4650 2811//4650 2803//4650
f 2811//4651 3066//4651 3068//4651
f 176//4652 177//4652 178//4652
f 177//4653 176//4653 235//4653
f 2461//4654 2284//4654 2283//4654
f 2284//4655 2461//4655 2541//4655
f 2848//4656 2830//4656 3072//4656
f 2830//4657 2848//4657 2841//4657
f 2851//4658 2842//4658 2840//4658
f 2842//4659 2851//4659 2852//4659
f 2852//4660 2844//4660 2842//4660
f 2844//4661 2852//4661 2853//4661
f 493//4662 498//4662 492//4662
f 2855//4663 2857//4663 2851//4663
f 2857//4664 2855//4664 3076//4664
f 496//4665 362//4665 360//4665
f 3136//4666 3076//4666 3074//4666
f 3076//4667 3136//4667 3139//4667
f 3199//4668 3139//4668 3136//4668
f 3139//4669 3199//4669 3201//4669
f 301//4670 300//4670 240//4670
f 240//4671 300//4671 241//4671
f 300//4672 299//4672 241//4672
f 299//4673 239//4673 241//4673
f 241//4674 239//4674 188//4674
f 802//4675 910//4675 907//4675
f 910//4676 802//4676 804//4676
f 3264//4677 3268//4677 3260//4677
f 3268//4678 3264//4678 3271//4678
f 199//4679 214//4679 202//4679
f 202//4680 214//4680 209//4680
f 3278//4681 3292//4681 3283//4681
f 3292//4682 3278//4682 3282//4682
f 3282//4683 3291//4683 3292//4683
f 3291//4684 3282//4684 3281//4684
f 212//4685 222//4685 211//4685
f 222//4686 221//4686 211//4686
f 211//4687 221//4687 210//4687
f 221//4688 220//4688 210//4688
f 210//4689 220//4689 215//4689
f 220//4690 219//4690 215//4690
f 215//4691 219//4691 206//4691
f 604//4692 634//4692 633//4692
f 634//4693 604//4693 605//4693
f 2812//4694 2695//4694 2698//4694
f 2695//4695 2812//4695 2754//4695
f 3084//4696 2922//4696 3085//4696
f 2922//4697 3084//4697 2921//4697
f 3266//4698 3285//4698 3272//4698
f 3285//4699 3266//4699 3276//4699
f 207//4700 183//4700 197//4700
f 197//4701 183//4701 182//4701
f 3241//4702 3228//4702 3237//4702
f 3228//4703 3241//4703 3229//4703
f 3193//4704 3129//4704 3131//4704
f 3129//4705 3193//4705 3191//4705
f 3425//4706 3322//4706 3324//4706
f 3322//4707 3425//4707 3423//4707
f 2799//4708 2800//4708 2782//4708
f 2800//4709 2799//4709 3062//4709
f 427//4710 423//4710 440//4710
f 3236//4711 3192//4711 3224//4711
f 3192//4712 3236//4712 3194//4712
f 2802//4713 2785//4713 2784//4713
f 2785//4714 2802//4714 2803//4714
f 1230//4715 1207//4715 1203//4715
f 1207//4716 1230//4716 1253//4716
f 134//4717 274//4717 133//4717
f 274//4718 134//4718 275//4718
f 2830//4719 2821//4719 2824//4719
f 2821//4720 2830//4720 2828//4720
f 471//4721 469//4721 482//4721
f 335//4722 506//4722 334//4722
f 506//4723 335//4723 508//4723
f 2838//4724 2710//4724 2825//4724
f 2710//4725 2838//4725 2711//4725
f 2840//4726 2711//4726 2838//4726
f 2711//4727 2840//4727 2699//4727
f 737//4728 786//4728 794//4728
f 786//4729 737//4729 735//4729
f 737//4730 717//4730 483//4730
f 483//4731 717//4731 485//4731
f 717//4732 490//4732 485//4732
f 2876//4733 2895//4733 2897//4733
f 2895//4734 2876//4734 2875//4734
f 2852//4735 2858//4735 2853//4735
f 2858//4736 2852//4736 2857//4736
f 499//4737 363//4737 498//4737
f 498//4738 363//4738 362//4738
f 362//4739 363//4739 301//4739
f 301//4740 363//4740 300//4740
f 363//4741 361//4741 300//4741
f 300//4742 361//4742 299//4742
f 3137//4743 3078//4743 3075//4743
f 3078//4744 3137//4744 3141//4744
f 745//4745 6//4745 9//4745
f 6//4746 745//4746 830//4746
f 2320//4747 2284//4747 2344//4747
f 2284//4748 2320//4748 2259//4748
f 3283//4749 3212//4749 3206//4749
f 3212//4750 3283//4750 3292//4750
f 901//4751 891//4751 886//4751
f 891//4752 901//4752 1082//4752
f 223//4753 250//4753 222//4753
f 2954//4754 2986//4754 2987//4754
f 2986//4755 2954//4755 2967//4755
f 221//4756 249//4756 220//4756
f 249//4757 224//4757 220//4757
f 220//4758 224//4758 219//4758
f 219//4759 224//4759 218//4759
f 224//4760 248//4760 218//4760
f 3205//4761 3198//4761 3140//4761
f 3198//4762 3205//4762 3276//4762
f 1048//4763 1056//4763 1055//4763
f 1056//4764 1048//4764 1049//4764
f 3072//4765 2824//4765 3070//4765
f 2824//4766 3072//4766 2830//4766
f 207//4767 237//4767 183//4767
f 143//4768 283//4768 142//4768
f 283//4769 143//4769 284//4769
f 237//4770 295//4770 234//4770
f 295//4771 237//4771 302//4771
f 3131//4772 3067//4772 3069//4772
f 3067//4773 3131//4773 3129//4773
f 3167//4774 3103//4774 3105//4774
f 3103//4775 3167//4775 3165//4775
f 2919//4776 2966//4776 2940//4776
f 2966//4777 2919//4777 2961//4777
f 3364//4778 3347//4778 3345//4778
f 3347//4779 3364//4779 3365//4779
f 3378//4780 3365//4780 3364//4780
f 3365//4781 3378//4781 3379//4781
f 547//4782 585//4782 586//4782
f 585//4783 547//4783 545//4783
f 3376//4784 3361//4784 3359//4784
f 3361//4785 3376//4785 3377//4785
f 619//4786 671//4786 670//4786
f 671//4787 619//4787 614//4787
f 3370//4788 3383//4788 3385//4788
f 3383//4789 3370//4789 3369//4789
f 3256//4790 3263//4790 3257//4790
f 3263//4791 3256//4791 3262//4791
f 2552//4792 2279//4792 2312//4792
f 2279//4793 2552//4793 2457//4793
f 3365//4794 3348//4794 3347//4794
f 3348//4795 3365//4795 3367//4795
f 48//4796 31//4796 50//4796
f 31//4797 48//4797 30//4797
f 2275//4798 2157//4798 2159//4798
f 2157//4799 2275//4799 2276//4799
f 529//4800 549//4800 530//4800
f 549//4801 529//4801 547//4801
f 2822//4802 2836//4802 2823//4802
f 2836//4803 2822//4803 2835//4803
f 3426//4804 3324//4804 3325//4804
f 3324//4805 3426//4805 3425//4805
f 3389//4806 3393//4806 3375//4806
f 3393//4807 3389//4807 3397//4807
f 80//4808 76//4808 86//4808
f 76//4809 88//4809 86//4809
f 88//4810 95//4810 86//4810
f 95//4811 87//4811 86//4811
f 1175//4812 1094//4812 1181//4812
f 1094//4813 1175//4813 1084//4813
f 209//4814 223//4814 213//4814
f 223//4815 209//4815 214//4815
f 3389//4816 3396//4816 3397//4816
f 3396//4817 3389//4817 3388//4817
f 3250//4818 3275//4818 3253//4818
f 3275//4819 3250//4819 3274//4819
f 3387//4820 3394//4820 3395//4820
f 3394//4821 3387//4821 3386//4821
f 788//4822 992//4822 781//4822
f 992//4823 788//4823 1003//4823
f 591//4824 617//4824 589//4824
f 617//4825 591//4825 620//4825
f 3128//4826 3068//4826 3066//4826
f 3068//4827 3128//4827 3130//4827
f 57//4828 58//4828 72//4828
f 76//4829 58//4829 88//4829
f 88//4830 58//4830 59//4830
f 3242//4831 3254//4831 3243//4831
f 3254//4832 3242//4832 3253//4832
f 3359//4833 3344//4833 3343//4833
f 3344//4834 3359//4834 3361//4834
f 645//4835 675//4835 644//4835
f 675//4836 645//4836 676//4836
f 261//4837 262//4837 319//4837
f 262//4838 261//4838 121//4838
f 3300//4839 3160//4839 3159//4839
f 3160//4840 3300//4840 3301//4840
f 2638//4841 2433//4841 2380//4841
f 2433//4842 2638//4842 2649//4842
f 3301//4843 3163//4843 3160//4843
f 3163//4844 3301//4844 3304//4844
f 3335//4845 3304//4845 3301//4845
f 3304//4846 3335//4846 3338//4846
f 18//4847 21//4847 31//4847
f 21//4848 34//4848 31//4848
f 31//4849 34//4849 50//4849
f 34//4850 49//4850 50//4850
f 3380//4851 3366//4851 3367//4851
f 3366//4852 3380//4852 3381//4852
f 3409//4853 3381//4853 3380//4853
f 3381//4854 3409//4854 3410//4854
f 97//4855 101//4855 93//4855
f 93//4856 101//4856 92//4856
f 3409//4857 3420//4857 3418//4857
f 3420//4858 3409//4858 3408//4858
f 3408//4859 3419//4859 3420//4859
f 3419//4860 3408//4860 3407//4860
f 3075//4861 2870//4861 2859//4861
f 2870//4862 3075//4862 3078//4862
f 3406//4863 3416//4863 3417//4863
f 3416//4864 3406//4864 3405//4864
f 88//4865 99//4865 95//4865
f 99//4866 98//4866 95//4866
f 98//4867 96//4867 95//4867
f 95//4868 96//4868 87//4868
f 96//4869 135//4869 87//4869
f 3396//4870 3401//4870 3402//4870
f 3401//4871 3396//4871 3395//4871
f 1164//4872 832//4872 1163//4872
f 832//4873 1164//4873 833//4873
f 151//4874 150//4874 145//4874
f 150//4875 151//4875 157//4875
f 3386//4876 3391//4876 3394//4876
f 3391//4877 3386//4877 3385//4877
f 2705//4878 2642//4878 2706//4878
f 2642//4879 2705//4879 2641//4879
f 3353//4880 3370//4880 3371//4880
f 3370//4881 3353//4881 3360//4881
f 3371//4882 3354//4882 3353//4882
f 3354//4883 3371//4883 3372//4883
f 3372//4884 3355//4884 3354//4884
f 3355//4885 3372//4885 3373//4885
f 475//4886 523//4886 521//4886
f 523//4887 475//4887 476//4887
f 3374//4888 3358//4888 3357//4888
f 3358//4889 3374//4889 3375//4889
f 2973//4890 2718//4890 2717//4890
f 2718//4891 2973//4891 3030//4891
f 3299//4892 3159//4892 3158//4892
f 3159//4893 3299//4893 3300//4893
f 3151//4894 3150//4894 3088//4894
f 3150//4895 3151//4895 3212//4895
f 3094//4896 2807//4896 2788//4896
f 2807//4897 3094//4897 3101//4897
f 325//4898 328//4898 263//4898
f 3163//4899 3166//4899 3104//4899
f 3166//4900 3163//4900 3304//4900
f 446//4901 413//4901 411//4901
f 413//4902 446//4902 447//4902
f 125//4903 45//4903 21//4903
f 21//4904 45//4904 34//4904
f 34//4905 45//4905 49//4905
f 3366//4906 3382//4906 3362//4906
f 3382//4907 3366//4907 3381//4907
f 3410//4908 3382//4908 3381//4908
f 3382//4909 3410//4909 3411//4909
f 93//4910 94//4910 97//4910
f 94//4911 104//4911 97//4911
f 104//4912 107//4912 97//4912
f 97//4913 107//4913 101//4913
f 3418//4914 3427//4914 3424//4914
f 3427//4915 3418//4915 3420//4915
f 2965//4916 2997//4916 2958//4916
f 2997//4917 2965//4917 2996//4917
f 3419//4918 3425//4918 3426//4918
f 3425//4919 3419//4919 3417//4919
f 3251//4920 3237//4920 3252//4920
f 3237//4921 3251//4921 3241//4921
f 106//4922 105//4922 99//4922
f 99//4923 105//4923 98//4923
f 98//4924 105//4924 96//4924
f 105//4925 137//4925 96//4925
f 562//4926 575//4926 574//4926
f 575//4927 562//4927 563//4927
f 3317//4928 3175//4928 3176//4928
f 3175//4929 3317//4929 3316//4929
f 3316//4930 3174//4930 3175//4930
f 3174//4931 3316//4931 3315//4931
f 493//4932 485//4932 494//4932
f 485//4933 493//4933 483//4933
f 3398//4934 3311//4934 3312//4934
f 3311//4935 3398//4935 3392//4935
f 175//4936 185//4936 174//4936
f 185//4937 175//4937 178//4937
f 3385//4938 3390//4938 3391//4938
f 3390//4939 3385//4939 3383//4939
f 3360//4940 3369//4940 3370//4940
f 3369//4941 3360//4941 3363//4941
f 53//4942 66//4942 52//4942
f 66//4943 53//4943 68//4943
f 35//4944 33//4944 46//4944
f 46//4945 33//4945 43//4945
f 473//4946 520//4946 525//4946
f 520//4947 473//4947 472//4947
f 3353//4948 3339//4948 3346//4948
f 3339//4949 3353//4949 3354//4949
f 2438//4950 2356//4950 2437//4950
f 2356//4951 2438//4951 2357//4951
f 3355//4952 3341//4952 3340//4952
f 3341//4953 3355//4953 3357//4953
f 2323//4954 2350//4954 2324//4954
f 2350//4955 2323//4955 2349//4955
f 3342//4956 3331//4956 3330//4956
f 3331//4957 3342//4957 3343//4957
f 615//4958 742//4958 587//4958
f 742//4959 615//4959 743//4959
f 3298//4960 3158//4960 3157//4960
f 3158//4961 3298//4961 3299//4961
f 252//4962 261//4962 314//4962
f 261//4963 252//4963 120//4963
f 3093//4964 2788//4964 2787//4964
f 2788//4965 3093//4965 3094//4965
f 2788//4966 2806//4966 2778//4966
f 2806//4967 2788//4967 2807//4967
f 557//4968 594//4968 556//4968
f 594//4969 557//4969 600//4969
f 2819//4970 3106//4970 2833//4970
f 3106//4971 2819//4971 3104//4971
f 269//4972 329//4972 267//4972
f 329//4973 269//4973 331//4973
f 126//4974 265//4974 124//4974
f 265//4975 126//4975 267//4975
f 67//4976 126//4976 51//4976
f 126//4977 67//4977 128//4977
f 125//4978 268//4978 127//4978
f 268//4979 125//4979 266//4979
f 496//4980 498//4980 362//4980
f 498//4981 496//4981 492//4981
f 3230//4982 3226//4982 3229//4982
f 3226//4983 3230//4983 3220//4983
f 107//4984 144//4984 110//4984
f 119//4985 17//4985 118//4985
f 17//4986 119//4986 18//4986
f 978//4987 1156//4987 979//4987
f 1156//4988 978//4988 1155//4988
f 1640//4989 1602//4989 1627//4989
f 1602//4990 1640//4990 1664//4990
f 526//4991 534//4991 537//4991
f 534//4992 526//4992 513//4992
f 404//4993 758//4993 746//4993
f 758//4994 404//4994 402//4994
f 3176//4995 3178//4995 3319//4995
f 3178//4996 3176//4996 3114//4996
f 2215//4997 2197//4997 2196//4997
f 2197//4998 2215//4998 2216//4998
f 3315//4999 3173//4999 3174//4999
f 3173//5000 3315//5000 3314//5000
f 3314//5001 3172//5001 3173//5001
f 3172//5002 3314//5002 3313//5002
f 3313//5003 3171//5003 3172//5003
f 3171//5004 3313//5004 3312//5004
f 3312//5005 3170//5005 3171//5005
f 3170//5006 3312//5006 3311//5006
f 3311//5007 3169//5007 3170//5007
f 3169//5008 3311//5008 3310//5008
f 166//5009 175//5009 174//5009
f 175//5010 166//5010 167//5010
f 3070//5011 2811//5011 3068//5011
f 2811//5012 3070//5012 2824//5012
f 3383//5013 3368//5013 3384//5013
f 3368//5014 3383//5014 3369//5014
f 1723//5015 1840//5015 1842//5015
f 1840//5016 1723//5016 1720//5016
f 39//5017 32//5017 46//5017
f 46//5018 32//5018 35//5018
f 133//5019 273//5019 132//5019
f 273//5020 133//5020 274//5020
f 2217//5021 2199//5021 2198//5021
f 2199//5022 2217//5022 2218//5022
f 91//5023 102//5023 90//5023
f 102//5024 91//5024 103//5024
f 14//5025 25//5025 13//5025
f 25//5026 14//5026 26//5026
f 2487//5027 2469//5027 2485//5027
f 2469//5028 2487//5028 2470//5028
f 3297//5029 3157//5029 3156//5029
f 3157//5030 3297//5030 3298//5030
f 801//5031 907//5031 906//5031
f 907//5032 801//5032 802//5032
f 2787//5033 3099//5033 3093//5033
f 3099//5034 2787//5034 2795//5034
f 428//5035 419//5035 429//5035
f 419//5036 413//5036 447//5036
f 532//5037 501//5037 531//5037
f 501//5038 532//5038 511//5038
f 446//5039 411//5039 445//5039
f 2786//5040 2770//5040 2804//5040
f 2770//5041 2786//5041 2771//5041
f 3172//5042 3109//5042 3110//5042
f 3109//5043 3172//5043 3171//5043
f 1326//5044 1281//5044 1279//5044
f 1281//5045 1326//5045 1370//5045
f 3177//5046 3117//5046 3115//5046
f 3117//5047 3177//5047 3179//5047
f 2808//5048 2769//5048 2785//5048
f 2769//5049 2808//5049 2796//5049
f 2821//5050 2796//5050 2808//5050
f 2796//5051 2821//5051 2814//5051
f 2825//5052 2690//5052 2814//5052
f 2690//5053 2825//5053 2710//5053
f 323//5054 428//5054 317//5054
f 428//5055 323//5055 436//5055
f 2711//5056 2661//5056 2710//5056
f 2661//5057 2711//5057 2662//5057
f 366//5058 511//5058 532//5058
f 511//5059 366//5059 364//5059
f 2701//5060 2654//5060 2699//5060
f 2654//5061 2701//5061 2636//5061
f 353//5062 293//5062 355//5062
f 293//5063 353//5063 291//5063
f 2720//5064 2638//5064 2637//5064
f 2638//5065 2720//5065 2702//5065
f 2319//5066 2266//5066 2271//5066
f 2266//5067 2319//5067 2322//5067
f 717//5068 486//5068 490//5068
f 2849//5069 2860//5069 2845//5069
f 2860//5070 2849//5070 2854//5070
f 2858//5071 2854//5071 2853//5071
f 2854//5072 2858//5072 2859//5072
f 499//5073 500//5073 363//5073
f 363//5074 500//5074 361//5074
f 2988//5075 3019//5075 2989//5075
f 3019//5076 2988//5076 3018//5076
f 2870//5077 3080//5077 2891//5077
f 3080//5078 2870//5078 3078//5078
f 3141//5079 3080//5079 3078//5079
f 3080//5080 3141//5080 3142//5080
f 3203//5081 3142//5081 3141//5081
f 3142//5082 3203//5082 3204//5082
f 3204//5083 3144//5083 3142//5083
f 3144//5084 3204//5084 3206//5084
f 3206//5085 3151//5085 3144//5085
f 3151//5086 3206//5086 3212//5086
f 2898//5087 2916//5087 2917//5087
f 2916//5088 2898//5088 2897//5088
f 250//5089 311//5089 249//5089
f 2755//5090 2744//5090 2754//5090
f 2744//5091 2755//5091 2745//5091
f 249//5092 310//5092 224//5092
f 3213//5093 3147//5093 3148//5093
f 3147//5094 3213//5094 3209//5094
f 309//5095 308//5095 248//5095
f 248//5096 308//5096 247//5096
f 308//5097 307//5097 247//5097
f 247//5098 307//5098 246//5098
f 2293//5099 2245//5099 2244//5099
f 2245//5100 2293//5100 2294//5100
f 3143//5101 3140//5101 3079//5101
f 3140//5102 3143//5102 3205//5102
f 3195//5103 3131//5103 3133//5103
f 3131//5104 3195//5104 3193//5104
f 3133//5105 3069//5105 3071//5105
f 3069//5106 3133//5106 3131//5106
f 355//5107 464//5107 353//5107
f 2810//5108 2823//5108 3067//5108
f 2823//5109 2810//5109 2822//5109
f 2156//5110 2105//5110 2139//5110
f 2105//5111 2156//5111 2150//5111
f 1161//5112 831//5112 830//5112
f 831//5113 1161//5113 1162//5113
f 446//5114 458//5114 447//5114
f 458//5115 474//5115 460//5115
f 2833//5116 3115//5116 2880//5116
f 3115//5117 2833//5117 3106//5117
f 2794//5118 3097//5118 3098//5118
f 3097//5119 2794//5119 2793//5119
f 3309//5120 3177//5120 3168//5120
f 3177//5121 3309//5121 3318//5121
f 3318//5122 3179//5122 3177//5122
f 3179//5123 3318//5123 3320//5123
f 3320//5124 3182//5124 3179//5124
f 3182//5125 3320//5125 3323//5125
f 3182//5126 3185//5126 3123//5126
f 3185//5127 3182//5127 3323//5127
f 3185//5128 3184//5128 3122//5128
f 3184//5129 3185//5129 3326//5129
f 144//5130 284//5130 143//5130
f 3325//5131 3183//5131 3184//5131
f 3183//5132 3325//5132 3324//5132
f 3324//5133 3181//5133 3183//5133
f 3181//5134 3324//5134 3322//5134
f 3322//5135 3180//5135 3181//5135
f 3180//5136 3322//5136 3321//5136
f 3178//5137 3180//5137 3321//5137
f 3180//5138 3178//5138 3116//5138
f 3114//5139 3116//5139 3178//5139
f 3116//5140 3114//5140 2872//5140
f 285//5141 282//5141 347//5141
f 282//5142 285//5142 141//5142
f 3112//5143 2867//5143 2868//5143
f 2867//5144 3112//5144 3111//5144
f 3111//5145 2865//5145 2867//5145
f 2865//5146 3111//5146 3110//5146
f 132//5147 272//5147 131//5147
f 272//5148 132//5148 273//5148
f 2784//5149 2767//5149 2783//5149
f 2767//5150 2784//5150 2768//5150
f 2874//5151 2892//5151 2894//5151
f 2892//5152 2874//5152 2871//5152
f 2683//5153 2458//5153 2457//5153
f 2458//5154 2683//5154 2681//5154
f 3310//5155 3167//5155 3169//5155
f 3167//5156 3310//5156 3308//5156
f 2385//5157 2391//5157 2386//5157
f 2391//5158 2385//5158 2390//5158
f 45//5159 127//5159 65//5159
f 127//5160 45//5160 125//5160
f 451//5161 464//5161 463//5161
f 464//5162 451//5162 353//5162
f 352//5163 452//5163 354//5163
f 452//5164 352//5164 444//5164
f 3395//5165 3399//5165 3401//5165
f 3399//5166 3395//5166 3394//5166
f 20//5167 120//5167 19//5167
f 718//5168 545//5168 528//5168
f 545//5169 718//5169 719//5169
f 19//5170 111//5170 10//5170
f 833//5171 1165//5171 834//5171
f 1165//5172 833//5172 1164//5172
f 3328//5173 3295//5173 3294//5173
f 3295//5174 3328//5174 3329//5174
f 170//5175 179//5175 169//5175
f 179//5176 170//5176 180//5176
f 899//5177 1007//5177 898//5177
f 1007//5178 899//5178 1009//5178
f 2795//5179 3098//5179 3099//5179
f 3098//5180 2795//5180 2794//5180
f 422//5181 421//5181 435//5181
f 435//5182 421//5182 436//5182
f 421//5183 417//5183 436//5183
f 436//5184 417//5184 428//5184
f 428//5185 417//5185 419//5185
f 419//5186 417//5186 413//5186
f 413//5187 417//5187 405//5187
f 417//5188 403//5188 405//5188
f 2722//5189 2762//5189 2764//5189
f 2762//5190 2722//5190 2696//5190
f 715//5191 733//5191 405//5191
f 405//5192 733//5192 413//5192
f 2770//5193 2697//5193 2772//5193
f 2697//5194 2770//5194 2686//5194
f 2771//5195 2686//5195 2770//5195
f 2686//5196 2771//5196 2683//5196
f 568//5197 560//5197 551//5197
f 560//5198 568//5198 581//5198
f 130//5199 270//5199 129//5199
f 270//5200 130//5200 271//5200
f 2768//5201 2682//5201 2767//5201
f 2682//5202 2768//5202 2684//5202
f 488//5203 749//5203 726//5203
f 749//5204 488//5204 728//5204
f 2796//5205 2685//5205 2769//5205
f 2685//5206 2796//5206 2687//5206
f 3269//5207 3282//5207 3270//5207
f 3282//5208 3269//5208 3281//5208
f 2687//5209 2619//5209 2541//5209
f 2619//5210 2687//5210 2690//5210
f 817//5211 875//5211 776//5211
f 2662//5212 2558//5212 2661//5212
f 2558//5213 2662//5213 2542//5213
f 2654//5214 2542//5214 2662//5214
f 2542//5215 2654//5215 2436//5215
f 3421//5216 3323//5216 3320//5216
f 3323//5217 3421//5217 3424//5217
f 2637//5218 2378//5218 2636//5218
f 2378//5219 2637//5219 2379//5219
f 2637//5220 2380//5220 2379//5220
f 2380//5221 2637//5221 2638//5221
f 2752//5222 2739//5222 2750//5222
f 2739//5223 2752//5223 2740//5223
f 2702//5224 2649//5224 2638//5224
f 2649//5225 2702//5225 2703//5225
f 2843//5226 2703//5226 2702//5226
f 2703//5227 2843//5227 2846//5227
f 940//5228 939//5228 938//5228
f 939//5229 940//5229 941//5229
f 2847//5230 2688//5230 2709//5230
f 2688//5231 2847//5231 2712//5231
f 2864//5232 2712//5232 2847//5232
f 2712//5233 2864//5233 2713//5233
f 28//5234 44//5234 27//5234
f 44//5235 28//5235 47//5235
f 2846//5236 2861//5236 2863//5236
f 2861//5237 2846//5237 2843//5237
f 2843//5238 2860//5238 2861//5238
f 2860//5239 2843//5239 2845//5239
f 1154//5240 1196//5240 1155//5240
f 1196//5241 1154//5241 1195//5241
f 2860//5242 2891//5242 2890//5242
f 2891//5243 2860//5243 2870//5243
f 303//5244 366//5244 304//5244
f 366//5245 303//5245 364//5245
f 1001//5246 1117//5246 1137//5246
f 1117//5247 1001//5247 896//5247
f 375//5248 374//5248 313//5248
f 374//5249 373//5249 312//5249
f 373//5250 372//5250 311//5250
f 2552//5251 2543//5251 2653//5251
f 2543//5252 2552//5252 2312//5252
f 3147//5253 3084//5253 3085//5253
f 3084//5254 3147//5254 3146//5254
f 370//5255 369//5255 308//5255
f 308//5256 369//5256 307//5256
f 3145//5257 3081//5257 3083//5257
f 3081//5258 3145//5258 3143//5258
f 367//5259 365//5259 305//5259
f 232//5260 168//5260 234//5260
f 168//5261 232//5261 159//5261
f 478//5262 477//5262 464//5262
f 2817//5263 2834//5263 2820//5263
f 2834//5264 2817//5264 2833//5264
f 2820//5265 2835//5265 2822//5265
f 2835//5266 2820//5266 2834//5266
f 964//5267 943//5267 963//5267
f 943//5268 964//5268 945//5268
f 475//5269 521//5269 474//5269
f 2880//5270 3117//5270 2901//5270
f 3117//5271 2880//5271 3115//5271
f 2492//5272 2471//5272 2488//5272
f 2471//5273 2492//5273 2472//5273
f 344//5274 347//5274 282//5274
f 347//5275 346//5275 285//5275
f 640//5276 653//5276 639//5276
f 653//5277 640//5277 654//5277
f 1177//5278 1212//5278 1185//5278
f 1212//5279 1177//5279 1204//5279
f 2850//5280 2826//5280 2827//5280
f 2826//5281 2850//5281 2839//5281
f 3116//5282 3118//5282 3180//5282
f 3118//5283 3116//5283 2893//5283
f 340//5284 534//5284 513//5284
f 2893//5285 2885//5285 2896//5285
f 2885//5286 2893//5286 2872//5286
f 795//5287 1052//5287 796//5287
f 1052//5288 795//5288 1051//5288
f 2824//5289 2808//5289 2811//5289
f 2808//5290 2824//5290 2821//5290
f 2868//5291 2875//5291 2876//5291
f 2875//5292 2868//5292 2867//5292
f 880//5293 763//5293 975//5293
f 763//5294 880//5294 784//5294
f 2256//5295 2196//5295 2251//5295
f 2196//5296 2256//5296 2215//5296
f 3110//5297 2862//5297 2865//5297
f 2862//5298 3110//5298 3109//5298
f 3109//5299 2856//5299 2862//5299
f 2856//5300 3109//5300 3108//5300
f 2839//5301 3105//5301 2826//5301
f 3105//5302 2839//5302 3107//5302
f 2826//5303 3103//5303 2818//5303
f 3103//5304 2826//5304 3105//5304
f 3307//5305 3168//5305 3166//5305
f 3168//5306 3307//5306 3309//5306
f 3306//5307 3164//5307 3165//5307
f 3164//5308 3306//5308 3305//5308
f 3305//5309 3162//5309 3164//5309
f 3162//5310 3305//5310 3303//5310
f 3162//5311 3161//5311 3095//5311
f 3161//5312 3162//5312 3303//5312
f 3161//5313 3152//5313 3090//5313
f 3152//5314 3161//5314 3302//5314
f 299//5315 364//5315 303//5315
f 364//5316 299//5316 361//5316
f 111//5317 253//5317 112//5317
f 3294//5318 3154//5318 3153//5318
f 3154//5319 3294//5319 3295//5319
f 257//5320 115//5320 256//5320
f 115//5321 257//5321 116//5321
f 900//5322 1009//5322 899//5322
f 1009//5323 900//5323 1011//5323
f 156//5324 165//5324 164//5324
f 165//5325 156//5325 158//5325
f 435//5326 434//5326 422//5326
f 434//5327 420//5327 422//5327
f 420//5328 414//5328 422//5328
f 2780//5329 2773//5329 2781//5329
f 2773//5330 2780//5330 2765//5330
f 421//5331 406//5331 417//5331
f 417//5332 406//5332 403//5332
f 406//5333 732//5333 403//5333
f 715//5334 732//5334 733//5334
f 732//5335 785//5335 733//5335
f 2686//5336 2653//5336 2697//5336
f 2653//5337 2686//5337 2552//5337
f 394//5338 760//5338 761//5338
f 760//5339 394//5339 387//5339
f 1090//5340 1159//5340 1104//5340
f 1159//5341 1090//5341 1146//5341
f 2681//5342 2459//5342 2458//5342
f 2459//5343 2681//5343 2682//5343
f 3427//5344 3325//5344 3326//5344
f 3325//5345 3427//5345 3426//5345
f 341//5346 521//5346 542//5346
f 521//5347 341//5347 339//5347
f 1091//5348 745//5348 974//5348
f 745//5349 1091//5349 830//5349
f 552//5350 598//5350 597//5350
f 598//5351 552//5351 573//5351
f 817//5352 1093//5352 875//5352
f 2542//5353 2344//5353 2558//5353
f 2344//5354 2542//5354 2320//5354
f 2436//5355 2320//5355 2542//5355
f 2320//5356 2436//5356 2300//5356
f 2204//5357 2193//5357 2192//5357
f 2193//5358 2204//5358 2205//5358
f 2378//5359 2294//5359 2293//5359
f 2294//5360 2378//5360 2379//5360
f 24//5361 13//5361 25//5361
f 13//5362 24//5362 12//5362
f 113//5363 255//5363 114//5363
f 255//5364 113//5364 254//5364
f 624//5365 625//5365 650//5365
f 625//5366 624//5366 601//5366
f 2649//5367 2445//5367 2433//5367
f 2445//5368 2649//5368 2657//5368
f 2703//5369 2657//5369 2649//5369
f 2657//5370 2703//5370 2709//5370
f 781//5371 777//5371 728//5371
f 728//5372 777//5372 749//5372
f 749//5373 777//5373 726//5373
f 777//5374 775//5374 726//5374
f 726//5375 775//5375 727//5375
f 775//5376 764//5376 727//5376
f 765//5377 718//5377 764//5377
f 764//5378 718//5378 727//5378
f 2713//5379 2887//5379 2714//5379
f 2887//5380 2713//5380 2864//5380
f 2863//5381 2889//5381 2888//5381
f 2889//5382 2863//5382 2861//5382
f 586//5383 614//5383 619//5383
f 614//5384 586//5384 585//5384
f 448//5385 318//5385 429//5385
f 318//5386 448//5386 325//5386
f 2890//5387 2907//5387 2918//5387
f 2907//5388 2890//5388 2891//5388
f 3089//5389 2907//5389 3082//5389
f 2907//5390 3089//5390 2925//5390
f 2769//5391 2684//5391 2768//5391
f 2684//5392 2769//5392 2685//5392
f 462//5393 437//5393 455//5393
f 437//5394 462//5394 449//5394
f 2900//5395 2947//5395 2948//5395
f 2947//5396 2900//5396 2902//5396
f 3407//5397 3417//5397 3419//5397
f 3417//5398 3407//5398 3406//5398
f 3102//5399 2798//5399 2809//5399
f 2798//5400 3102//5400 3100//5400
f 3200//5401 3260//5401 3203//5401
f 3260//5402 3200//5402 3257//5402
f 3081//5403 2920//5403 3083//5403
f 2920//5404 3081//5404 2899//5404
f 224//5405 309//5405 248//5405
f 309//5406 224//5406 310//5406
f 3071//5407 2878//5407 3079//5407
f 2878//5408 3071//5408 2837//5408
f 1144//5409 1188//5409 1141//5409
f 1188//5410 1144//5410 1193//5410
f 2836//5411 2883//5411 2881//5411
f 2883//5412 2836//5412 2835//5412
f 524//5413 523//5413 476//5413
f 2834//5414 2882//5414 2835//5414
f 2882//5415 2834//5415 2880//5415
f 523//5416 542//5416 521//5416
f 3117//5417 2928//5417 2901//5417
f 2928//5418 3117//5418 3120//5418
f 3120//5419 2931//5419 2928//5419
f 2931//5420 3120//5420 3123//5420
f 3123//5421 2930//5421 2931//5421
f 2930//5422 3123//5422 3122//5422
f 461//5423 476//5423 475//5423
f 476//5424 461//5424 463//5424
f 2913//5425 2955//5425 2905//5425
f 2955//5426 2913//5426 2954//5426
f 3119//5427 2910//5427 2927//5427
f 2910//5428 3119//5428 3118//5428
f 342//5429 551//5429 534//5429
f 2910//5430 2896//5430 2919//5430
f 2896//5431 2910//5431 2893//5431
f 2885//5432 2898//5432 2896//5432
f 2898//5433 2885//5433 2877//5433
f 2877//5434 2897//5434 2898//5434
f 2897//5435 2877//5435 2876//5435
f 2875//5436 2894//5436 2895//5436
f 2894//5437 2875//5437 2874//5437
f 140//5438 280//5438 139//5438
f 280//5439 140//5439 281//5439
f 2871//5440 2886//5440 2892//5440
f 2886//5441 2871//5441 2866//5441
f 2862//5442 2866//5442 2871//5442
f 2866//5443 2862//5443 2856//5443
f 2682//5444 2460//5444 2459//5444
f 2460//5445 2682//5445 2684//5445
f 236//5446 298//5446 238//5446
f 298//5447 236//5447 297//5447
f 2827//5448 2873//5448 2850//5448
f 2873//5449 2827//5449 2829//5449
f 2476//5450 2447//5450 2446//5450
f 2447//5451 2476//5451 2477//5451
f 49//5452 65//5452 64//5452
f 65//5453 49//5453 45//5453
f 3100//5454 3095//5454 2797//5454
f 3095//5455 3100//5455 3162//5455
f 3095//5456 3090//5456 2789//5456
f 3090//5457 3095//5457 3161//5457
f 314//5458 315//5458 252//5458
f 2380//5459 2296//5459 2295//5459
f 2296//5460 2380//5460 2433//5460
f 1715//5461 1770//5461 1771//5461
f 1770//5462 1715//5462 1714//5462
f 2699//5463 2662//5463 2711//5463
f 2662//5464 2699//5464 2654//5464
f 434//5465 433//5465 420//5465
f 433//5466 418//5466 420//5466
f 418//5467 404//5467 420//5467
f 493//5468 499//5468 498//5468
f 499//5469 493//5469 494//5469
f 414//5470 746//5470 406//5470
f 406//5471 746//5471 732//5471
f 2653//5472 2692//5472 2696//5472
f 2692//5473 2653//5473 2543//5473
f 3176//5474 3113//5474 3114//5474
f 3113//5475 3176//5475 3175//5475
f 3132//5476 3072//5476 3070//5476
f 3072//5477 3132//5477 3134//5477
f 2457//5478 2280//5478 2279//5478
f 2280//5479 2457//5479 2458//5479
f 603//5480 633//5480 632//5480
f 633//5481 603//5481 604//5481
f 2459//5482 2282//5482 2281//5482
f 2282//5483 2459//5483 2460//5483
f 2460//5484 2283//5484 2282//5484
f 2283//5485 2460//5485 2461//5485
f 726//5486 505//5486 488//5486
f 505//5487 726//5487 727//5487
f 963//5488 995//5488 964//5488
f 995//5489 963//5489 994//5489
f 259//5490 117//5490 258//5490
f 117//5491 259//5491 118//5491
f 235//5492 297//5492 236//5492
f 297//5493 235//5493 296//5493
f 2294//5494 2246//5494 2245//5494
f 2246//5495 2294//5495 2295//5495
f 2295//5496 2247//5496 2246//5496
f 2247//5497 2295//5497 2296//5497
f 2240//5498 2218//5498 2217//5498
f 2218//5499 2240//5499 2241//5499
f 1189//5500 1180//5500 1139//5500
f 1180//5501 1131//5501 1139//5501
f 2445//5502 2301//5502 2299//5502
f 2301//5503 2445//5503 2531//5503
f 3228//5504 3191//5504 3193//5504
f 3191//5505 3228//5505 3219//5505
f 777//5506 901//5506 775//5506
f 901//5507 837//5507 775//5507
f 775//5508 837//5508 764//5508
f 837//5509 829//5509 764//5509
f 764//5510 829//5510 765//5510
f 829//5511 823//5511 765//5511
f 2667//5512 2609//5512 2666//5512
f 2609//5513 2667//5513 2610//5513
f 2714//5514 2904//5514 2715//5514
f 2904//5515 2714//5515 2887//5515
f 2887//5516 2906//5516 2904//5516
f 2906//5517 2887//5517 2888//5517
f 2888//5518 2908//5518 2906//5518
f 2908//5519 2888//5519 2889//5519
f 2889//5520 2918//5520 2908//5520
f 2918//5521 2889//5521 2890//5521
f 2925//5522 2918//5522 2907//5522
f 2918//5523 2925//5523 2935//5523
f 81//5524 129//5524 75//5524
f 129//5525 81//5525 130//5525
f 2924//5526 2939//5526 2926//5526
f 2939//5527 2924//5527 2938//5527
f 2560//5528 2567//5528 2561//5528
f 2567//5529 2560//5529 2566//5529
f 2922//5530 2937//5530 2923//5530
f 2937//5531 2922//5531 2934//5531
f 2921//5532 2934//5532 2922//5532
f 2934//5533 2921//5533 2933//5533
f 2621//5534 2721//5534 2631//5534
f 2721//5535 2621//5535 2680//5535
f 561//5536 573//5536 540//5536
f 573//5537 552//5537 540//5537
f 540//5538 552//5538 519//5538
f 519//5539 552//5539 522//5539
f 355//5540 295//5540 357//5540
f 295//5541 355//5541 293//5541
f 2883//5542 2913//5542 2905//5542
f 2913//5543 2883//5543 2882//5543
f 523//5544 554//5544 542//5544
f 554//5545 577//5545 542//5545
f 542//5546 577//5546 569//5546
f 2928//5547 2941//5547 2936//5547
f 2941//5548 2928//5548 2931//5548
f 2931//5549 2943//5549 2941//5549
f 2943//5550 2931//5550 2930//5550
f 549//5551 599//5551 559//5551
f 599//5552 549//5552 590//5552
f 2927//5553 2919//5553 2940//5553
f 2919//5554 2927//5554 2910//5554
f 2896//5555 2917//5555 2919//5555
f 2917//5556 2896//5556 2898//5556
f 915//5557 914//5557 968//5557
f 914//5558 915//5558 912//5558
f 341//5559 569//5559 344//5559
f 569//5560 341//5560 542//5560
f 2623//5561 2664//5561 2620//5561
f 2664//5562 2623//5562 2673//5562
f 961//5563 934//5563 960//5563
f 934//5564 961//5564 938//5564
f 2886//5565 2900//5565 2909//5565
f 2900//5566 2886//5566 2873//5566
f 527//5567 514//5567 507//5567
f 507//5568 514//5568 491//5568
f 154//5569 163//5569 153//5569
f 163//5570 154//5570 164//5570
f 153//5571 146//5571 147//5571
f 146//5572 153//5572 152//5572
f 66//5573 51//5573 52//5573
f 51//5574 66//5574 67//5574
f 2827//5575 2818//5575 2816//5575
f 2818//5576 2827//5576 2826//5576
f 3323//5577 3326//5577 3185//5577
f 3326//5578 3323//5578 3424//5578
f 2848//5579 2851//5579 2841//5579
f 2851//5580 2848//5580 2855//5580
f 439//5581 438//5581 324//5581
f 438//5582 430//5582 319//5582
f 3092//5583 2790//5583 3091//5583
f 2790//5584 3092//5584 2791//5584
f 316//5585 432//5585 320//5585
f 2792//5586 2791//5586 3096//5586
f 2791//5587 2792//5587 2775//5587
f 433//5588 416//5588 418//5588
f 2777//5589 2761//5589 2775//5589
f 2761//5590 2777//5590 2763//5590
f 2763//5591 2679//5591 2761//5591
f 2679//5592 2763//5592 2692//5592
f 297//5593 360//5593 298//5593
f 360//5594 297//5594 359//5594
f 349//5595 442//5595 350//5595
f 442//5596 349//5596 441//5596
f 907//5597 1024//5597 1023//5597
f 1024//5598 907//5598 910//5598
f 2279//5599 2239//5599 2238//5599
f 2239//5600 2279//5600 2280//5600
f 2280//5601 2240//5601 2239//5601
f 2240//5602 2280//5602 2281//5602
f 2281//5603 2241//5603 2240//5603
f 2241//5604 2281//5604 2282//5604
f 2283//5605 2241//5605 2282//5605
f 2241//5606 2283//5606 2242//5606
f 2284//5607 2242//5607 2283//5607
f 2242//5608 2284//5608 2236//5608
f 2235//5609 2254//5609 2225//5609
f 2254//5610 2235//5610 2259//5610
f 2254//5611 2220//5611 2225//5611
f 2220//5612 2254//5612 2244//5612
f 402//5613 761//5613 758//5613
f 761//5614 402//5614 394//5614
f 1193//5615 1221//5615 1188//5615
f 1221//5616 1193//5616 1220//5616
f 2246//5617 2223//5617 2222//5617
f 2223//5618 2246//5618 2247//5618
f 2096//5619 2105//5619 2111//5619
f 2105//5620 2096//5620 2097//5620
f 443//5621 426//5621 444//5621
f 426//5622 443//5622 425//5622
f 1199//5623 1138//5623 1180//5623
f 1180//5624 1138//5624 1131//5624
f 1138//5625 1082//5625 1131//5625
f 1131//5626 1082//5626 901//5626
f 2354//5627 2464//5627 2347//5627
f 2464//5628 2354//5628 2544//5628
f 2531//5629 2544//5629 2354//5629
f 2544//5630 2531//5630 2548//5630
f 2531//5631 2559//5631 2548//5631
f 2559//5632 2531//5632 2599//5632
f 2608//5633 2569//5633 2565//5633
f 2569//5634 2608//5634 2609//5634
f 3394//5635 3398//5635 3399//5635
f 3398//5636 3394//5636 3391//5636
f 2296//5637 2248//5637 2247//5637
f 2248//5638 2296//5638 2299//5638
f 2667//5639 2611//5639 2610//5639
f 2611//5640 2667//5640 2668//5640
f 3179//5641 3120//5641 3117//5641
f 3120//5642 3179//5642 3182//5642
f 2904//5643 2716//5643 2715//5643
f 2716//5644 2904//5644 2944//5644
f 3377//5645 3364//5645 3361//5645
f 3364//5646 3377//5646 3378//5646
f 2906//5647 2949//5647 2945//5647
f 2949//5648 2906//5648 2908//5648
f 2908//5649 2958//5649 2949//5649
f 2958//5650 2908//5650 2918//5650
f 2939//5651 2965//5651 2935//5651
f 2965//5652 2939//5652 2969//5652
f 2938//5653 2969//5653 2939//5653
f 2969//5654 2938//5654 2968//5654
f 2748//5655 2742//5655 2749//5655
f 2742//5656 2748//5656 2743//5656
f 2458//5657 2281//5657 2280//5657
f 2281//5658 2458//5658 2459//5658
f 1181//5659 1100//5659 1187//5659
f 1100//5660 1181//5660 1094//5660
f 2932//5661 2962//5661 2933//5661
f 2962//5662 2932//5662 2957//5662
f 2911//5663 2957//5663 2932//5663
f 2957//5664 2911//5664 2956//5664
f 2905//5665 2956//5665 2911//5665
f 2956//5666 2905//5666 2955//5666
f 2483//5667 2621//5667 2521//5667
f 2621//5668 2483//5668 2600//5668
f 595//5669 608//5669 554//5669
f 554//5670 608//5670 577//5670
f 2936//5671 2972//5671 2967//5671
f 2972//5672 2936//5672 2941//5672
f 2941//5673 2971//5673 2972//5673
f 2971//5674 2941//5674 2943//5674
f 2943//5675 2970//5675 2971//5675
f 2970//5676 2943//5676 2942//5676
f 2940//5677 2970//5677 2942//5677
f 2970//5678 2940//5678 2966//5678
f 3252//5679 3195//5679 3198//5679
f 3195//5680 3252//5680 3237//5680
f 2919//5681 2960//5681 2961//5681
f 2960//5682 2919//5682 2917//5682
f 2917//5683 2959//5683 2960//5683
f 2959//5684 2917//5684 2916//5684
f 2916//5685 2953//5685 2959//5685
f 2953//5686 2916//5686 2915//5686
f 3272//5687 3286//5687 3273//5687
f 3286//5688 3272//5688 3285//5688
f 2912//5689 2950//5689 2951//5689
f 2950//5690 2912//5690 2909//5690
f 2909//5691 2948//5691 2950//5691
f 2948//5692 2909//5692 2900//5692
f 2967//5693 3001//5693 2986//5693
f 3001//5694 2967//5694 2972//5694
f 2879//5695 2832//5695 2884//5695
f 2832//5696 2879//5696 2831//5696
f 2832//5697 2698//5697 2700//5697
f 2698//5698 2832//5698 2812//5698
f 993//5699 1014//5699 994//5699
f 1014//5700 993//5700 1012//5700
f 2444//5701 2474//5701 2475//5701
f 2474//5702 2444//5702 2443//5702
f 2443//5703 2473//5703 2474//5703
f 2473//5704 2443//5704 2442//5704
f 960//5705 930//5705 959//5705
f 727//5706 528//5706 505//5706
f 528//5707 727//5707 718//5707
f 930//5708 925//5708 924//5708
f 924//5709 925//5709 920//5709
f 925//5710 923//5710 920//5710
f 922//5711 919//5711 923//5711
f 923//5712 919//5712 920//5712
f 1018//5713 1072//5713 1068//5713
f 1072//5714 1018//5714 1020//5714
f 881//5715 762//5715 780//5715
f 762//5716 881//5716 974//5716
f 2472//5717 2442//5717 2441//5717
f 2442//5718 2472//5718 2473//5718
f 2548//5719 2560//5719 2549//5719
f 2560//5720 2548//5720 2559//5720
f 2323//5721 2264//5721 2263//5721
f 2264//5722 2323//5722 2324//5722
f 652//5723 682//5723 651//5723
f 682//5724 652//5724 683//5724
f 2397//5725 2402//5725 2398//5725
f 2402//5726 2397//5726 2401//5726
f 2530//5727 2414//5727 2416//5727
f 2414//5728 2530//5728 2529//5728
f 2635//5729 2529//5729 2530//5729
f 2529//5730 2635//5730 2634//5730
f 913//5731 1025//5731 1026//5731
f 1025//5732 913//5732 953//5732
f 1639//5733 1627//5733 1628//5733
f 1627//5734 1639//5734 1640//5734
f 2813//5735 2754//5735 2812//5735
f 2754//5736 2813//5736 2755//5736
f 57//5737 41//5737 58//5737
f 41//5738 57//5738 40//5738
f 2815//5739 2774//5739 2758//5739
f 2774//5740 2815//5740 2816//5740
f 2809//5741 2759//5741 2774//5741
f 2759//5742 2809//5742 2798//5742
f 2798//5743 2757//5743 2759//5743
f 2757//5744 2798//5744 2797//5744
f 991//5745 960//5745 990//5745
f 960//5746 991//5746 961//5746
f 2789//5747 2760//5747 2756//5747
f 2760//5748 2789//5748 2790//5748
f 3200//5749 3141//5749 3137//5749
f 3141//5750 3200//5750 3203//5750
f 2761//5751 2678//5751 2753//5751
f 2678//5752 2761//5752 2679//5752
f 2353//5753 2678//5753 2679//5753
f 2678//5754 2353//5754 2341//5754
f 2262//5755 2341//5755 2353//5755
f 2341//5756 2262//5756 2256//5756
f 2262//5757 2215//5757 2256//5757
f 2215//5758 2262//5758 2238//5758
f 429//5759 317//5759 428//5759
f 317//5760 429//5760 318//5760
f 2236//5761 2219//5761 2242//5761
f 2219//5762 2236//5762 2214//5762
f 2291//5763 2229//5763 2234//5763
f 2229//5764 2291//5764 2278//5764
f 2747//5765 2736//5765 2745//5765
f 2736//5766 2747//5766 2737//5766
f 1200//5767 1223//5767 1204//5767
f 1204//5768 1223//5768 1212//5768
f 560//5769 601//5769 558//5769
f 601//5770 560//5770 602//5770
f 2220//5771 2209//5771 2208//5771
f 2209//5772 2220//5772 2221//5772
f 1218//5773 1227//5773 1219//5773
f 1227//5774 1218//5774 1226//5774
f 2374//5775 2382//5775 2375//5775
f 2382//5776 2374//5776 2381//5776
f 2223//5777 2212//5777 2211//5777
f 2212//5778 2223//5778 2224//5778
f 2224//5779 2234//5779 2212//5779
f 2234//5780 2224//5780 2243//5780
f 2991//5781 3022//5781 2992//5781
f 3022//5782 2991//5782 3021//5782
f 553//5783 591//5783 550//5783
f 591//5784 553//5784 592//5784
f 2464//5785 2333//5785 2347//5785
f 2333//5786 2464//5786 2348//5786
f 2348//5787 2319//5787 2333//5787
f 2319//5788 2348//5788 2322//5788
f 2566//5789 2571//5789 2567//5789
f 2571//5790 2566//5790 2570//5790
f 646//5791 676//5791 645//5791
f 676//5792 646//5792 677//5792
f 2565//5793 2570//5793 2566//5793
f 2570//5794 2565//5794 2569//5794
f 2470//5795 2438//5795 2469//5795
f 2438//5796 2470//5796 2439//5796
f 1008//5797 989//5797 1006//5797
f 989//5798 1008//5798 990//5798
f 1172//5799 1255//5799 1173//5799
f 1255//5800 1172//5800 1254//5800
f 793//5801 899//5801 792//5801
f 899//5802 793//5802 900//5802
f 2668//5803 2612//5803 2611//5803
f 2612//5804 2668//5804 2669//5804
f 171//5805 184//5805 181//5805
f 184//5806 171//5806 173//5806
f 2944//5807 2717//5807 2716//5807
f 2717//5808 2944//5808 2973//5808
f 2945//5809 2973//5809 2944//5809
f 2973//5810 2945//5810 2978//5810
f 2945//5811 2977//5811 2978//5811
f 2977//5812 2945//5812 2949//5812
f 606//5813 638//5813 637//5813
f 638//5814 606//5814 599//5814
f 103//5815 109//5815 102//5815
f 109//5816 103//5816 110//5816
f 2968//5817 2995//5817 2969//5817
f 2995//5818 2968//5818 2994//5818
f 63//5819 49//5819 64//5819
f 49//5820 63//5820 50//5820
f 2477//5821 2508//5821 2511//5821
f 2508//5822 2477//5822 2476//5822
f 2963//5823 2993//5823 2964//5823
f 2993//5824 2963//5824 2992//5824
f 2962//5825 2992//5825 2963//5825
f 2992//5826 2962//5826 2991//5826
f 2750//5827 2737//5827 2747//5827
f 2737//5828 2750//5828 2738//5828
f 595//5829 629//5829 628//5829
f 629//5830 595//5830 596//5830
f 2955//5831 2989//5831 2956//5831
f 2989//5832 2955//5832 2988//5832
f 2954//5833 2988//5833 2955//5833
f 2988//5834 2954//5834 2987//5834
f 2867//5835 2874//5835 2875//5835
f 2874//5836 2867//5836 2865//5836
f 2972//5837 3000//5837 3001//5837
f 3000//5838 2972//5838 2971//5838
f 3144//5839 3089//5839 3082//5839
f 3089//5840 3144//5840 3151//5840
f 2966//5841 2999//5841 2970//5841
f 2999//5842 2966//5842 2998//5842
f 2961//5843 2998//5843 2966//5843
f 2998//5844 2961//5844 2985//5844
f 1015//5845 904//5845 1016//5845
f 904//5846 1015//5846 903//5846
f 2984//5847 2983//5847 3009//5847
f 2983//5848 2984//5848 2960//5848
f 601//5849 624//5849 600//5849
f 2983//5850 2982//5850 3008//5850
f 2982//5851 2983//5851 2959//5851
f 600//5852 623//5852 594//5852
f 3274//5853 3288//5853 3275//5853
f 3288//5854 3274//5854 3287//5854
f 594//5855 622//5855 593//5855
f 2981//5856 2980//5856 3006//5856
f 2980//5857 2981//5857 2952//5857
f 593//5858 621//5858 592//5858
f 3388//5859 3374//5859 3373//5859
f 3374//5860 3388//5860 3389//5860
f 592//5861 620//5861 591//5861
f 2950//5862 2976//5862 2979//5862
f 2976//5863 2950//5863 2948//5863
f 1020//5864 1076//5864 1072//5864
f 1076//5865 1020//5865 1023//5865
f 3391//5866 3392//5866 3398//5866
f 3392//5867 3391//5867 3390//5867
f 3184//5868 3121//5868 3122//5868
f 3121//5869 3184//5869 3183//5869
f 572//5870 584//5870 571//5870
f 584//5871 572//5871 582//5871
f 2341//5872 2677//5872 2678//5872
f 2677//5873 2341//5873 2338//5873
f 2300//5874 2244//5874 2254//5874
f 2244//5875 2300//5875 2293//5875
f 900//5876 902//5876 1011//5876
f 2416//5877 2418//5877 2532//5877
f 2418//5878 2416//5878 2377//5878
f 1013//5879 1056//5879 1049//5879
f 2376//5880 2384//5880 2377//5880
f 2384//5881 2376//5881 2383//5881
f 2375//5882 2383//5882 2376//5882
f 2383//5883 2375//5883 2382//5883
f 3372//5884 3386//5884 3387//5884
f 3386//5885 3372//5885 3371//5885
f 2415//5886 2381//5886 2374//5886
f 2381//5887 2415//5887 2417//5887
f 2444//5888 2417//5888 2415//5888
f 2417//5889 2444//5889 2446//5889
f 2446//5890 2475//5890 2476//5890
f 2475//5891 2446//5891 2444//5891
f 233//5892 296//5892 235//5892
f 296//5893 233//5893 294//5893
f 2477//5894 2448//5894 2447//5894
f 2448//5895 2477//5895 2478//5895
f 1046//5896 1008//5896 1042//5896
f 1008//5897 1046//5897 1010//5897
f 2480//5898 2515//5898 2517//5898
f 2515//5899 2480//5899 2479//5899
f 3285//5900 3208//5900 3286//5900
f 3208//5901 3285//5901 3207//5901
f 968//5902 982//5902 981//5902
f 998//5903 1004//5903 982//5903
f 1004//5904 998//5904 1022//5904
f 2435//5905 2521//5905 2430//5905
f 2521//5906 2435//5906 2483//5906
f 2521//5907 2631//5907 2526//5907
f 2631//5908 2521//5908 2621//5908
f 2797//5909 2756//5909 2757//5909
f 2756//5910 2797//5910 2789//5910
f 2538//5911 2600//5911 2483//5911
f 2600//5912 2538//5912 2607//5912
f 2553//5913 2607//5913 2538//5913
f 2607//5914 2553//5914 2620//5914
f 2557//5915 2620//5915 2553//5915
f 2620//5916 2557//5916 2623//5916
f 537//5917 558//5917 539//5917
f 558//5918 537//5918 560//5918
f 2523//5919 2522//5919 2525//5919
f 2522//5920 2523//5920 2482//5920
f 914//5921 951//5921 968//5921
f 968//5922 951//5922 967//5922
f 1026//5923 1077//5923 1078//5923
f 1077//5924 1026//5924 1025//5924
f 2479//5925 2513//5925 2515//5925
f 2513//5926 2479//5926 2478//5926
f 2478//5927 2511//5927 2513//5927
f 2511//5928 2478//5928 2477//5928
f 2221//5929 2210//5929 2209//5929
f 2210//5930 2221//5930 2222//5930
f 2476//5931 2506//5931 2508//5931
f 2506//5932 2476//5932 2475//5932
f 2475//5933 2502//5933 2506//5933
f 2502//5934 2475//5934 2474//5934
f 930//5935 931//5935 925//5935
f 925//5936 931//5936 923//5936
f 931//5937 929//5937 923//5937
f 923//5938 929//5938 922//5938
f 929//5939 928//5939 922//5939
f 927//5940 921//5940 928//5940
f 928//5941 921//5941 922//5941
f 921//5942 917//5942 922//5942
f 922//5943 917//5943 919//5943
f 3027//5944 3059//5944 3028//5944
f 3059//5945 3027//5945 3058//5945
f 769//5946 828//5946 770//5946
f 828//5947 769//5947 827//5947
f 2550//5948 2547//5948 2546//5948
f 2547//5949 2550//5949 2551//5949
f 2472//5950 2440//5950 2471//5950
f 2440//5951 2472//5951 2441//5951
f 988//5952 1006//5952 989//5952
f 117//5953 15//5953 116//5953
f 15//5954 117//5954 16//5954
f 670//5955 702//5955 701//5955
f 702//5956 670//5956 671//5956
f 2402//5957 2407//5957 2403//5957
f 2407//5958 2402//5958 2406//5958
f 898//5959 1005//5959 897//5959
f 1005//5960 898//5960 1007//5960
f 38//5961 24//5961 40//5961
f 24//5962 38//5962 23//5962
f 2695//5963 2633//5963 2634//5963
f 2633//5964 2695//5964 2694//5964
f 854//5965 859//5965 858//5965
f 859//5966 854//5966 855//5966
f 1062//5967 1066//5967 1065//5967
f 1066//5968 1062//5968 1063//5968
f 2338//5969 2676//5969 2677//5969
f 2676//5970 2338//5970 2337//5970
f 2774//5971 2747//5971 2758//5971
f 2747//5972 2774//5972 2750//5972
f 149//5973 231//5973 155//5973
f 231//5974 149//5974 229//5974
f 2759//5975 2751//5975 2752//5975
f 2751//5976 2759//5976 2757//5976
f 392//5977 390//5977 398//5977
f 2756//5978 2749//5978 2757//5978
f 2749//5979 2756//5979 2748//5979
f 2760//5980 2748//5980 2756//5980
f 2748//5981 2760//5981 2746//5981
f 401//5982 387//5982 394//5982
f 2753//5983 2677//5983 2746//5983
f 2677//5984 2753//5984 2678//5984
f 3158//5985 3093//5985 3099//5985
f 3093//5986 3158//5986 3159//5986
f 2256//5987 2338//5987 2341//5987
f 2338//5988 2256//5988 2251//5988
f 2783//5989 2766//5989 2782//5989
f 2766//5990 2783//5990 2767//5990
f 3268//5991 3206//5991 3204//5991
f 3206//5992 3268//5992 3283//5992
f 2716//5993 2669//5993 2668//5993
f 2669//5994 2716//5994 2717//5994
f 2218//5995 2200//5995 2199//5995
f 2200//5996 2218//5996 2219//5996
f 902//5997 798//5997 903//5997
f 798//5998 902//5998 797//5998
f 2208//5999 2201//5999 2214//5999
f 2201//6000 2208//6000 2202//6000
f 2209//6001 2202//6001 2208//6001
f 2202//6002 2209//6002 2203//6002
f 2209//6003 2204//6003 2203//6003
f 2204//6004 2209//6004 2210//6004
f 2210//6005 2205//6005 2204//6005
f 2205//6006 2210//6006 2211//6006
f 2212//6007 2229//6007 2206//6007
f 2229//6008 2212//6008 2234//6008
f 470//6009 491//6009 514//6009
f 491//6010 470//6010 468//6010
f 2347//6011 2278//6011 2291//6011
f 2278//6012 2347//6012 2333//6012
f 1159//6013 1166//6013 1104//6013
f 1104//6014 1166//6014 1118//6014
f 447//6015 429//6015 419//6015
f 429//6016 447//6016 448//6016
f 2322//6017 2263//6017 2266//6017
f 2263//6018 2322//6018 2323//6018
f 1170//6019 1299//6019 1300//6019
f 1299//6020 1170//6020 1169//6020
f 2578//6021 2583//6021 2579//6021
f 2583//6022 2578//6022 2582//6022
f 1597//6023 1665//6023 1666//6023
f 1665//6024 1597//6024 1596//6024
f 2586//6025 2591//6025 2587//6025
f 2591//6026 2586//6026 2590//6026
f 2948//6027 2975//6027 2976//6027
f 2975//6028 2948//6028 2947//6028
f 2633//6029 2527//6029 2528//6029
f 2527//6030 2633//6030 2632//6030
f 3010//6031 3040//6031 3041//6031
f 3040//6032 3010//6032 3009//6032
f 2478//6033 2449//6033 2448//6033
f 2449//6034 2478//6034 2479//6034
f 2930//6035 2942//6035 2943//6035
f 2942//6036 2930//6036 2929//6036
f 2577//6037 2582//6037 2578//6037
f 2582//6038 2577//6038 2581//6038
f 2546//6039 2467//6039 2466//6039
f 2467//6040 2546//6040 2547//6040
f 3005//6041 3035//6041 3036//6041
f 3035//6042 3005//6042 3004//6042
f 2669//6043 2613//6043 2612//6043
f 2613//6044 2669//6044 2670//6044
f 3361//6045 3345//6045 3344//6045
f 3345//6046 3361//6046 3364//6046
f 2978//6047 3030//6047 2973//6047
f 3030//6048 2978//6048 3029//6048
f 1171//6049 1254//6049 1172//6049
f 1254//6050 1171//6050 1257//6050
f 2996//6051 3027//6051 2997//6051
f 3027//6052 2996//6052 3026//6052
f 637//6053 668//6053 667//6053
f 668//6054 637//6054 638//6054
f 484//6055 501//6055 486//6055
f 501//6056 484//6056 502//6056
f 2993//6057 3024//6057 2994//6057
f 3024//6058 2993//6058 3023//6058
f 2992//6059 3023//6059 2993//6059
f 3023//6060 2992//6060 3022//6060
f 631//6061 662//6061 661//6061
f 662//6062 631//6062 632//6062
f 626//6063 651//6063 625//6063
f 651//6064 626//6064 652//6064
f 2985//6065 3010//6065 3011//6065
f 3010//6066 2985//6066 2984//6066
f 2929//6067 2940//6067 2942//6067
f 2940//6068 2929//6068 2927//6068
f 647//6069 648//6069 678//6069
f 648//6070 647//6070 622//6070
f 2873//6071 2902//6071 2900//6071
f 2902//6072 2873//6072 2879//6072
f 1002//6073 982//6073 1004//6073
f 982//6074 1002//6074 981//6074
f 3014//6075 3013//6075 3044//6075
f 3013//6076 3014//6076 3000//6076
f 641//6077 654//6077 640//6077
f 2999//6078 3012//6078 3013//6078
f 3012//6079 2999//6079 2998//6079
f 2881//6080 2905//6080 2911//6080
f 2905//6081 2881//6081 2883//6081
f 747//6082 4//6082 822//6082
f 4//6083 747//6083 5//6083
f 651//6084 650//6084 625//6084
f 650//6085 649//6085 624//6085
f 649//6086 648//6086 623//6086
f 3007//6087 3006//6087 3037//6087
f 3006//6088 3007//6088 2981//6088
f 647//6089 646//6089 621//6089
f 2979//6090 3004//6090 3005//6090
f 3004//6091 2979//6091 2976//6091
f 665//6092 697//6092 696//6092
f 697//6093 665//6093 666//6093
f 3013//6094 3043//6094 3044//6094
f 3043//6095 3013//6095 3012//6095
f 1373//6096 1459//6096 1460//6096
f 1459//6097 1373//6097 1372//6097
f 961//6098 993//6098 962//6098
f 993//6099 961//6099 991//6099
f 2903//6100 2704//6100 2705//6100
f 2704//6101 2903//6101 2884//6101
f 2639//6102 2704//6102 2700//6102
f 2704//6103 2639//6103 2640//6103
f 2532//6104 2640//6104 2639//6104
f 2640//6105 2532//6105 2533//6105
f 2418//6106 2533//6106 2532//6106
f 2533//6107 2418//6107 2420//6107
f 1013//6108 1015//6108 1056//6108
f 1015//6109 1060//6109 1056//6109
f 1056//6110 1060//6110 1055//6110
f 2383//6111 2387//6111 2388//6111
f 2387//6112 2383//6112 2382//6112
f 1059//6113 1058//6113 1054//6113
f 245//6114 313//6114 251//6114
f 313//6115 245//6115 306//6115
f 2417//6116 2385//6116 2381//6116
f 2385//6117 2417//6117 2419//6117
f 2446//6118 2419//6118 2417//6118
f 2419//6119 2446//6119 2447//6119
f 2447//6120 2422//6120 2419//6120
f 2422//6121 2447//6121 2448//6121
f 585//6122 721//6122 614//6122
f 721//6123 585//6123 720//6123
f 1460//6124 1523//6124 1524//6124
f 1523//6125 1460//6125 1459//6125
f 2455//6126 2435//6126 2434//6126
f 2435//6127 2455//6127 2462//6127
f 2434//6128 2430//6128 2405//6128
f 2430//6129 2434//6129 2435//6129
f 2430//6130 2526//6130 2431//6130
f 2526//6131 2430//6131 2521//6131
f 563//6132 578//6132 575//6132
f 578//6133 563//6133 564//6133
f 3170//6134 3107//6134 3108//6134
f 3107//6135 3170//6135 3169//6135
f 2720//6136 2636//6136 2701//6136
f 2636//6137 2720//6137 2637//6137
f 2600//6138 2680//6138 2621//6138
f 2680//6139 2600//6139 2660//6139
f 835//6140 779//6140 818//6140
f 779//6141 773//6141 818//6141
f 2622//6142 2673//6142 2623//6142
f 2673//6143 2622//6143 2672//6143
f 2026//6144 2096//6144 2067//6144
f 2096//6145 2026//6145 2088//6145
f 2557//6146 2524//6146 2556//6146
f 2524//6147 2557//6147 2525//6147
f 2525//6148 2520//6148 2524//6148
f 2520//6149 2525//6149 2522//6149
f 952//6150 950//6150 914//6150
f 914//6151 950//6151 951//6151
f 893//6152 973//6152 894//6152
f 973//6153 893//6153 972//6153
f 888//6154 894//6154 889//6154
f 894//6155 888//6155 893//6155
f 3130//6156 3132//6156 3070//6156
f 3132//6157 3130//6157 3192//6157
f 2513//6158 2510//6158 2512//6158
f 2510//6159 2513//6159 2511//6159
f 2511//6160 2509//6160 2510//6160
f 2509//6161 2511//6161 2508//6161
f 2508//6162 2507//6162 2509//6162
f 2507//6163 2508//6163 2506//6163
f 939//6164 937//6164 938//6164
f 938//6165 937//6165 934//6165
f 934//6166 937//6166 931//6166
f 931//6167 937//6167 929//6167
f 937//6168 936//6168 929//6168
f 929//6169 936//6169 928//6169
f 936//6170 935//6170 928//6170
f 928//6171 935//6171 927//6171
f 935//6172 933//6172 927//6172
f 932//6173 926//6173 933//6173
f 933//6174 926//6174 927//6174
f 926//6175 918//6175 927//6175
f 927//6176 918//6176 921//6176
f 918//6177 916//6177 921//6177
f 921//6178 916//6178 917//6178
f 3157//6179 3099//6179 3098//6179
f 3099//6180 3157//6180 3158//6180
f 2536//6181 2428//6181 2537//6181
f 2428//6182 2536//6182 2425//6182
f 851//6183 856//6183 855//6183
f 856//6184 851//6184 852//6184
f 1045//6185 1040//6185 1041//6185
f 1040//6186 1045//6186 1044//6186
f 987//6187 1031//6187 988//6187
f 1031//6188 1032//6188 988//6188
f 988//6189 1032//6189 1006//6189
f 2365//6190 2360//6190 2411//6190
f 2360//6191 2365//6191 2361//6191
f 2587//6192 2592//6192 2588//6192
f 2592//6193 2587//6193 2591//6193
f 2376//6194 2370//6194 2375//6194
f 2370//6195 2376//6195 2371//6195
f 2535//6196 2425//6196 2536//6196
f 2425//6197 2535//6197 2423//6197
f 2528//6198 2410//6198 2412//6198
f 2410//6199 2528//6199 2527//6199
f 2567//6200 2572//6200 2568//6200
f 2572//6201 2567//6201 2571//6201
f 887//6202 893//6202 888//6202
f 893//6203 887//6203 892//6203
f 44//6204 59//6204 42//6204
f 59//6205 44//6205 60//6205
f 454//6206 395//6206 396//6206
f 395//6207 454//6207 453//6207
f 286//6208 230//6208 291//6208
f 230//6209 286//6209 225//6209
f 379//6210 380//6210 391//6210
f 2980//6211 2979//6211 3005//6211
f 2979//6212 2980//6212 2951//6212
f 1228//6213 1252//6213 1229//6213
f 1252//6214 1228//6214 1251//6214
f 2749//6215 2741//6215 2751//6215
f 2741//6216 2749//6216 2742//6216
f 2803//6217 2808//6217 2785//6217
f 2808//6218 2803//6218 2811//6218
f 389//6219 384//6219 387//6219
f 2746//6220 2676//6220 2743//6220
f 2676//6221 2746//6221 2677//6221
f 2251//6222 2337//6222 2338//6222
f 2337//6223 2251//6223 2250//6223
f 3107//6224 2856//6224 3108//6224
f 2856//6225 3107//6225 2839//6225
f 2926//6226 2935//6226 2925//6226
f 2935//6227 2926//6227 2939//6227
f 725//6228 776//6228 774//6228
f 776//6229 725//6229 724//6229
f 3122//6230 2929//6230 2930//6230
f 2929//6231 3122//6231 3121//6231
f 2029//6232 1999//6232 1997//6232
f 1999//6233 2029//6233 2026//6233
f 2200//6234 2189//6234 2188//6234
f 2189//6235 2200//6235 2201//6235
f 799//6236 905//6236 904//6236
f 905//6237 799//6237 800//6237
f 2203//6238 2190//6238 2202//6238
f 2190//6239 2203//6239 2191//6239
f 3154//6240 3096//6240 3092//6240
f 3096//6241 3154//6241 3155//6241
f 2202//6242 2189//6242 2201//6242
f 2189//6243 2202//6243 2190//6243
f 747//6244 9//6244 5//6244
f 9//6245 747//6245 745//6245
f 1241//6246 1242//6246 1253//6246
f 1253//6247 1242//6247 1207//6247
f 1207//6248 1242//6248 1159//6248
f 1159//6249 1242//6249 1166//6249
f 1242//6250 1256//6250 1166//6250
f 1166//6251 1256//6251 1174//6251
f 1112//6252 1171//6252 1113//6252
f 1171//6253 1112//6253 1174//6253
f 2263//6254 2180//6254 2183//6254
f 2180//6255 2263//6255 2264//6255
f 2371//6256 2366//6256 2370//6256
f 2366//6257 2371//6257 2367//6257
f 1074//6258 1079//6258 1078//6258
f 1079//6259 1074//6259 1075//6259
f 3344//6260 3333//6260 3332//6260
f 3333//6261 3344//6261 3345//6261
f 2061//6262 2136//6262 2137//6262
f 2136//6263 2061//6263 2060//6263
f 2534//6264 2423//6264 2535//6264
f 2423//6265 2534//6265 2421//6265
f 2548//6266 2545//6266 2544//6266
f 2545//6267 2548//6267 2549//6267
f 2519//6268 2516//6268 2518//6268
f 2516//6269 2519//6269 2517//6269
f 23//6270 12//6270 24//6270
f 12//6271 23//6271 11//6271
f 644//6272 615//6272 616//6272
f 615//6273 644//6273 643//6273
f 917//6274 954//6274 955//6274
f 954//6275 917//6275 916//6275
f 3340//6276 3329//6276 3328//6276
f 3329//6277 3340//6277 3341//6277
f 650//6278 680//6278 649//6278
f 680//6279 650//6279 681//6279
f 395//6280 730//6280 385//6280
f 730//6281 395//6281 731//6281
f 987//6282 1030//6282 1031//6282
f 1030//6283 987//6283 986//6283
f 2549//6284 2561//6284 2550//6284
f 2561//6285 2549//6285 2560//6285
f 671//6286 723//6286 702//6286
f 723//6287 671//6287 722//6287
f 1007//6288 1036//6288 1005//6288
f 1036//6289 1007//6289 1041//6289
f 2583//6290 2588//6290 2584//6290
f 2588//6291 2583//6291 2587//6291
f 2550//6292 2562//6292 2551//6292
f 2562//6293 2550//6293 2561//6293
f 2440//6294 2358//6294 2439//6294
f 2358//6295 2440//6295 2359//6295
f 3017//6296 3047//6296 3048//6296
f 3047//6297 3017//6297 3016//6297
f 730//6298 790//6298 729//6298
f 790//6299 730//6299 791//6299
f 3019//6300 3051//6300 3020//6300
f 3051//6301 3019//6301 3050//6301
f 3016//6302 3046//6302 3047//6302
f 3046//6303 3016//6303 3015//6303
f 686//6304 685//6304 655//6304
f 256//6305 114//6305 255//6305
f 114//6306 256//6306 115//6306
f 666//6307 698//6307 697//6307
f 698//6308 666//6308 667//6308
f 2367//6309 2362//6309 2366//6309
f 2362//6310 2367//6310 2363//6310
f 679//6311 678//6311 648//6311
f 180//6312 205//6312 204//6312
f 205//6313 180//6313 181//6313
f 2350//6314 2467//6314 2351//6314
f 2467//6315 2350//6315 2466//6315
f 673//6316 744//6316 674//6316
f 674//6317 744//6317 643//6317
f 3331//6318 3298//6318 3297//6318
f 3298//6319 3331//6319 3332//6319
f 2946//6320 2705//6320 2706//6320
f 2705//6321 2946//6321 2903//6321
f 2640//6322 2705//6322 2704//6322
f 2705//6323 2640//6323 2641//6323
f 2533//6324 2641//6324 2640//6324
f 2641//6325 2533//6325 2534//6325
f 2420//6326 2534//6326 2533//6326
f 2534//6327 2420//6327 2421//6327
f 1015//6328 1016//6328 1060//6328
f 1016//6329 1061//6329 1060//6329
f 1060//6330 1061//6330 1059//6330
f 1061//6331 1064//6331 1059//6331
f 2386//6332 2392//6332 2387//6332
f 2392//6333 2386//6333 2391//6333
f 195//6334 188//6334 191//6334
f 188//6335 195//6335 194//6335
f 3369//6336 3356//6336 3368//6336
f 3356//6337 3369//6337 3363//6337
f 2422//6338 2393//6338 2390//6338
f 2393//6339 2422//6339 2424//6339
f 2424//6340 2397//6340 2393//6340
f 2397//6341 2424//6341 2426//6341
f 2426//6342 2401//6342 2397//6342
f 2401//6343 2426//6343 2427//6343
f 1073//6344 1077//6344 1022//6344
f 1022//6345 1077//6345 1004//6345
f 3345//6346 3334//6346 3333//6346
f 3334//6347 3345//6347 3347//6347
f 731//6348 791//6348 730//6348
f 791//6349 731//6349 792//6349
f 673//6350 804//6350 744//6350
f 804//6351 802//6351 744//6351
f 571//6352 583//6352 570//6352
f 583//6353 571//6353 584//6353
f 1247//6354 1236//6354 1248//6354
f 1236//6355 1247//6355 1235//6355
f 2641//6356 2535//6356 2642//6356
f 2535//6357 2641//6357 2534//6357
f 2612//6358 2585//6358 2581//6358
f 2585//6359 2612//6359 2613//6359
f 2085//6360 2564//6360 2563//6360
f 2564//6361 2085//6361 2086//6361
f 2392//6362 2396//6362 2389//6362
f 2396//6363 2392//6363 2395//6363
f 2197//6364 2186//6364 2185//6364
f 2186//6365 2197//6365 2198//6365
f 2390//6366 2394//6366 2391//6366
f 2394//6367 2390//6367 2393//6367
f 2324//6368 2265//6368 2264//6368
f 2265//6369 2324//6369 2325//6369
f 385//6370 729//6370 376//6370
f 729//6371 385//6371 730//6371
f 2432//6372 2540//6372 2429//6372
f 2540//6373 2432//6373 2539//6373
f 2644//6374 2540//6374 2646//6374
f 2540//6375 2644//6375 2537//6375
f 2450//6376 2427//6376 2426//6376
f 2427//6377 2450//6377 2451//6377
f 886//6378 877//6378 876//6378
f 877//6379 886//6379 887//6379
f 2582//6380 2587//6380 2583//6380
f 2587//6381 2582//6381 2586//6381
f 26//6382 41//6382 25//6382
f 41//6383 26//6383 42//6383
f 957//6384 986//6384 987//6384
f 986//6385 957//6385 956//6385
f 2044//6386 2085//6386 2084//6386
f 2085//6387 2044//6387 2045//6387
f 1079//6388 1024//6388 1027//6388
f 2537//6389 2429//6389 2540//6389
f 2429//6390 2537//6390 2428//6390
f 2370//6391 2365//6391 2369//6391
f 2365//6392 2370//6392 2366//6392
f 1076//6393 1080//6393 1075//6393
f 1075//6394 1080//6394 1079//6394
f 1079//6395 1080//6395 1024//6395
f 1024//6396 1080//6396 1023//6396
f 2754//6397 2694//6397 2695//6397
f 2694//6398 2754//6398 2744//6398
f 3022//6399 3054//6399 3023//6399
f 3054//6400 3022//6400 3053//6400
f 92//6401 64//6401 93//6401
f 64//6402 92//6402 63//6402
f 2244//6403 2221//6403 2220//6403
f 2221//6404 2244//6404 2245//6404
f 2571//6405 2576//6405 2572//6405
f 2576//6406 2571//6406 2575//6406
f 162//6407 151//6407 152//6407
f 151//6408 162//6408 161//6408
f 2//6409 819//6409 820//6409
f 819//6410 2//6410 1//6410
f 1113//6411 1088//6411 1087//6411
f 1088//6412 1113//6412 1114//6412
f 2372//6413 2367//6413 2371//6413
f 2367//6414 2372//6414 2368//6414
f 654//6415 684//6415 653//6415
f 684//6416 654//6416 685//6416
f 161//6417 170//6417 169//6417
f 170//6418 161//6418 162//6418
f 3006//6419 3036//6419 3037//6419
f 3036//6420 3006//6420 3005//6420
f 888//6421 879//6421 878//6421
f 879//6422 888//6422 889//6422
f 955//6423 984//6423 985//6423
f 984//6424 955//6424 954//6424
f 2616//6425 3433//6425 3434//6425
f 3433//6426 2616//6426 2615//6426
f 659//6427 691//6427 690//6427
f 691//6428 659//6428 660//6428
f 820//6429 1167//6429 1168//6429
f 1167//6430 820//6430 819//6430
f 664//6431 696//6431 695//6431
f 696//6432 664//6432 665//6432
f 3024//6433 3056//6433 3025//6433
f 3056//6434 3024//6434 3055//6434
f 3012//6435 3042//6435 3043//6435
f 3042//6436 3012//6436 3011//6436
f 1040//6437 1034//6437 1035//6437
f 1034//6438 1040//6438 1039//6438
f 2416//6439 2372//6439 2377//6439
f 2372//6440 2416//6440 2414//6440
f 662//6441 694//6441 693//6441
f 694//6442 662//6442 663//6442
f 722//6443 770//6443 723//6443
f 770//6444 722//6444 769//6444
f 845//6445 850//6445 849//6445
f 850//6446 845//6446 846//6446
f 1071//6447 1076//6447 1075//6447
f 1076//6448 1071//6448 1072//6448
f 1044//6449 1039//6449 1040//6449
f 1039//6450 1044//6450 1043//6450
f 3002//6451 2707//6451 2708//6451
f 2707//6452 3002//6452 2974//6452
f 1227//6453 1251//6453 1228//6453
f 1251//6454 1227//6454 1250//6454
f 855//6455 860//6455 859//6455
f 860//6456 855//6456 856//6456
f 1837//6457 1911//6457 1912//6457
f 1911//6458 1837//6458 1836//6458
f 2581//6459 2586//6459 2582//6459
f 2586//6460 2581//6460 2585//6460
f 2976//6461 3003//6461 3004//6461
f 3003//6462 2976//6462 2975//6462
f 3025//6463 3057//6463 3026//6463
f 3057//6464 3025//6464 3056//6464
f 886//6465 892//6465 887//6465
f 892//6466 886//6466 891//6466
f 2398//6467 2403//6467 2399//6467
f 2403//6468 2398//6468 2402//6468
f 3011//6469 3041//6469 3042//6469
f 3041//6470 3011//6470 3010//6470
f 2349//6471 2466//6471 2350//6471
f 2466//6472 2349//6472 2465//6472
f 2216//6473 2198//6473 2197//6473
f 2198//6474 2216//6474 2217//6474
f 1721//6475 1840//6475 1720//6475
f 1840//6476 1721//6476 1841//6476
f 2425//6477 2404//6477 2428//6477
f 2404//6478 2425//6478 2400//6478
f 2469//6479 2437//6479 2468//6479
f 2437//6480 2469//6480 2438//6480
f 827//6481 865//6481 828//6481
f 865//6482 827//6482 861//6482
f 3030//6483 2719//6483 2718//6483
f 2719//6484 3030//6484 3061//6484
f 2137//6485 2267//6485 2268//6485
f 2267//6486 2137//6486 2136//6486
f 2368//6487 2363//6487 2367//6487
f 2363//6488 2368//6488 2364//6488
f 617//6489 644//6489 616//6489
f 644//6490 617//6490 645//6490
f 1076//6491 1023//6491 1080//6491
f 2429//6492 2428//6492 2408//6492
