# Created by FreeCAD <https://www.freecad.org>
v 0.700000 2.831000 2.500000
v 0.700000 2.831000 2.470000
v 0.700000 2.956000 2.500000
v 0.700000 2.956000 2.494000
v 0.700000 2.956000 2.480000
v 0.700000 2.956000 2.470000
v 0.700000 3.000999 1.284000
v 0.700000 3.000999 1.270000
v 0.700000 3.031000 1.889000
v 0.700000 3.031000 1.875000
v 0.700000 3.206000 2.500000
v 0.700000 3.206000 2.494000
v 0.700000 3.206000 2.480000
v 0.700000 3.206000 2.470000
v 0.700000 3.206000 1.895000
v 0.700000 3.206000 1.889000
v 0.700000 3.206000 1.875000
v 0.700000 3.206000 1.865000
v 0.700000 3.206000 1.290000
v 0.700000 3.206000 1.284000
v 0.700000 3.206000 1.270000
v 0.700000 3.206000 1.260000
v 0.700000 3.331000 2.500000
v 0.700000 3.331000 2.470000
v 0.700000 3.331000 1.895000
v 0.700000 3.331000 1.865000
v 0.700000 3.331000 1.290000
v 0.700000 3.331000 1.260000
v 0.700000 2.831000 2.515000
v 0.700000 2.831000 2.500000
v 0.700000 2.831000 2.470000
v 0.700000 2.831000 2.455000
v 0.700000 2.931000 2.515000
v 0.700000 2.931000 2.504999
v 0.700000 2.931000 2.465000
v 0.700000 2.931000 2.455000
v 0.700000 2.956000 2.500000
v 0.700000 2.956000 2.494000
v 0.700000 2.956000 2.480000
v 0.700000 2.956000 2.470000
v 0.700000 3.000999 1.294999
v 0.700000 3.000999 1.284000
v 0.700000 3.000999 1.270000
v 0.700000 3.000999 1.255000
v 0.700000 3.031000 1.899999
v 0.700000 3.031000 1.889000
v 0.700000 3.031000 1.875000
v 0.700000 3.031000 1.860000
v 0.700000 3.206000 2.500000
v 0.700000 3.206000 2.494000
v 0.700000 3.206000 2.480000
v 0.700000 3.206000 2.470000
v 0.700000 3.206000 1.895000
v 0.700000 3.206000 1.889000
v 0.700000 3.206000 1.875000
v 0.700000 3.206000 1.865000
v 0.700000 3.206000 1.290000
v 0.700000 3.206000 1.284000
v 0.700000 3.206000 1.270000
v 0.700000 3.206000 1.260000
v 0.700000 3.231000 2.515000
v 0.700000 3.231000 2.504999
v 0.700000 3.231000 2.465000
v 0.700000 3.231000 2.455000
v 0.700000 3.231000 1.910000
v 0.700000 3.231000 1.899999
v 0.700000 3.231000 1.860000
v 0.700000 3.231000 1.850000
v 0.700000 3.231000 1.305000
v 0.700000 3.231000 1.294999
v 0.700000 3.231000 1.255000
v 0.700000 3.231000 1.245000
v 0.700000 3.331000 2.515000
v 0.700000 3.331000 2.500000
v 0.700000 3.331000 2.470000
v 0.700000 3.331000 2.455000
v 0.700000 3.331000 1.910000
v 0.700000 3.331000 1.895000
v 0.700000 3.331000 1.865000
v 0.700000 3.331000 1.850000
v 0.700000 3.331000 1.305000
v 0.700000 3.331000 1.290000
v 0.700000 3.331000 1.260000
v 0.700000 3.331000 1.245000
v 0.683337 3.000181 1.294999
v 0.683337 3.000181 1.255000
v 0.680397 3.030037 1.899999
v 0.680397 3.030037 1.860000
v 0.666835 2.997733 1.294999
v 0.666835 2.997733 1.255000
v 0.660982 3.027157 1.899999
v 0.660982 3.027157 1.860000
v 0.650652 2.993680 1.294999
v 0.650652 2.993680 1.255000
v 0.641943 3.022387 1.899999
v 0.641943 3.022387 1.860000
v 0.640000 2.831000 2.515000
v 0.640000 2.831000 2.500000
v 0.640000 2.831000 2.470000
v 0.640000 2.831000 2.455000
v 0.640000 2.931000 2.515000
v 0.640000 2.931000 2.504999
v 0.640000 2.931000 2.465000
v 0.640000 2.931000 2.455000
v 0.640000 2.956000 2.500000
v 0.640000 2.956000 2.494000
v 0.640000 2.956000 2.480000
v 0.640000 2.956000 2.470000
v 0.640000 2.989868 1.294999
v 0.640000 2.989868 1.284000
v 0.640000 2.989868 1.270000
v 0.640000 2.989868 1.255000
v 0.640000 3.021692 1.899999
v 0.640000 3.021692 1.889000
v 0.640000 3.021692 1.875000
v 0.640000 3.021692 1.860000
v 0.640000 3.206000 2.500000
v 0.640000 3.206000 2.494000
v 0.640000 3.206000 2.480000
v 0.640000 3.206000 2.470000
v 0.640000 3.206000 1.895000
v 0.640000 3.206000 1.889000
v 0.640000 3.206000 1.875000
v 0.640000 3.206000 1.865000
v 0.640000 3.206000 1.290000
v 0.640000 3.206000 1.284000
v 0.640000 3.206000 1.270000
v 0.640000 3.206000 1.260000
v 0.640000 3.231000 2.515000
v 0.640000 3.231000 2.504999
v 0.640000 3.231000 2.465000
v 0.640000 3.231000 2.455000
v 0.640000 3.231000 1.910000
v 0.640000 3.231000 1.899999
v 0.640000 3.231000 1.860000
v 0.640000 3.231000 1.850000
v 0.640000 3.231000 1.305000
v 0.640000 3.231000 1.294999
v 0.640000 3.231000 1.255000
v 0.640000 3.231000 1.245000
v 0.640000 3.331000 2.515000
v 0.640000 3.331000 2.500000
v 0.640000 3.331000 2.470000
v 0.640000 3.331000 2.455000
v 0.640000 3.331000 1.910000
v 0.640000 3.331000 1.895000
v 0.640000 3.331000 1.865000
v 0.640000 3.331000 1.850000
v 0.640000 3.331000 1.305000
v 0.640000 3.331000 1.290000
v 0.640000 3.331000 1.260000
v 0.640000 3.331000 1.245000
v 0.634944 2.988059 1.284000
v 0.634944 2.988059 1.270000
v 0.623464 3.015775 1.889000
v 0.623464 3.015775 1.875000
v 0.619863 2.980926 1.284000
v 0.619863 2.980926 1.270000
v 0.605721 3.007384 1.889000
v 0.605721 3.007384 1.875000
v 0.605554 2.972350 1.284000
v 0.605554 2.972350 1.270000
v 0.592154 2.962412 1.284000
v 0.592154 2.962412 1.270000
v 0.588886 2.997293 1.889000
v 0.588886 2.997293 1.875000
v 0.585080 2.956000 1.290000
v 0.585080 2.956000 1.284000
v 0.585080 2.956000 1.270000
v 0.585080 2.956000 1.260000
v 0.579792 2.951208 1.290000
v 0.579792 2.951208 1.260000
v 0.573122 2.985602 1.889000
v 0.573122 2.985602 1.875000
v 0.568588 2.938846 1.290000
v 0.568588 2.938846 1.260000
v 0.558650 2.925446 1.290000
v 0.558650 2.925446 1.260000
v 0.558579 2.972421 1.889000
v 0.558579 2.972421 1.875000
v 0.550074 2.911137 1.290000
v 0.550074 2.911137 1.260000
v 0.545398 2.957878 1.889000
v 0.545398 2.957878 1.875000
v 0.544005 2.956000 1.895000
v 0.544005 2.956000 1.889000
v 0.544005 2.956000 1.875000
v 0.544005 2.956000 1.865000
v 0.542941 2.896056 1.290000
v 0.542941 2.896056 1.260000
v 0.537320 2.880348 1.290000
v 0.537320 2.880348 1.260000
v 0.533707 2.942114 1.895000
v 0.533707 2.942114 1.865000
v 0.533267 2.864165 1.290000
v 0.533267 2.864165 1.260000
v 0.530819 2.847663 1.290000
v 0.530819 2.847663 1.260000
v 0.530001 2.831000 1.290000
v 0.530001 2.831000 1.260000
v 0.523616 2.925279 1.895000
v 0.523616 2.925279 1.865000
v 0.515225 2.907536 1.895000
v 0.515225 2.907536 1.865000
v 0.508613 2.889057 1.895000
v 0.508613 2.889057 1.865000
v 0.503843 2.870018 1.895000
v 0.503843 2.870018 1.865000
v 0.500963 2.850603 1.895000
v 0.500963 2.850603 1.865000
v 0.500000 2.831000 1.895000
v 0.500000 2.831000 1.865000
v 0.392500 2.831000 2.515000
v 0.392500 2.831000 2.500000
v 0.392500 2.831000 2.470000
v 0.392500 2.831000 2.455000
v 0.392500 2.831000 1.910000
v 0.392500 2.831000 1.895000
v 0.392500 2.831000 1.865000
v 0.392500 2.831000 1.850000
v 0.392500 2.831000 1.305000
v 0.392500 2.831000 1.290000
v 0.392500 2.831000 1.260000
v 0.392500 2.831000 1.245000
v 0.392500 2.931000 2.515000
v 0.392500 2.931000 2.504999
v 0.392500 2.931000 2.465000
v 0.392500 2.931000 2.455000
v 0.392500 2.931000 1.910000
v 0.392500 2.931000 1.899999
v 0.392500 2.931000 1.860000
v 0.392500 2.931000 1.850000
v 0.392500 2.931000 1.305000
v 0.392500 2.931000 1.294999
v 0.392500 2.931000 1.255000
v 0.392500 2.931000 1.245000
v 0.392500 2.956000 2.500000
v 0.392500 2.956000 2.494000
v 0.392500 2.956000 2.480000
v 0.392500 2.956000 2.470000
v 0.392500 2.956000 1.895000
v 0.392500 2.956000 1.889000
v 0.392500 2.956000 1.875000
v 0.392500 2.956000 1.865000
v 0.392500 2.956000 1.290000
v 0.392500 2.956000 1.284000
v 0.392500 2.956000 1.270000
v 0.392500 2.956000 1.260000
v 0.392500 3.206000 2.500000
v 0.392500 3.206000 2.494000
v 0.392500 3.206000 2.480000
v 0.392500 3.206000 2.470000
v 0.392500 3.206000 1.895000
v 0.392500 3.206000 1.889000
v 0.392500 3.206000 1.875000
v 0.392500 3.206000 1.865000
v 0.392500 3.206000 1.290000
v 0.392500 3.206000 1.284000
v 0.392500 3.206000 1.270000
v 0.392500 3.206000 1.260000
v 0.392500 3.231000 2.515000
v 0.392500 3.231000 2.504999
v 0.392500 3.231000 2.465000
v 0.392500 3.231000 2.455000
v 0.392500 3.231000 1.910000
v 0.392500 3.231000 1.899999
v 0.392500 3.231000 1.860000
v 0.392500 3.231000 1.850000
v 0.392500 3.231000 1.305000
v 0.392500 3.231000 1.294999
v 0.392500 3.231000 1.255000
v 0.392500 3.231000 1.245000
v 0.392500 3.331000 2.515000
v 0.392500 3.331000 2.500000
v 0.392500 3.331000 2.470000
v 0.392500 3.331000 2.455000
v 0.392500 3.331000 1.910000
v 0.392500 3.331000 1.895000
v 0.392500 3.331000 1.865000
v 0.392500 3.331000 1.850000
v 0.392500 3.331000 1.305000
v 0.392500 3.331000 1.290000
v 0.392500 3.331000 1.260000
v 0.392500 3.331000 1.245000
v 0.377500 2.831000 2.455000
v 0.377500 2.831000 1.910000
v 0.377500 2.831000 1.850000
v 0.377500 2.831000 1.305000
v 0.377500 2.931000 2.465000
v 0.377500 2.931000 2.455000
v 0.377500 2.931000 1.910000
v 0.377500 2.931000 1.899999
v 0.377500 2.931000 1.860000
v 0.377500 2.931000 1.850000
v 0.377500 2.931000 1.305000
v 0.377500 2.931000 1.294999
v 0.377500 2.956000 2.465000
v 0.377500 2.956000 1.899999
v 0.377500 2.956000 1.860000
v 0.377500 2.956000 1.294999
v 0.377500 3.206000 2.465000
v 0.377500 3.206000 1.899999
v 0.377500 3.206000 1.860000
v 0.377500 3.206000 1.294999
v 0.377500 3.231000 2.465000
v 0.377500 3.231000 2.455000
v 0.377500 3.231000 1.910000
v 0.377500 3.231000 1.899999
v 0.377500 3.231000 1.860000
v 0.377500 3.231000 1.850000
v 0.377500 3.231000 1.305000
v 0.377500 3.231000 1.294999
v 0.377500 3.331000 2.455000
v 0.377500 3.331000 1.910000
v 0.377500 3.331000 1.850000
v 0.377500 3.331000 1.305000
v 0.371500 2.956000 2.465000
v 0.371500 2.956000 1.899999
v 0.371500 2.956000 1.860000
v 0.371500 2.956000 1.294999
v 0.371500 3.206000 2.465000
v 0.371500 3.206000 1.899999
v 0.371500 3.206000 1.860000
v 0.371500 3.206000 1.294999
v 0.354001 2.956000 2.465000
v 0.354001 2.956000 1.899999
v 0.354001 2.956000 1.860000
v 0.354001 2.956000 1.294999
v 0.354001 3.206000 2.465000
v 0.354001 3.206000 1.899999
v 0.354001 3.206000 1.860000
v 0.354001 3.206000 1.294999
v 0.347500 2.831000 2.455000
v 0.347500 2.831000 1.910000
v 0.347500 2.831000 1.850000
v 0.347500 2.831000 1.305000
v 0.347500 2.931000 2.465000
v 0.347500 2.931000 2.455000
v 0.347500 2.931000 1.910000
v 0.347500 2.931000 1.899999
v 0.347500 2.931000 1.860000
v 0.347500 2.931000 1.850000
v 0.347500 2.931000 1.305000
v 0.347500 2.931000 1.294999
v 0.347500 2.956000 2.465000
v 0.347500 2.956000 1.899999
v 0.347500 2.956000 1.860000
v 0.347500 2.956000 1.294999
v 0.347500 3.206000 2.465000
v 0.347500 3.206000 1.899999
v 0.347500 3.206000 1.860000
v 0.347500 3.206000 1.294999
v 0.347500 3.231000 2.465000
v 0.347500 3.231000 2.455000
v 0.347500 3.231000 1.910000
v 0.347500 3.231000 1.899999
v 0.347500 3.231000 1.860000
v 0.347500 3.231000 1.850000
v 0.347500 3.231000 1.305000
v 0.347500 3.231000 1.294999
v 0.347500 3.331000 2.455000
v 0.347500 3.331000 1.910000
v 0.347500 3.331000 1.850000
v 0.347500 3.331000 1.305000
v 0.332500 2.831000 2.515000
v 0.332500 2.831000 2.500000
v 0.332500 2.831000 2.470000
v 0.332500 2.831000 2.455000
v 0.332500 2.831000 1.910000
v 0.332500 2.831000 1.895000
v 0.332500 2.831000 1.865000
v 0.332500 2.831000 1.850000
v 0.332500 2.831000 1.305000
v 0.332500 2.831000 1.290000
v 0.332500 2.831000 1.260000
v 0.332500 2.831000 1.245000
v 0.332500 2.931000 2.515000
v 0.332500 2.931000 2.504999
v 0.332500 2.931000 2.465000
v 0.332500 2.931000 2.455000
v 0.332500 2.931000 1.910000
v 0.332500 2.931000 1.899999
v 0.332500 2.931000 1.860000
v 0.332500 2.931000 1.850000
v 0.332500 2.931000 1.305000
v 0.332500 2.931000 1.294999
v 0.332500 2.931000 1.255000
v 0.332500 2.931000 1.245000
v 0.332500 2.956000 2.500000
v 0.332500 2.956000 2.494000
v 0.332500 2.956000 2.480000
v 0.332500 2.956000 2.470000
v 0.332500 2.956000 1.895000
v 0.332500 2.956000 1.889000
v 0.332500 2.956000 1.875000
v 0.332500 2.956000 1.865000
v 0.332500 2.956000 1.290000
v 0.332500 2.956000 1.284000
v 0.332500 2.956000 1.270000
v 0.332500 2.956000 1.260000
v 0.332500 3.206000 2.500000
v 0.332500 3.206000 2.494000
v 0.332500 3.206000 2.480000
v 0.332500 3.206000 2.470000
v 0.332500 3.206000 1.895000
v 0.332500 3.206000 1.889000
v 0.332500 3.206000 1.875000
v 0.332500 3.206000 1.865000
v 0.332500 3.206000 1.290000
v 0.332500 3.206000 1.284000
v 0.332500 3.206000 1.270000
v 0.332500 3.206000 1.260000
v 0.332500 3.231000 2.515000
v 0.332500 3.231000 2.504999
v 0.332500 3.231000 2.465000
v 0.332500 3.231000 2.455000
v 0.332500 3.231000 1.910000
v 0.332500 3.231000 1.899999
v 0.332500 3.231000 1.860000
v 0.332500 3.231000 1.850000
v 0.332500 3.231000 1.305000
v 0.332500 3.231000 1.294999
v 0.332500 3.231000 1.255000
v 0.332500 3.231000 1.245000
v 0.332500 3.331000 2.515000
v 0.332500 3.331000 2.500000
v 0.332500 3.331000 2.470000
v 0.332500 3.331000 2.455000
v 0.332500 3.331000 1.910000
v 0.332500 3.331000 1.895000
v 0.332500 3.331000 1.865000
v 0.332500 3.331000 1.850000
v 0.332500 3.331000 1.305000
v 0.332500 3.331000 1.290000
v 0.332500 3.331000 1.260000
v 0.332500 3.331000 1.245000
v 0.055000 2.831000 2.515000
v 0.055000 2.831000 2.500000
v 0.055000 2.831000 2.470000
v 0.055000 2.831000 2.455000
v 0.055000 2.831000 1.910000
v 0.055000 2.831000 1.895000
v 0.055000 2.831000 1.865000
v 0.055000 2.831000 1.850000
v 0.055000 2.831000 1.305000
v 0.055000 2.831000 1.290000
v 0.055000 2.831000 1.260000
v 0.055000 2.831000 1.245000
v 0.055000 2.931000 2.515000
v 0.055000 2.931000 2.504999
v 0.055000 2.931000 2.465000
v 0.055000 2.931000 2.455000
v 0.055000 2.931000 1.910000
v 0.055000 2.931000 1.899999
v 0.055000 2.931000 1.860000
v 0.055000 2.931000 1.850000
v 0.055000 2.931000 1.305000
v 0.055000 2.931000 1.294999
v 0.055000 2.931000 1.255000
v 0.055000 2.931000 1.245000
v 0.055000 2.956000 2.500000
v 0.055000 2.956000 2.494000
v 0.055000 2.956000 2.480000
v 0.055000 2.956000 2.470000
v 0.055000 2.956000 1.895000
v 0.055000 2.956000 1.889000
v 0.055000 2.956000 1.875000
v 0.055000 2.956000 1.865000
v 0.055000 2.956000 1.290000
v 0.055000 2.956000 1.284000
v 0.055000 2.956000 1.270000
v 0.055000 2.956000 1.260000
v 0.055000 3.206000 2.500000
v 0.055000 3.206000 2.494000
v 0.055000 3.206000 2.480000
v 0.055000 3.206000 2.470000
v 0.055000 3.206000 1.895000
v 0.055000 3.206000 1.889000
v 0.055000 3.206000 1.875000
v 0.055000 3.206000 1.865000
v 0.055000 3.206000 1.290000
v 0.055000 3.206000 1.284000
v 0.055000 3.206000 1.270000
v 0.055000 3.206000 1.260000
v 0.055000 3.231000 2.515000
v 0.055000 3.231000 2.504999
v 0.055000 3.231000 2.465000
v 0.055000 3.231000 2.455000
v 0.055000 3.231000 1.910000
v 0.055000 3.231000 1.899999
v 0.055000 3.231000 1.860000
v 0.055000 3.231000 1.850000
v 0.055000 3.231000 1.305000
v 0.055000 3.231000 1.294999
v 0.055000 3.231000 1.255000
v 0.055000 3.231000 1.245000
v 0.055000 3.331000 2.515000
v 0.055000 3.331000 2.500000
v 0.055000 3.331000 2.470000
v 0.055000 3.331000 2.455000
v 0.055000 3.331000 1.910000
v 0.055000 3.331000 1.895000
v 0.055000 3.331000 1.865000
v 0.055000 3.331000 1.850000
v 0.055000 3.331000 1.305000
v 0.055000 3.331000 1.290000
v 0.055000 3.331000 1.260000
v 0.055000 3.331000 1.245000
v 0.040000 2.831000 2.455000
v 0.040000 2.831000 1.910000
v 0.040000 2.831000 1.850000
v 0.040000 2.831000 1.305000
v 0.040000 2.931000 2.465000
v 0.040000 2.931000 2.455000
v 0.040000 2.931000 1.910000
v 0.040000 2.931000 1.899999
v 0.040000 2.931000 1.860000
v 0.040000 2.931000 1.850000
v 0.040000 2.931000 1.305000
v 0.040000 2.931000 1.294999
v 0.040000 2.956000 2.465000
v 0.040000 2.956000 1.899999
v 0.040000 2.956000 1.860000
v 0.040000 2.956000 1.294999
v 0.040000 3.206000 2.465000
v 0.040000 3.206000 1.899999
v 0.040000 3.206000 1.860000
v 0.040000 3.206000 1.294999
v 0.040000 3.231000 2.465000
v 0.040000 3.231000 2.455000
v 0.040000 3.231000 1.910000
v 0.040000 3.231000 1.899999
v 0.040000 3.231000 1.860000
v 0.040000 3.231000 1.850000
v 0.040000 3.231000 1.305000
v 0.040000 3.231000 1.294999
v 0.040000 3.331000 2.455000
v 0.040000 3.331000 1.910000
v 0.040000 3.331000 1.850000
v 0.040000 3.331000 1.305000
v 0.034000 2.956000 2.465000
v 0.034000 2.956000 1.899999
v 0.034000 2.956000 1.860000
v 0.034000 2.956000 1.294999
v 0.034000 3.206000 2.465000
v 0.034000 3.206000 1.899999
v 0.034000 3.206000 1.860000
v 0.034000 3.206000 1.294999
v 0.016501 2.956000 2.465000
v 0.016501 2.956000 1.899999
v 0.016501 2.956000 1.860000
v 0.016501 2.956000 1.294999
v 0.016501 3.206000 2.465000
v 0.016501 3.206000 1.899999
v 0.016501 3.206000 1.860000
v 0.016501 3.206000 1.294999
v 0.010000 2.831000 2.455000
v 0.010000 2.831000 1.910000
v 0.010000 2.831000 1.850000
v 0.010000 2.831000 1.305000
v 0.010000 2.931000 2.465000
v 0.010000 2.931000 2.455000
v 0.010000 2.931000 1.910000
v 0.010000 2.931000 1.899999
v 0.010000 2.931000 1.860000
v 0.010000 2.931000 1.850000
v 0.010000 2.931000 1.305000
v 0.010000 2.931000 1.294999
v 0.010000 2.956000 2.465000
v 0.010000 2.956000 1.899999
v 0.010000 2.956000 1.860000
v 0.010000 2.956000 1.294999
v 0.010000 3.206000 2.465000
v 0.010000 3.206000 1.899999
v 0.010000 3.206000 1.860000
v 0.010000 3.206000 1.294999
v 0.010000 3.231000 2.465000
v 0.010000 3.231000 2.455000
v 0.010000 3.231000 1.910000
v 0.010000 3.231000 1.899999
v 0.010000 3.231000 1.860000
v 0.010000 3.231000 1.850000
v 0.010000 3.231000 1.305000
v 0.010000 3.231000 1.294999
v 0.010000 3.331000 2.455000
v 0.010000 3.331000 1.910000
v 0.010000 3.331000 1.850000
v 0.010000 3.331000 1.305000
v -0.005000 2.831000 2.515000
v -0.005000 2.831000 2.500000
v -0.005000 2.831000 2.470000
v -0.005000 2.831000 2.455000
v -0.005000 2.831000 1.910000
v -0.005000 2.831000 1.895000
v -0.005000 2.831000 1.865000
v -0.005000 2.831000 1.850000
v -0.005000 2.831000 1.305000
v -0.005000 2.831000 1.290000
v -0.005000 2.831000 1.260000
v -0.005000 2.831000 1.245000
v -0.005000 2.931000 2.515000
v -0.005000 2.931000 2.504999
v -0.005000 2.931000 2.465000
v -0.005000 2.931000 2.455000
v -0.005000 2.931000 1.910000
v -0.005000 2.931000 1.899999
v -0.005000 2.931000 1.860000
v -0.005000 2.931000 1.850000
v -0.005000 2.931000 1.305000
v -0.005000 2.931000 1.294999
v -0.005000 2.931000 1.255000
v -0.005000 2.931000 1.245000
v -0.005000 2.956000 2.500000
v -0.005000 2.956000 2.494000
v -0.005000 2.956000 2.480000
v -0.005000 2.956000 2.470000
v -0.005000 2.956000 1.895000
v -0.005000 2.956000 1.889000
v -0.005000 2.956000 1.875000
v -0.005000 2.956000 1.865000
v -0.005000 2.956000 1.290000
v -0.005000 2.956000 1.284000
v -0.005000 2.956000 1.270000
v -0.005000 2.956000 1.260000
v -0.005000 3.206000 2.500000
v -0.005000 3.206000 2.494000
v -0.005000 3.206000 2.480000
v -0.005000 3.206000 2.470000
v -0.005000 3.206000 1.895000
v -0.005000 3.206000 1.889000
v -0.005000 3.206000 1.875000
v -0.005000 3.206000 1.865000
v -0.005000 3.206000 1.290000
v -0.005000 3.206000 1.284000
v -0.005000 3.206000 1.270000
v -0.005000 3.206000 1.260000
v -0.005000 3.231000 2.515000
v -0.005000 3.231000 2.504999
v -0.005000 3.231000 2.465000
v -0.005000 3.231000 2.455000
v -0.005000 3.231000 1.910000
v -0.005000 3.231000 1.899999
v -0.005000 3.231000 1.860000
v -0.005000 3.231000 1.850000
v -0.005000 3.231000 1.305000
v -0.005000 3.231000 1.294999
v -0.005000 3.231000 1.255000
v -0.005000 3.231000 1.245000
v -0.005000 3.331000 2.515000
v -0.005000 3.331000 2.500000
v -0.005000 3.331000 2.470000
v -0.005000 3.331000 2.455000
v -0.005000 3.331000 1.910000
v -0.005000 3.331000 1.895000
v -0.005000 3.331000 1.865000
v -0.005000 3.331000 1.850000
v -0.005000 3.331000 1.305000
v -0.005000 3.331000 1.290000
v -0.005000 3.331000 1.260000
v -0.005000 3.331000 1.245000
v -0.282500 2.831000 2.515000
v -0.282500 2.831000 2.500000
v -0.282500 2.831000 2.470000
v -0.282500 2.831000 2.455000
v -0.282500 2.831000 1.910000
v -0.282500 2.831000 1.895000
v -0.282500 2.831000 1.865000
v -0.282500 2.831000 1.850000
v -0.282500 2.831000 1.305000
v -0.282500 2.831000 1.290000
v -0.282500 2.831000 1.260000
v -0.282500 2.831000 1.245000
v -0.282500 2.931000 2.515000
v -0.282500 2.931000 2.504999
v -0.282500 2.931000 2.465000
v -0.282500 2.931000 2.455000
v -0.282500 2.931000 1.910000
v -0.282500 2.931000 1.899999
v -0.282500 2.931000 1.860000
v -0.282500 2.931000 1.850000
v -0.282500 2.931000 1.305000
v -0.282500 2.931000 1.294999
v -0.282500 2.931000 1.255000
v -0.282500 2.931000 1.245000
v -0.282500 2.956000 2.500000
v -0.282500 2.956000 2.494000
v -0.282500 2.956000 2.480000
v -0.282500 2.956000 2.470000
v -0.282500 2.956000 1.895000
v -0.282500 2.956000 1.889000
v -0.282500 2.956000 1.875000
v -0.282500 2.956000 1.865000
v -0.282500 2.956000 1.290000
v -0.282500 2.956000 1.284000
v -0.282500 2.956000 1.270000
v -0.282500 2.956000 1.260000
v -0.282500 3.206000 2.500000
v -0.282500 3.206000 2.494000
v -0.282500 3.206000 2.480000
v -0.282500 3.206000 2.470000
v -0.282500 3.206000 1.895000
v -0.282500 3.206000 1.889000
v -0.282500 3.206000 1.875000
v -0.282500 3.206000 1.865000
v -0.282500 3.206000 1.290000
v -0.282500 3.206000 1.284000
v -0.282500 3.206000 1.270000
v -0.282500 3.206000 1.260000
v -0.282500 3.231000 2.515000
v -0.282500 3.231000 2.504999
v -0.282500 3.231000 2.465000
v -0.282500 3.231000 2.455000
v -0.282500 3.231000 1.910000
v -0.282500 3.231000 1.899999
v -0.282500 3.231000 1.860000
v -0.282500 3.231000 1.850000
v -0.282500 3.231000 1.305000
v -0.282500 3.231000 1.294999
v -0.282500 3.231000 1.255000
v -0.282500 3.231000 1.245000
v -0.282500 3.331000 2.515000
v -0.282500 3.331000 2.500000
v -0.282500 3.331000 2.470000
v -0.282500 3.331000 2.455000
v -0.282500 3.331000 1.910000
v -0.282500 3.331000 1.895000
v -0.282500 3.331000 1.865000
v -0.282500 3.331000 1.850000
v -0.282500 3.331000 1.305000
v -0.282500 3.331000 1.290000
v -0.282500 3.331000 1.260000
v -0.282500 3.331000 1.245000
v -0.297500 2.831000 2.455000
v -0.297500 2.831000 1.910000
v -0.297500 2.831000 1.850000
v -0.297500 2.831000 1.305000
v -0.297500 2.931000 2.465000
v -0.297500 2.931000 2.455000
v -0.297500 2.931000 1.910000
v -0.297500 2.931000 1.899999
v -0.297500 2.931000 1.860000
v -0.297500 2.931000 1.850000
v -0.297500 2.931000 1.305000
v -0.297500 2.931000 1.294999
v -0.297500 2.956000 2.465000
v -0.297500 2.956000 1.899999
v -0.297500 2.956000 1.860000
v -0.297500 2.956000 1.294999
v -0.297500 3.206000 2.465000
v -0.297500 3.206000 1.899999
v -0.297500 3.206000 1.860000
v -0.297500 3.206000 1.294999
v -0.297500 3.231000 2.465000
v -0.297500 3.231000 2.455000
v -0.297500 3.231000 1.910000
v -0.297500 3.231000 1.899999
v -0.297500 3.231000 1.860000
v -0.297500 3.231000 1.850000
v -0.297500 3.231000 1.305000
v -0.297500 3.231000 1.294999
v -0.297500 3.331000 2.455000
v -0.297500 3.331000 1.910000
v -0.297500 3.331000 1.850000
v -0.297500 3.331000 1.305000
v -0.303500 2.956000 2.465000
v -0.303500 2.956000 1.899999
v -0.303500 2.956000 1.860000
v -0.303500 2.956000 1.294999
v -0.303500 3.206000 2.465000
v -0.303500 3.206000 1.899999
v -0.303500 3.206000 1.860000
v -0.303500 3.206000 1.294999
v -0.321000 2.956000 2.465000
v -0.321000 2.956000 1.899999
v -0.321000 2.956000 1.860000
v -0.321000 2.956000 1.294999
v -0.321000 3.206000 2.465000
v -0.321000 3.206000 1.899999
v -0.321000 3.206000 1.860000
v -0.321000 3.206000 1.294999
v -0.327500 2.831000 2.455000
v -0.327500 2.831000 1.910000
v -0.327500 2.831000 1.850000
v -0.327500 2.831000 1.305000
v -0.327500 2.931000 2.465000
v -0.327500 2.931000 2.455000
v -0.327500 2.931000 1.910000
v -0.327500 2.931000 1.899999
v -0.327500 2.931000 1.860000
v -0.327500 2.931000 1.850000
v -0.327500 2.931000 1.305000
v -0.327500 2.931000 1.294999
v -0.327500 2.956000 2.465000
v -0.327500 2.956000 1.899999
v -0.327500 2.956000 1.860000
v -0.327500 2.956000 1.294999
v -0.327500 3.206000 2.465000
v -0.327500 3.206000 1.899999
v -0.327500 3.206000 1.860000
v -0.327500 3.206000 1.294999
v -0.327500 3.231000 2.465000
v -0.327500 3.231000 2.455000
v -0.327500 3.231000 1.910000
v -0.327500 3.231000 1.899999
v -0.327500 3.231000 1.860000
v -0.327500 3.231000 1.850000
v -0.327500 3.231000 1.305000
v -0.327500 3.231000 1.294999
v -0.327500 3.331000 2.455000
v -0.327500 3.331000 1.910000
v -0.327500 3.331000 1.850000
v -0.327500 3.331000 1.305000
v -0.342500 2.831000 2.515000
v -0.342500 2.831000 2.500000
v -0.342500 2.831000 2.470000
v -0.342500 2.831000 2.455000
v -0.342500 2.831000 1.910000
v -0.342500 2.831000 1.895000
v -0.342500 2.831000 1.865000
v -0.342500 2.831000 1.850000
v -0.342500 2.831000 1.305000
v -0.342500 2.831000 1.290000
v -0.342500 2.831000 1.260000
v -0.342500 2.831000 1.245000
v -0.342500 2.931000 2.515000
v -0.342500 2.931000 2.504999
v -0.342500 2.931000 2.465000
v -0.342500 2.931000 2.455000
v -0.342500 2.931000 1.910000
v -0.342500 2.931000 1.899999
v -0.342500 2.931000 1.860000
v -0.342500 2.931000 1.850000
v -0.342500 2.931000 1.305000
v -0.342500 2.931000 1.294999
v -0.342500 2.931000 1.255000
v -0.342500 2.931000 1.245000
v -0.342500 2.956000 2.500000
v -0.342500 2.956000 2.494000
v -0.342500 2.956000 2.480000
v -0.342500 2.956000 2.470000
v -0.342500 2.956000 1.895000
v -0.342500 2.956000 1.889000
v -0.342500 2.956000 1.875000
v -0.342500 2.956000 1.865000
v -0.342500 2.956000 1.290000
v -0.342500 2.956000 1.284000
v -0.342500 2.956000 1.270000
v -0.342500 2.956000 1.260000
v -0.342500 3.206000 2.500000
v -0.342500 3.206000 2.494000
v -0.342500 3.206000 2.480000
v -0.342500 3.206000 2.470000
v -0.342500 3.206000 1.895000
v -0.342500 3.206000 1.889000
v -0.342500 3.206000 1.875000
v -0.342500 3.206000 1.865000
v -0.342500 3.206000 1.290000
v -0.342500 3.206000 1.284000
v -0.342500 3.206000 1.270000
v -0.342500 3.206000 1.260000
v -0.342500 3.231000 2.515000
v -0.342500 3.231000 2.504999
v -0.342500 3.231000 2.465000
v -0.342500 3.231000 2.455000
v -0.342500 3.231000 1.910000
v -0.342500 3.231000 1.899999
v -0.342500 3.231000 1.860000
v -0.342500 3.231000 1.850000
v -0.342500 3.231000 1.305000
v -0.342500 3.231000 1.294999
v -0.342500 3.231000 1.255000
v -0.342500 3.231000 1.245000
v -0.342500 3.331000 2.515000
v -0.342500 3.331000 2.500000
v -0.342500 3.331000 2.470000
v -0.342500 3.331000 2.455000
v -0.342500 3.331000 1.910000
v -0.342500 3.331000 1.895000
v -0.342500 3.331000 1.865000
v -0.342500 3.331000 1.850000
v -0.342500 3.331000 1.305000
v -0.342500 3.331000 1.290000
v -0.342500 3.331000 1.260000
v -0.342500 3.331000 1.245000
v -0.500000 2.831000 1.895000
v -0.500000 2.831000 1.865000
v -0.500963 2.850603 1.895000
v -0.500963 2.850603 1.865000
v -0.503842 2.870018 1.895000
v -0.503842 2.870018 1.865000
v -0.508612 2.889057 1.895000
v -0.508612 2.889057 1.865000
v -0.515223 2.907536 1.895000
v -0.515223 2.907536 1.865000
v -0.523616 2.925279 1.895000
v -0.523616 2.925279 1.865000
v -0.530000 2.831000 1.290000
v -0.530000 2.831000 1.260000
v -0.530818 2.847663 1.290000
v -0.530818 2.847663 1.260000
v -0.533266 2.864165 1.290000
v -0.533266 2.864165 1.260000
v -0.533706 2.942114 1.895000
v -0.533706 2.942114 1.865000
v -0.537320 2.880348 1.290000
v -0.537320 2.880348 1.260000
v -0.542940 2.896056 1.290000
v -0.542940 2.896056 1.260000
v -0.544005 2.956000 1.895000
v -0.544005 2.956000 1.889000
v -0.544005 2.956000 1.875000
v -0.544005 2.956000 1.865000
v -0.545398 2.957878 1.889000
v -0.545398 2.957878 1.875000
v -0.550072 2.911137 1.290000
v -0.550072 2.911137 1.260000
v -0.558578 2.972421 1.889000
v -0.558578 2.972421 1.875000
v -0.558650 2.925446 1.290000
v -0.558650 2.925446 1.260000
v -0.568588 2.938846 1.290000
v -0.568588 2.938846 1.260000
v -0.573121 2.985602 1.889000
v -0.573121 2.985602 1.875000
v -0.579792 2.951208 1.290000
v -0.579792 2.951208 1.260000
v -0.585079 2.956000 1.290000
v -0.585079 2.956000 1.284000
v -0.585079 2.956000 1.270000
v -0.585079 2.956000 1.260000
v -0.588885 2.997293 1.889000
v -0.588885 2.997293 1.875000
v -0.592152 2.962412 1.284000
v -0.592152 2.962412 1.270000
v -0.605552 2.972350 1.284000
v -0.605552 2.972350 1.270000
v -0.605720 3.007384 1.889000
v -0.605720 3.007384 1.875000
v -0.619862 2.980926 1.284000
v -0.619862 2.980926 1.270000
v -0.623462 3.015775 1.889000
v -0.623462 3.015775 1.875000
v -0.634944 2.988059 1.284000
v -0.634944 2.988059 1.270000
v -0.640000 2.831000 2.515000
v -0.640000 2.831000 2.500000
v -0.640000 2.831000 2.470000
v -0.640000 2.831000 2.455000
v -0.640000 2.931000 2.515000
v -0.640000 2.931000 2.504999
v -0.640000 2.931000 2.465000
v -0.640000 2.931000 2.455000
v -0.640000 2.956000 2.500000
v -0.640000 2.956000 2.494000
v -0.640000 2.956000 2.480000
v -0.640000 2.956000 2.470000
v -0.640000 2.989868 1.294999
v -0.640000 2.989868 1.284000
v -0.640000 2.989868 1.270000
v -0.640000 2.989868 1.255000
v -0.640000 3.021692 1.899999
v -0.640000 3.021692 1.889000
v -0.640000 3.021692 1.875000
v -0.640000 3.021692 1.860000
v -0.640000 3.206000 2.500000
v -0.640000 3.206000 2.494000
v -0.640000 3.206000 2.480000
v -0.640000 3.206000 2.470000
v -0.640000 3.206000 1.895000
v -0.640000 3.206000 1.889000
v -0.640000 3.206000 1.875000
v -0.640000 3.206000 1.865000
v -0.640000 3.206000 1.290000
v -0.640000 3.206000 1.284000
v -0.640000 3.206000 1.270000
v -0.640000 3.206000 1.260000
v -0.640000 3.231000 2.515000
v -0.640000 3.231000 2.504999
v -0.640000 3.231000 2.465000
v -0.640000 3.231000 2.455000
v -0.640000 3.231000 1.910000
v -0.640000 3.231000 1.899999
v -0.640000 3.231000 1.860000
v -0.640000 3.231000 1.850000
v -0.640000 3.231000 1.305000
v -0.640000 3.231000 1.294999
v -0.640000 3.231000 1.255000
v -0.640000 3.231000 1.245000
v -0.640000 3.331000 2.515000
v -0.640000 3.331000 2.500000
v -0.640000 3.331000 2.470000
v -0.640000 3.331000 2.455000
v -0.640000 3.331000 1.910000
v -0.640000 3.331000 1.895000
v -0.640000 3.331000 1.865000
v -0.640000 3.331000 1.850000
v -0.640000 3.331000 1.305000
v -0.640000 3.331000 1.290000
v -0.640000 3.331000 1.260000
v -0.640000 3.331000 1.245000
v -0.641943 3.022387 1.899999
v -0.641943 3.022387 1.860000
v -0.650651 2.993680 1.294999
v -0.650651 2.993680 1.255000
v -0.660981 3.027157 1.899999
v -0.660981 3.027157 1.860000
v -0.666835 2.997733 1.294999
v -0.666835 2.997733 1.255000
v -0.680396 3.030037 1.899999
v -0.680396 3.030037 1.860000
v -0.683337 3.000181 1.294999
v -0.683337 3.000181 1.255000
v -0.700000 3.000999 1.294999
v -0.700000 3.000999 1.255000
v -0.700000 3.031000 1.899999
v -0.700000 3.031000 1.860000
v -0.700000 2.831000 2.515000
v -0.700000 2.831000 2.455000
v -0.700000 2.931000 2.515000
v -0.700000 2.931000 2.504999
v -0.700000 2.931000 2.465000
v -0.700000 2.931000 2.455000
v -0.700000 3.000999 1.294999
v -0.700000 3.000999 1.255000
v -0.700000 3.031000 1.899999
v -0.700000 3.031000 1.860000
v -0.700000 3.231000 2.515000
v -0.700000 3.231000 2.504999
v -0.700000 3.231000 2.465000
v -0.700000 3.231000 2.455000
v -0.700000 3.231000 1.910000
v -0.700000 3.231000 1.899999
v -0.700000 3.231000 1.860000
v -0.700000 3.231000 1.850000
v -0.700000 3.231000 1.305000
v -0.700000 3.231000 1.294999
v -0.700000 3.231000 1.255000
v -0.700000 3.231000 1.245000
v -0.700000 3.331000 2.515000
v -0.700000 3.331000 2.455000
v -0.700000 3.331000 1.910000
v -0.700000 3.331000 1.850000
v -0.700000 3.331000 1.305000
v -0.700000 3.331000 1.245000
vn 1.000000 0.000000 0.000000
vn 1.000000 0.000000 0.000000
vn 1.000000 -0.000000 0.000000
vn 1.000000 -0.000000 0.000000
vn 1.000000 0.000000 -0.000000
vn 1.000000 0.000000 0.000000
vn 0.000000 0.000000 -1.000000
vn 0.000000 0.000000 -1.000000
vn -0.000000 0.000000 -1.000000
vn 0.000000 0.000000 -1.000000
vn 0.000000 0.000000 -1.000000
vn 0.000000 0.000000 -1.000000
vn 0.000000 0.000000 -1.000000
vn 0.000000 0.000000 -1.000000
vn 0.000000 0.000000 -1.000000
vn -0.000000 0.000000 -1.000000
vn 0.000000 0.000000 -1.000000
vn 0.000000 0.000000 -1.000000
vn 0.000000 0.000000 -1.000000
vn 0.000000 0.000000 -1.000000
vn 0.000000 0.000000 -1.000000
vn 0.000000 0.000000 -1.000000
vn 0.000000 0.000000 -1.000000
vn 0.000000 0.000000 -1.000000
vn 0.000000 0.000000 -1.000000
vn 0.000000 0.000000 -1.000000
vn 0.000000 0.000000 -1.000000
vn 0.000000 -0.000000 -1.000000
vn 0.000000 0.000000 -1.000000
vn 0.000000 0.000000 -1.000000
vn 0.000000 0.000000 -0.000000
vn 0.000000 0.000000 0.000000
vn 0.000000 0.000000 -1.000000
vn 0.000000 0.000000 -1.000000
vn 0.000000 0.000000 -1.000000
vn 0.000000 0.000000 -1.000000
vn 0.000000 0.000000 -1.000000
vn 0.000000 0.000000 -1.000000
vn 0.000000 0.000000 -1.000000
vn 0.000000 0.000000 -1.000000
vn 0.000000 -0.000000 1.000000
vn 0.000000 -0.000000 1.000000
vn 0.000000 0.000000 1.000000
vn 0.000000 -0.000000 1.000000
vn 0.000000 -0.000000 1.000000
vn 0.000000 -0.000000 1.000000
vn 0.000000 -0.000000 1.000000
vn 0.000000 -0.000000 1.000000
vn 0.000000 -0.000000 1.000000
vn 0.000000 0.000000 1.000000
vn 0.000000 0.000000 1.000000
vn 0.000000 0.000000 1.000000
vn 0.000000 0.000000 1.000000
vn 0.000000 0.000000 1.000000
vn 0.000000 -0.000000 1.000000
vn -0.000000 -0.000000 1.000000
vn 0.000000 -0.000000 1.000000
vn -0.000000 0.000000 1.000000
vn -0.000000 0.000000 1.000000
vn -0.000000 0.000000 1.000000
vn -0.000000 0.000000 1.000000
vn -0.000000 0.000000 1.000000
vn -0.000000 0.000000 1.000000
vn -0.000000 0.000000 1.000000
vn 0.000000 0.000000 0.000000
vn 0.000000 0.000000 -0.000000
vn 0.000000 0.000000 1.000000
vn 0.000000 0.000000 1.000000
vn 0.000000 0.000000 1.000000
vn 0.000000 0.000000 1.000000
vn 0.000000 0.000000 1.000000
vn 0.000000 0.000000 1.000000
vn 0.000000 0.000000 1.000000
vn 0.000000 0.000000 1.000000
vn 0.000000 0.000000 0.000000
vn 0.000000 -1.000000 0.000000
vn 0.000000 -1.000000 0.000000
vn 0.000000 -1.000000 0.000000
vn -0.000000 -1.000000 0.000000
vn -0.000000 -1.000000 0.000000
vn -0.000000 -1.000000 0.000000
vn 0.000000 -1.000000 0.000000
vn -0.000000 0.000000 0.000000
vn 0.000000 -1.000000 0.000000
vn 0.000000 -1.000000 0.000000
vn 0.000000 -1.000000 0.000000
vn 0.000000 -1.000000 0.000000
vn -0.000000 -1.000000 0.000000
vn 0.000000 -1.000000 0.000000
vn 0.000000 -1.000000 0.000000
vn 0.000000 -1.000000 0.000000
vn -0.000000 -1.000000 0.000000
vn 0.000000 -1.000000 0.000000
vn 0.000000 -1.000000 0.000000
vn 0.000000 -1.000000 0.000000
vn -0.000000 -1.000000 0.000000
vn 0.000000 -1.000000 0.000000
vn 0.000000 -1.000000 0.000000
vn 0.000000 -1.000000 0.000000
vn 0.000000 -1.000000 0.000000
vn 0.000000 -1.000000 0.000000
vn 0.000000 -1.000000 0.000000
vn 0.000000 -1.000000 0.000000
vn -0.000000 -1.000000 -0.000000
vn 0.000000 -1.000000 0.000000
vn -0.000000 -1.000000 0.000000
vn 0.000000 -1.000000 0.000000
vn -0.000000 -1.000000 -0.000000
vn 0.000000 -1.000000 0.000000
vn -0.000000 -1.000000 0.000000
vn 0.000000 -1.000000 0.000000
vn -0.000000 -1.000000 -0.000000
vn 0.000000 -1.000000 0.000000
vn -0.000000 -1.000000 0.000000
vn 0.000000 -1.000000 0.000000
vn 0.000000 -1.000000 0.000000
vn 0.000000 -1.000000 0.000000
vn 0.000000 -1.000000 0.000000
vn -0.000000 -1.000000 0.000000
vn -0.000000 -1.000000 0.000000
vn 0.000000 -1.000000 0.000000
vn -0.000000 -1.000000 -0.000000
vn 0.000000 -1.000000 0.000000
vn 0.000000 -1.000000 0.000000
vn -0.000000 -1.000000 0.000000
vn 0.000000 -1.000000 0.000000
vn -0.000000 -1.000000 0.000000
vn 0.000000 -1.000000 0.000000
vn 0.000000 -1.000000 0.000000
vn 0.000000 -1.000000 0.000000
vn 0.000000 -1.000000 0.000000
vn -0.000000 -1.000000 0.000000
vn 0.000000 -1.000000 0.000000
vn 0.000000 -1.000000 0.000000
vn 0.000000 -1.000000 0.000000
vn -0.000000 -1.000000 0.000000
vn 0.000000 -1.000000 0.000000
vn 0.000000 -1.000000 0.000000
vn 0.000000 -1.000000 0.000000
vn -0.000000 -1.000000 0.000000
vn 0.000000 -1.000000 0.000000
vn 0.000000 -1.000000 0.000000
vn 0.000000 -1.000000 0.000000
vn 0.000000 -1.000000 0.000000
vn 0.000000 -1.000000 0.000000
vn 0.000000 -1.000000 0.000000
vn 0.000000 -1.000000 0.000000
vn -0.000000 -1.000000 -0.000000
vn 0.000000 -1.000000 0.000000
vn -0.000000 -1.000000 0.000000
vn 0.000000 -1.000000 0.000000
vn -0.000000 -1.000000 -0.000000
vn 0.000000 -1.000000 0.000000
vn -0.000000 -1.000000 0.000000
vn 0.000000 -1.000000 0.000000
vn -0.000000 -1.000000 -0.000000
vn 0.000000 -1.000000 0.000000
vn -0.000000 -1.000000 0.000000
vn 0.000000 -1.000000 0.000000
vn 0.000000 -1.000000 0.000000
vn 0.000000 -1.000000 0.000000
vn 0.000000 -1.000000 0.000000
vn -0.000000 -1.000000 0.000000
vn -0.000000 -1.000000 0.000000
vn 0.000000 -1.000000 0.000000
vn -0.000000 -1.000000 -0.000000
vn 0.000000 -1.000000 0.000000
vn 0.000000 -1.000000 0.000000
vn -0.000000 -1.000000 0.000000
vn 0.000000 -1.000000 0.000000
vn -0.000000 -1.000000 0.000000
vn 0.000000 -1.000000 0.000000
vn 0.000000 -1.000000 0.000000
vn 0.000000 -1.000000 0.000000
vn 0.000000 -1.000000 0.000000
vn 0.000000 -1.000000 0.000000
vn 0.000000 -1.000000 0.000000
vn 0.000000 -1.000000 0.000000
vn 0.000000 -1.000000 0.000000
vn 0.000000 -1.000000 0.000000
vn 0.000000 -1.000000 0.000000
vn 0.000000 -1.000000 0.000000
vn 0.000000 -1.000000 0.000000
vn 0.000000 -1.000000 0.000000
vn -0.000000 -1.000000 0.000000
vn 0.000000 -1.000000 0.000000
vn -0.000000 -1.000000 0.000000
vn 0.000000 -1.000000 0.000000
vn -0.000000 -1.000000 0.000000
vn -0.000000 -1.000000 0.000000
vn -0.000000 -1.000000 -0.000000
vn 0.000000 -1.000000 0.000000
vn 0.000000 -1.000000 0.000000
vn 0.000000 -1.000000 0.000000
vn 0.000000 -1.000000 0.000000
vn 0.000000 -1.000000 0.000000
vn 0.000000 -1.000000 0.000000
vn 0.000000 -1.000000 0.000000
vn 0.000000 -1.000000 0.000000
vn 0.000000 -1.000000 0.000000
vn 0.000000 1.000000 0.000000
vn 0.000000 1.000000 0.000000
vn 0.000000 1.000000 0.000000
vn 0.000000 1.000000 0.000000
vn 0.000000 1.000000 0.000000
vn 0.000000 1.000000 0.000000
vn 0.000000 1.000000 0.000000
vn 0.000000 1.000000 0.000000
vn 0.000000 1.000000 -0.000000
vn 0.000000 1.000000 0.000000
vn 0.000000 1.000000 0.000000
vn 0.000000 1.000000 0.000000
vn -0.000000 1.000000 0.000000
vn -0.000000 1.000000 0.000000
vn 0.000000 1.000000 0.000000
vn -0.000000 1.000000 0.000000
vn 0.000000 1.000000 0.000000
vn -0.000000 1.000000 0.000000
vn 0.000000 1.000000 -0.000000
vn 0.000000 1.000000 0.000000
vn 0.000000 1.000000 0.000000
vn 0.000000 1.000000 0.000000
vn 0.000000 1.000000 0.000000
vn -0.000000 1.000000 0.000000
vn 0.000000 1.000000 -0.000000
vn 0.000000 1.000000 0.000000
vn 0.000000 1.000000 0.000000
vn -0.000000 1.000000 0.000000
vn 0.000000 1.000000 -0.000000
vn 0.000000 1.000000 0.000000
vn 0.000000 1.000000 0.000000
vn -0.000000 1.000000 0.000000
vn 0.000000 1.000000 -0.000000
vn 0.000000 1.000000 0.000000
vn 0.000000 1.000000 0.000000
vn 0.000000 1.000000 0.000000
vn 0.000000 1.000000 0.000000
vn 0.000000 1.000000 0.000000
vn 0.000000 1.000000 0.000000
vn 0.000000 1.000000 0.000000
vn 0.000000 1.000000 0.000000
vn -0.000000 1.000000 0.000000
vn 0.000000 1.000000 0.000000
vn -0.000000 1.000000 0.000000
vn 0.000000 1.000000 0.000000
vn -0.000000 1.000000 0.000000
vn 0.000000 1.000000 0.000000
vn -0.000000 1.000000 0.000000
vn 0.000000 1.000000 0.000000
vn -0.000000 1.000000 0.000000
vn 0.000000 1.000000 0.000000
vn -0.000000 1.000000 0.000000
vn 0.000000 1.000000 0.000000
vn 0.000000 1.000000 -0.000000
vn 0.000000 1.000000 0.000000
vn 0.000000 1.000000 0.000000
vn 0.000000 1.000000 0.000000
vn -0.000000 1.000000 0.000000
vn -0.000000 1.000000 0.000000
vn 0.000000 1.000000 0.000000
vn -0.000000 1.000000 0.000000
vn 0.000000 1.000000 0.000000
vn -0.000000 1.000000 0.000000
vn 0.000000 1.000000 -0.000000
vn 0.000000 1.000000 0.000000
vn 0.000000 1.000000 0.000000
vn 0.000000 1.000000 0.000000
vn 0.000000 1.000000 0.000000
vn -0.000000 1.000000 0.000000
vn 0.000000 1.000000 -0.000000
vn 0.000000 1.000000 0.000000
vn 0.000000 1.000000 0.000000
vn -0.000000 1.000000 0.000000
vn 0.000000 1.000000 -0.000000
vn 0.000000 1.000000 0.000000
vn 0.000000 1.000000 0.000000
vn -0.000000 1.000000 0.000000
vn 0.000000 1.000000 -0.000000
vn 0.000000 1.000000 0.000000
vn 0.000000 1.000000 0.000000
vn 0.000000 1.000000 0.000000
vn 0.000000 1.000000 0.000000
vn 0.000000 1.000000 0.000000
vn 0.000000 1.000000 0.000000
vn 0.000000 1.000000 0.000000
vn 0.000000 1.000000 0.000000
vn -0.000000 1.000000 0.000000
vn 0.000000 1.000000 0.000000
vn -0.000000 1.000000 0.000000
vn 0.000000 1.000000 0.000000
vn -0.000000 1.000000 0.000000
vn 0.000000 1.000000 0.000000
vn -0.000000 1.000000 0.000000
vn 0.000000 1.000000 0.000000
vn -0.000000 1.000000 0.000000
vn 0.000000 1.000000 0.000000
vn -0.000000 1.000000 0.000000
vn 0.000000 1.000000 0.000000
vn 0.000000 1.000000 -0.000000
vn 0.000000 1.000000 0.000000
vn 0.000000 1.000000 0.000000
vn 0.000000 1.000000 0.000000
vn -0.000000 1.000000 0.000000
vn -0.000000 1.000000 0.000000
vn 0.000000 1.000000 0.000000
vn -0.000000 1.000000 0.000000
vn 0.000000 1.000000 0.000000
vn -0.000000 1.000000 0.000000
vn 0.000000 1.000000 -0.000000
vn 0.000000 1.000000 0.000000
vn 0.000000 1.000000 0.000000
vn 0.000000 1.000000 0.000000
vn 0.000000 1.000000 0.000000
vn 0.000000 1.000000 0.000000
vn 0.000000 1.000000 0.000000
vn 0.000000 1.000000 0.000000
vn 0.000000 1.000000 0.000000
vn 0.000000 1.000000 0.000000
vn 0.000000 1.000000 0.000000
vn 0.000000 1.000000 0.000000
vn 0.000000 1.000000 0.000000
vn -0.000000 1.000000 0.000000
vn 0.000000 1.000000 0.000000
vn -0.000000 1.000000 0.000000
vn 0.000000 1.000000 0.000000
vn -0.000000 1.000000 0.000000
vn 0.000000 0.000000 0.000000
vn 0.000000 -0.000000 0.000000
vn 0.000000 1.000000 0.000000
vn 0.000000 1.000000 0.000000
vn 0.000000 1.000000 0.000000
vn 0.000000 1.000000 0.000000
vn -0.000000 1.000000 0.000000
vn 0.000000 1.000000 0.000000
vn -0.000000 1.000000 0.000000
vn 0.000000 1.000000 0.000000
vn -0.000000 1.000000 0.000000
vn 0.000000 0.000000 0.000000
vn 0.000000 -0.000000 0.000000
vn 0.000000 1.000000 0.000000
vn 0.000000 1.000000 0.000000
vn 0.000000 1.000000 0.000000
vn 0.000000 1.000000 0.000000
vn -0.000000 1.000000 0.000000
vn 0.000000 1.000000 0.000000
vn -0.000000 1.000000 0.000000
vn 0.000000 1.000000 0.000000
vn -0.000000 1.000000 0.000000
vn 0.000000 0.000000 0.000000
vn 0.000000 -0.000000 0.000000
vn 0.000000 0.000000 0.000000
vn 0.000000 0.000000 -0.000000
vn 0.000000 -0.000000 1.000000
vn 0.000000 0.000000 1.000000
vn 0.000000 -0.000000 1.000000
vn 0.000000 -0.000000 1.000000
vn 0.000000 -0.000000 1.000000
vn 0.000000 -0.000000 1.000000
vn -0.000000 0.000000 1.000000
vn 0.000000 0.000000 1.000000
vn 0.000000 0.000000 1.000000
vn 0.000000 0.000000 1.000000
vn 0.000000 0.000000 1.000000
vn -0.000000 0.000000 1.000000
vn -0.000000 -0.000000 1.000000
vn -0.000000 -0.000000 1.000000
vn -0.000000 -0.000000 1.000000
vn 0.000000 -0.000000 1.000000
vn 0.000000 -0.000000 1.000000
vn -0.000000 0.000000 1.000000
vn 0.000000 1.000000 0.000000
vn 0.000000 1.000000 0.000000
vn 0.000000 1.000000 0.000000
vn 0.000000 1.000000 0.000000
vn 0.000000 1.000000 0.000000
vn 0.000000 1.000000 0.000000
vn 0.000000 1.000000 0.000000
vn 0.000000 1.000000 0.000000
vn 0.000000 0.000000 0.000000
vn 0.000000 -0.000000 0.000000
vn 0.000000 -1.000000 0.000000
vn 0.000000 -1.000000 0.000000
vn 0.000000 -1.000000 0.000000
vn 0.000000 -1.000000 0.000000
vn 0.000000 -1.000000 0.000000
vn 0.000000 -1.000000 0.000000
vn 0.000000 -1.000000 0.000000
vn 0.000000 -1.000000 0.000000
vn 0.000000 0.000000 0.000000
vn 0.000000 -0.000000 0.000000
vn 0.000000 -1.000000 0.000000
vn 0.000000 -1.000000 0.000000
vn 0.000000 -1.000000 0.000000
vn 0.000000 -1.000000 0.000000
vn 0.000000 -1.000000 0.000000
vn 0.000000 -1.000000 0.000000
vn 0.000000 -1.000000 0.000000
vn 0.000000 -1.000000 0.000000
vn 0.000000 0.000000 -0.000000
vn 0.000000 0.000000 0.000000
vn 0.000000 0.000000 -1.000000
vn 0.000000 0.000000 -1.000000
vn 0.000000 0.000000 -1.000000
vn 0.000000 0.000000 -1.000000
vn -0.000000 0.000000 -1.000000
vn -0.000000 0.000000 -1.000000
vn -0.000000 0.000000 -1.000000
vn 0.000000 0.000000 -1.000000
vn 0.000000 0.000000 -1.000000
vn 0.000000 0.000000 -1.000000
vn 0.000000 0.000000 -1.000000
vn 0.000000 0.000000 -1.000000
vn 0.000000 0.000000 -1.000000
vn 0.000000 0.000000 -1.000000
vn 0.000000 0.000000 -1.000000
vn 0.000000 0.000000 -1.000000
vn 0.000000 0.000000 -1.000000
vn 0.000000 0.000000 -1.000000
vn 0.000000 1.000000 0.000000
vn 0.000000 1.000000 0.000000
vn 0.000000 1.000000 0.000000
vn 0.000000 1.000000 0.000000
vn 0.000000 1.000000 0.000000
vn 0.000000 1.000000 0.000000
vn 0.000000 1.000000 0.000000
vn 0.000000 1.000000 0.000000
vn 1.000000 -0.000000 0.000000
vn 1.000000 0.000000 -0.000000
vn 1.000000 0.000000 0.000000
vn 1.000000 0.000000 0.000000
vn 1.000000 0.000000 0.000000
vn 1.000000 0.000000 -0.000000
vn 1.000000 0.000000 -0.000000
vn 1.000000 0.000000 -0.000000
vn 1.000000 0.000000 0.000000
vn 1.000000 0.000000 0.000000
vn 1.000000 0.000000 0.000000
vn 1.000000 0.000000 0.000000
vn 0.000000 0.000000 -1.000000
vn 0.000000 0.000000 -1.000000
vn 0.000000 0.000000 -1.000000
vn 0.000000 0.000000 -1.000000
vn -0.000000 0.000000 -1.000000
vn -1.000000 0.000000 0.000000
vn -1.000000 0.000000 -0.000000
vn -1.000000 -0.000000 0.000000
vn -1.000000 0.000000 0.000000
vn -1.000000 0.000000 0.000000
vn -1.000000 -0.000000 -0.000000
vn -1.000000 0.000000 -0.000000
vn -1.000000 0.000000 -0.000000
vn -1.000000 0.000000 0.000000
vn -1.000000 0.000000 0.000000
vn -1.000000 -0.000000 0.000000
vn -1.000000 0.000000 0.000000
vn 0.000000 0.000000 1.000000
vn 0.000000 -0.000000 1.000000
vn 0.000000 -0.000000 1.000000
vn 0.000000 -0.000000 1.000000
vn -0.000000 0.000000 1.000000
vn 0.000000 0.000000 -1.000000
vn 0.000000 0.000000 -1.000000
vn 0.000000 0.000000 1.000000
vn 0.000000 0.000000 1.000000
vn 0.000000 -1.000000 0.000000
vn 0.000000 -1.000000 0.000000
vn 0.000000 -1.000000 0.000000
vn 0.000000 -1.000000 0.000000
vn 1.000000 0.000000 -0.000000
vn 1.000000 -0.000000 0.000000
vn 1.000000 0.000000 -0.000000
vn 1.000000 0.000000 0.000000
vn 1.000000 0.000000 -0.000000
vn 1.000000 0.000000 -0.000000
vn 1.000000 0.000000 0.000000
vn 1.000000 0.000000 0.000000
vn 1.000000 0.000000 0.000000
vn 1.000000 0.000000 0.000000
vn 1.000000 0.000000 -0.000000
vn 1.000000 0.000000 -0.000000
vn 1.000000 0.000000 0.000000
vn 1.000000 0.000000 0.000000
vn 1.000000 0.000000 0.000000
vn 1.000000 0.000000 0.000000
vn 1.000000 0.000000 0.000000
vn 1.000000 0.000000 0.000000
vn 1.000000 0.000000 -0.000000
vn 1.000000 0.000000 0.000000
vn 0.000000 0.000000 -1.000000
vn 0.000000 0.000000 -1.000000
vn -1.000000 0.000000 -0.000000
vn -1.000000 0.000000 0.000000
vn -1.000000 0.000000 -0.000000
vn -1.000000 -0.000000 0.000000
vn -1.000000 0.000000 -0.000000
vn -1.000000 -0.000000 -0.000000
vn -1.000000 0.000000 0.000000
vn -1.000000 0.000000 0.000000
vn -1.000000 -0.000000 0.000000
vn -1.000000 0.000000 0.000000
vn -1.000000 0.000000 -0.000000
vn -1.000000 0.000000 -0.000000
vn -1.000000 0.000000 0.000000
vn -1.000000 0.000000 0.000000
vn -1.000000 0.000000 0.000000
vn -1.000000 -0.000000 0.000000
vn -1.000000 0.000000 0.000000
vn -1.000000 0.000000 0.000000
vn -1.000000 -0.000000 -0.000000
vn -1.000000 0.000000 0.000000
vn 0.000000 0.000000 1.000000
vn 0.000000 0.000000 1.000000
vn 0.000000 -0.000000 1.000000
vn -0.000000 0.000000 1.000000
vn 0.000000 0.000000 1.000000
vn 0.000000 0.000000 1.000000
vn 0.000000 0.000000 1.000000
vn 0.000000 0.000000 1.000000
vn 0.000000 -0.000000 1.000000
vn 0.000000 0.000000 1.000000
vn 0.000000 -0.000000 1.000000
vn 0.000000 0.000000 1.000000
vn 0.000000 0.000000 -1.000000
vn 0.000000 0.000000 -1.000000
vn 0.000000 0.000000 1.000000
vn 0.000000 0.000000 1.000000
vn 0.000000 0.000000 1.000000
vn 0.000000 0.000000 1.000000
vn 0.000000 -1.000000 0.000000
vn 0.000000 -1.000000 0.000000
vn 0.000000 -1.000000 0.000000
vn 0.000000 -1.000000 0.000000
vn 0.000000 -1.000000 0.000000
vn 0.000000 -1.000000 0.000000
vn 0.000000 0.000000 -1.000000
vn 0.000000 0.000000 -1.000000
vn 0.000000 1.000000 0.000000
vn 0.000000 1.000000 0.000000
vn 0.000000 1.000000 0.000000
vn 0.000000 1.000000 0.000000
vn 0.000000 1.000000 0.000000
vn 0.000000 1.000000 0.000000
vn 0.000000 0.000000 1.000000
vn 0.000000 0.000000 1.000000
vn 0.000000 0.000000 1.000000
vn 0.000000 0.000000 1.000000
vn 1.000000 0.000000 -0.000000
vn 1.000000 -0.000000 0.000000
vn 1.000000 0.000000 -0.000000
vn 1.000000 0.000000 0.000000
vn 1.000000 0.000000 -0.000000
vn 1.000000 0.000000 -0.000000
vn 1.000000 0.000000 0.000000
vn 1.000000 0.000000 0.000000
vn 1.000000 0.000000 0.000000
vn 1.000000 0.000000 0.000000
vn 1.000000 0.000000 -0.000000
vn 1.000000 0.000000 -0.000000
vn 1.000000 0.000000 0.000000
vn 1.000000 0.000000 0.000000
vn 1.000000 0.000000 0.000000
vn 1.000000 0.000000 0.000000
vn 1.000000 0.000000 0.000000
vn 1.000000 0.000000 0.000000
vn 1.000000 0.000000 -0.000000
vn 1.000000 0.000000 0.000000
vn 0.000000 0.000000 -1.000000
vn 0.000000 0.000000 -1.000000
vn -1.000000 0.000000 -0.000000
vn -1.000000 0.000000 0.000000
vn -1.000000 0.000000 -0.000000
vn -1.000000 -0.000000 0.000000
vn -1.000000 0.000000 -0.000000
vn -1.000000 -0.000000 -0.000000
vn -1.000000 0.000000 0.000000
vn -1.000000 0.000000 0.000000
vn -1.000000 -0.000000 0.000000
vn -1.000000 0.000000 0.000000
vn -1.000000 0.000000 -0.000000
vn -1.000000 0.000000 -0.000000
vn -1.000000 0.000000 0.000000
vn -1.000000 0.000000 0.000000
vn -1.000000 0.000000 0.000000
vn -1.000000 -0.000000 0.000000
vn -1.000000 0.000000 0.000000
vn -1.000000 0.000000 0.000000
vn -1.000000 -0.000000 -0.000000
vn -1.000000 0.000000 0.000000
vn 0.000000 0.000000 1.000000
vn 0.000000 0.000000 1.000000
vn 0.000000 -0.000000 1.000000
vn -0.000000 0.000000 1.000000
vn 0.000000 0.000000 1.000000
vn 0.000000 0.000000 1.000000
vn 0.000000 0.000000 1.000000
vn 0.000000 0.000000 1.000000
vn 0.000000 -0.000000 1.000000
vn 0.000000 0.000000 1.000000
vn 0.000000 -0.000000 1.000000
vn 0.000000 0.000000 1.000000
vn 0.000000 0.000000 -1.000000
vn 0.000000 0.000000 -1.000000
vn 0.000000 0.000000 1.000000
vn 0.000000 0.000000 1.000000
vn 0.000000 0.000000 1.000000
vn 0.000000 0.000000 1.000000
vn 0.000000 -1.000000 0.000000
vn 0.000000 -1.000000 0.000000
vn 0.000000 -1.000000 0.000000
vn 0.000000 -1.000000 0.000000
vn 0.000000 -1.000000 0.000000
vn 0.000000 -1.000000 0.000000
vn 0.000000 0.000000 -1.000000
vn 0.000000 0.000000 -1.000000
vn 0.000000 1.000000 0.000000
vn 0.000000 1.000000 0.000000
vn 0.000000 1.000000 0.000000
vn 0.000000 1.000000 0.000000
vn 0.000000 1.000000 0.000000
vn 0.000000 1.000000 0.000000
vn 0.000000 0.000000 1.000000
vn 0.000000 0.000000 1.000000
vn 0.000000 0.000000 1.000000
vn 0.000000 0.000000 1.000000
vn 1.000000 0.000000 -0.000000
vn 1.000000 -0.000000 0.000000
vn 1.000000 0.000000 -0.000000
vn 1.000000 0.000000 0.000000
vn 1.000000 0.000000 -0.000000
vn 1.000000 0.000000 -0.000000
vn 1.000000 0.000000 0.000000
vn 1.000000 0.000000 0.000000
vn 1.000000 0.000000 0.000000
vn 1.000000 0.000000 0.000000
vn 1.000000 0.000000 -0.000000
vn 1.000000 0.000000 -0.000000
vn 1.000000 0.000000 0.000000
vn 1.000000 0.000000 0.000000
vn 1.000000 0.000000 0.000000
vn 1.000000 0.000000 0.000000
vn 1.000000 0.000000 0.000000
vn 1.000000 0.000000 0.000000
vn 1.000000 0.000000 -0.000000
vn 1.000000 0.000000 0.000000
vn 0.000000 0.000000 -1.000000
vn 0.000000 0.000000 -1.000000
vn -1.000000 0.000000 -0.000000
vn -1.000000 0.000000 0.000000
vn -1.000000 0.000000 -0.000000
vn -1.000000 -0.000000 0.000000
vn -1.000000 0.000000 -0.000000
vn -1.000000 -0.000000 -0.000000
vn -1.000000 0.000000 0.000000
vn -1.000000 0.000000 0.000000
vn -1.000000 -0.000000 0.000000
vn -1.000000 0.000000 0.000000
vn -1.000000 0.000000 -0.000000
vn -1.000000 0.000000 -0.000000
vn -1.000000 0.000000 0.000000
vn -1.000000 0.000000 0.000000
vn -1.000000 0.000000 0.000000
vn -1.000000 -0.000000 0.000000
vn -1.000000 0.000000 0.000000
vn -1.000000 0.000000 0.000000
vn -1.000000 -0.000000 -0.000000
vn -1.000000 0.000000 0.000000
vn 0.000000 0.000000 1.000000
vn 0.000000 0.000000 1.000000
vn 0.000000 -0.000000 1.000000
vn -0.000000 0.000000 1.000000
vn 0.000000 0.000000 1.000000
vn 0.000000 0.000000 1.000000
vn 0.000000 0.000000 1.000000
vn 0.000000 0.000000 1.000000
vn 0.000000 -0.000000 1.000000
vn 0.000000 0.000000 1.000000
vn 0.000000 -0.000000 1.000000
vn 0.000000 0.000000 1.000000
vn 0.000000 0.000000 -1.000000
vn 0.000000 0.000000 -1.000000
vn 0.000000 0.000000 1.000000
vn 0.000000 0.000000 1.000000
vn 0.000000 0.000000 1.000000
vn 0.000000 0.000000 1.000000
vn 0.000000 -1.000000 0.000000
vn 0.000000 -1.000000 0.000000
vn 0.000000 -1.000000 0.000000
vn 0.000000 -1.000000 0.000000
vn 0.000000 -1.000000 0.000000
vn 0.000000 -1.000000 0.000000
vn 0.000000 0.000000 -1.000000
vn 0.000000 0.000000 -1.000000
vn 0.000000 1.000000 0.000000
vn 0.000000 1.000000 0.000000
vn 0.000000 1.000000 0.000000
vn 0.000000 1.000000 0.000000
vn 0.000000 1.000000 0.000000
vn 0.000000 1.000000 0.000000
vn 0.000000 0.000000 1.000000
vn 0.000000 0.000000 1.000000
vn 0.000000 0.000000 1.000000
vn 0.000000 0.000000 1.000000
vn 1.000000 -0.000000 0.000000
vn 1.000000 0.000000 -0.000000
vn 1.000000 0.000000 0.000000
vn 1.000000 0.000000 0.000000
vn 1.000000 0.000000 0.000000
vn 1.000000 0.000000 -0.000000
vn 1.000000 0.000000 -0.000000
vn 1.000000 0.000000 -0.000000
vn 1.000000 0.000000 0.000000
vn 1.000000 0.000000 0.000000
vn 1.000000 0.000000 0.000000
vn 1.000000 0.000000 0.000000
vn 0.000000 0.000000 0.000000
vn 0.000000 0.000000 -1.000000
vn 0.000000 0.000000 -1.000000
vn 0.000000 0.000000 -1.000000
vn 0.000000 0.000000 -1.000000
vn 0.000000 0.000000 -1.000000
vn -1.000000 0.000000 0.000000
vn -1.000000 0.000000 0.000000
vn -1.000000 0.000000 0.000000
vn -1.000000 0.000000 -0.000000
vn -1.000000 0.000000 0.000000
vn -1.000000 0.000000 0.000000
vn 0.000000 0.000000 0.000000
vn -0.000000 0.000000 1.000000
vn 0.000000 -0.000000 1.000000
vn 0.000000 -0.000000 1.000000
vn 0.000000 -0.000000 1.000000
vn -0.000000 0.000000 1.000000
vn 0.000000 0.000000 -1.000000
vn 0.000000 0.000000 -1.000000
vn 0.000000 0.000000 1.000000
vn 0.000000 0.000000 1.000000
vn 0.000000 -1.000000 0.000000
vn 0.000000 -1.000000 0.000000
vn 0.000000 -1.000000 0.000000
vn 0.000000 -1.000000 0.000000
vn 0.998797 -0.049033 0.000000
vn 0.998797 -0.049033 0.000000
vn 0.671589 -0.740923 0.000000
vn 0.671498 -0.741006 0.000000
vn 0.671589 -0.740923 0.000000
vn 0.671498 -0.741006 0.000000
vn 0.671498 -0.741006 0.000000
vn 0.671498 -0.741006 0.000000
vn 0.903986 -0.427562 0.000000
vn 0.903986 -0.427562 0.000000
vn 0.336947 -0.941524 0.000000
vn 0.336862 -0.941554 0.000000
vn 0.336947 -0.941524 0.000000
vn 0.336947 -0.941524 0.000000
vn 0.336947 -0.941524 0.000000
vn 0.336862 -0.941554 0.000000
vn 0.514088 -0.857737 0.000000
vn 0.514088 -0.857737 0.000000
vn 0.970040 -0.242946 0.000000
vn 0.970040 -0.242946 0.000000
vn 0.989175 -0.146740 0.000000
vn 0.989175 -0.146740 0.000000
vn 0.941534 -0.336919 0.000000
vn 0.941534 -0.336919 0.000000
vn 0.803213 -0.595693 0.000000
vn 0.803213 -0.595693 0.000000
vn 0.740959 -0.671550 0.000000
vn 0.740959 -0.671550 0.000000
vn 0.857739 -0.514085 0.000000
vn 0.857739 -0.514085 0.000000
vn 0.146731 -0.989176 0.000000
vn 0.146731 -0.989176 0.000000
vn 0.242951 -0.970039 0.000000
vn 0.242951 -0.970039 0.000000
vn 0.000000 0.000000 0.000000
vn 0.049033 -0.998797 0.000000
vn -0.000000 0.000000 0.000000
vn 0.049033 -0.998797 0.000000
vn 0.049033 -0.998797 0.000000
vn 0.049033 -0.998797 0.000000
vn 0.427565 -0.903985 0.000000
vn 0.427565 -0.903985 0.000000
vn 0.595687 -0.803217 0.000000
vn 0.595687 -0.803217 0.000000
vn -0.049033 -0.998797 0.000000
vn -0.049033 -0.998797 -0.000000
vn -0.740959 -0.671550 0.000000
vn -0.740959 -0.671550 -0.000000
vn -0.427543 -0.903995 0.000000
vn -0.427543 -0.903995 -0.000000
vn -0.904009 -0.427513 0.000000
vn -0.904009 -0.427513 -0.000000
vn -0.857687 -0.514172 0.000000
vn -0.857687 -0.514172 -0.000000
vn -0.242937 -0.970042 0.000000
vn -0.242937 -0.970042 -0.000000
vn 0.000000 0.000000 0.000000
vn 0.000000 -0.000000 0.000000
vn -0.989175 -0.146740 0.000000
vn -0.989175 -0.146740 -0.000000
vn -0.803213 -0.595693 0.000000
vn -0.803213 -0.595693 -0.000000
vn -0.941552 -0.336869 0.000000
vn -0.941552 -0.336869 -0.000000
vn -0.970025 -0.243003 0.000000
vn -0.970025 -0.243003 -0.000000
vn -0.998797 -0.049033 0.000000
vn -0.998797 -0.049033 -0.000000
vn -0.595685 -0.803218 0.000000
vn -0.595685 -0.803218 -0.000000
vn -0.671569 -0.740942 0.000000
vn -0.671642 -0.740876 0.000000
vn -0.671569 -0.740942 0.000000
vn -0.671569 -0.740942 -0.000000
vn -0.671569 -0.740942 -0.000000
vn -0.671642 -0.740876 -0.000000
vn -0.146731 -0.989176 0.000000
vn -0.146731 -0.989176 -0.000000
vn -0.514062 -0.857753 0.000000
vn -0.514062 -0.857753 -0.000000
vn -0.336862 -0.941554 0.000000
vn -0.336975 -0.941514 0.000000
vn -0.336862 -0.941554 0.000000
vn -0.336975 -0.941514 -0.000000
vn -0.336975 -0.941513 -0.000000
vn -0.336975 -0.941513 0.000000
vn 1.000000 0.000000 0.000000
vn 1.000000 0.000000 0.000000
vn 1.000000 -0.000000 0.000000
vn 1.000000 -0.000000 0.000000
vn 1.000000 0.000000 -0.000000
vn 1.000000 0.000000 0.000000
vn 0.000000 0.000000 -1.000000
vn 0.000000 0.000000 -1.000000
vn -0.000000 0.000000 -1.000000
vn 0.000000 0.000000 -1.000000
vn 0.000000 0.000000 -1.000000
vn 0.000000 0.000000 -1.000000
vn 0.000000 0.000000 -1.000000
vn -0.000000 0.000000 -1.000000
vn 0.000000 0.000000 -1.000000
vn 0.000000 0.000000 -1.000000
vn 0.000000 0.000000 -1.000000
vn 0.000000 0.000000 -1.000000
vn 0.000000 0.000000 -1.000000
vn 0.000000 0.000000 -1.000000
vn 0.000000 0.000000 -1.000000
vn 0.000000 0.000000 -1.000000
vn 0.000000 0.000000 -1.000000
vn 0.000000 -0.000000 -1.000000
vn 0.000000 0.000000 -1.000000
vn 0.000000 0.000000 -1.000000
vn 0.000000 0.000000 -0.000000
vn 0.000000 0.000000 0.000000
vn 0.000000 0.000000 -1.000000
vn 0.000000 0.000000 -1.000000
vn 0.000000 0.000000 -1.000000
vn 0.000000 0.000000 -1.000000
vn 0.000000 0.000000 -1.000000
vn 0.000000 0.000000 -1.000000
vn 0.000000 0.000000 -1.000000
vn 0.000000 0.000000 -1.000000
vn 0.000000 -0.000000 1.000000
vn 0.000000 -0.000000 1.000000
vn 0.000000 0.000000 1.000000
vn 0.000000 -0.000000 1.000000
vn 0.000000 -0.000000 1.000000
vn 0.000000 -0.000000 1.000000
vn 0.000000 -0.000000 1.000000
vn 0.000000 0.000000 1.000000
vn 0.000000 0.000000 1.000000
vn 0.000000 0.000000 1.000000
vn 0.000000 0.000000 1.000000
vn 0.000000 0.000000 1.000000
vn 0.000000 -0.000000 1.000000
vn -0.000000 -0.000000 1.000000
vn 0.000000 -0.000000 1.000000
vn -0.000000 0.000000 1.000000
vn -0.000000 0.000000 1.000000
vn -0.000000 0.000000 1.000000
vn -0.000000 0.000000 1.000000
vn -0.000000 0.000000 1.000000
vn 0.000000 0.000000 0.000000
vn 0.000000 0.000000 -0.000000
vn 0.000000 0.000000 1.000000
vn 0.000000 0.000000 1.000000
vn 0.000000 0.000000 1.000000
vn 0.000000 0.000000 1.000000
vn 0.000000 0.000000 1.000000
vn 0.000000 0.000000 1.000000
vn 0.000000 0.000000 1.000000
vn 0.000000 0.000000 1.000000
vn 0.000000 0.000000 0.000000
vn 0.000000 0.000000 -0.000000
vn 0.000000 -0.000000 1.000000
vn 0.000000 -0.000000 1.000000
vn 0.000000 0.000000 1.000000
vn 0.000000 -0.000000 1.000000
vn 0.000000 -0.000000 1.000000
vn 0.000000 -0.000000 1.000000
vn 0.000000 -0.000000 1.000000
vn 0.000000 -0.000000 1.000000
vn -0.000000 0.000000 1.000000
vn 0.000000 0.000000 1.000000
vn 0.000000 0.000000 1.000000
vn 0.000000 0.000000 1.000000
vn 0.000000 0.000000 1.000000
vn -0.000000 0.000000 1.000000
vn -0.000000 -0.000000 1.000000
vn -0.000000 -0.000000 1.000000
vn 0.000000 -0.000000 1.000000
vn 0.000000 -0.000000 1.000000
vn -0.000000 -0.000000 1.000000
vn 0.000000 -0.000000 1.000000
vn 0.000000 0.000000 1.000000
vn -0.000000 0.000000 1.000000
vn 0.000000 1.000000 0.000000
vn 0.000000 1.000000 0.000000
vn 0.000000 1.000000 0.000000
vn 0.000000 1.000000 0.000000
vn 0.000000 1.000000 0.000000
vn 0.000000 1.000000 0.000000
vn 0.000000 1.000000 0.000000
vn 0.000000 1.000000 0.000000
vn 0.000000 0.000000 0.000000
vn 0.000000 -0.000000 0.000000
vn 0.000000 -1.000000 0.000000
vn 0.000000 -1.000000 0.000000
vn 0.000000 -1.000000 0.000000
vn 0.000000 -1.000000 0.000000
vn 0.000000 -1.000000 0.000000
vn 0.000000 -1.000000 0.000000
vn 0.000000 -1.000000 0.000000
vn 0.000000 -1.000000 0.000000
vn 0.000000 0.000000 0.000000
vn 0.000000 -0.000000 0.000000
vn 0.000000 -1.000000 0.000000
vn 0.000000 -1.000000 0.000000
vn 0.000000 -1.000000 0.000000
vn 0.000000 -1.000000 0.000000
vn 0.000000 -1.000000 0.000000
vn 0.000000 -1.000000 0.000000
vn 0.000000 -1.000000 0.000000
vn 0.000000 -1.000000 0.000000
vn 0.000000 0.000000 -0.000000
vn 0.000000 0.000000 0.000000
vn 0.000000 0.000000 -1.000000
vn 0.000000 0.000000 -1.000000
vn -0.000000 0.000000 -1.000000
vn 0.000000 0.000000 -1.000000
vn 0.000000 0.000000 -1.000000
vn 0.000000 0.000000 -1.000000
vn -0.000000 0.000000 -1.000000
vn -0.000000 0.000000 -1.000000
vn -0.000000 0.000000 -1.000000
vn 0.000000 0.000000 -1.000000
vn 0.000000 0.000000 -1.000000
vn 0.000000 0.000000 -1.000000
vn 0.000000 0.000000 -1.000000
vn 0.000000 0.000000 -1.000000
vn 0.000000 0.000000 -1.000000
vn 0.000000 0.000000 -1.000000
vn 0.000000 0.000000 -1.000000
vn 0.000000 0.000000 -1.000000
vn 0.000000 0.000000 -1.000000
vn 0.000000 -0.000000 -1.000000
vn 0.000000 0.000000 -1.000000
vn 0.000000 0.000000 -1.000000
vn 0.000000 1.000000 0.000000
vn 0.000000 1.000000 0.000000
vn 0.000000 1.000000 0.000000
vn 0.000000 1.000000 0.000000
vn 0.000000 1.000000 0.000000
vn 0.000000 1.000000 0.000000
vn 0.000000 1.000000 0.000000
vn 0.000000 1.000000 0.000000
vn 1.000000 -0.000000 0.000000
vn 1.000000 0.000000 -0.000000
vn 1.000000 0.000000 0.000000
vn 1.000000 0.000000 0.000000
vn 1.000000 0.000000 0.000000
vn 1.000000 0.000000 -0.000000
vn 1.000000 0.000000 -0.000000
vn 1.000000 0.000000 -0.000000
vn 1.000000 0.000000 0.000000
vn 1.000000 0.000000 0.000000
vn 1.000000 0.000000 0.000000
vn 1.000000 0.000000 0.000000
vn 0.000000 0.000000 -1.000000
vn 0.000000 0.000000 -1.000000
vn 0.000000 0.000000 -1.000000
vn 0.000000 0.000000 -1.000000
vn -0.000000 0.000000 -1.000000
vn -1.000000 0.000000 0.000000
vn -1.000000 0.000000 -0.000000
vn -1.000000 -0.000000 0.000000
vn -1.000000 0.000000 0.000000
vn -1.000000 0.000000 0.000000
vn -1.000000 -0.000000 -0.000000
vn -1.000000 0.000000 -0.000000
vn -1.000000 0.000000 -0.000000
vn -1.000000 0.000000 0.000000
vn -1.000000 0.000000 0.000000
vn -1.000000 -0.000000 0.000000
vn -1.000000 0.000000 0.000000
vn 0.000000 0.000000 1.000000
vn 0.000000 -0.000000 1.000000
vn 0.000000 -0.000000 1.000000
vn 0.000000 -0.000000 1.000000
vn -0.000000 0.000000 1.000000
vn 0.000000 0.000000 -1.000000
vn 0.000000 0.000000 -1.000000
vn 0.000000 0.000000 1.000000
vn 0.000000 0.000000 1.000000
vn 0.000000 -1.000000 0.000000
vn 0.000000 -1.000000 0.000000
vn 0.000000 -1.000000 0.000000
vn 0.000000 -1.000000 0.000000
vn 1.000000 0.000000 -0.000000
vn 1.000000 -0.000000 0.000000
vn 1.000000 0.000000 -0.000000
vn 1.000000 0.000000 0.000000
vn 1.000000 0.000000 -0.000000
vn 1.000000 0.000000 -0.000000
vn 1.000000 0.000000 0.000000
vn 1.000000 0.000000 0.000000
vn 1.000000 0.000000 0.000000
vn 1.000000 0.000000 0.000000
vn 1.000000 0.000000 -0.000000
vn 1.000000 0.000000 -0.000000
vn 1.000000 0.000000 0.000000
vn 1.000000 0.000000 0.000000
vn 1.000000 0.000000 0.000000
vn 1.000000 0.000000 0.000000
vn 1.000000 0.000000 0.000000
vn 1.000000 0.000000 0.000000
vn 1.000000 0.000000 -0.000000
vn 1.000000 0.000000 0.000000
vn 0.000000 0.000000 -1.000000
vn 0.000000 0.000000 -1.000000
vn 0.000000 -0.000000 -1.000000
vn 0.000000 0.000000 -1.000000
vn 0.000000 0.000000 -1.000000
vn 0.000000 0.000000 -1.000000
vn 0.000000 0.000000 -1.000000
vn 0.000000 0.000000 -1.000000
vn -0.000000 -0.000000 -1.000000
vn 0.000000 0.000000 -1.000000
vn 0.000000 -0.000000 -1.000000
vn 0.000000 0.000000 -1.000000
vn -1.000000 0.000000 -0.000000
vn -1.000000 0.000000 0.000000
vn -1.000000 0.000000 -0.000000
vn -1.000000 -0.000000 0.000000
vn -1.000000 0.000000 -0.000000
vn -1.000000 -0.000000 -0.000000
vn -1.000000 0.000000 0.000000
vn -1.000000 0.000000 0.000000
vn -1.000000 -0.000000 0.000000
vn -1.000000 0.000000 0.000000
vn -1.000000 0.000000 -0.000000
vn -1.000000 0.000000 -0.000000
vn -1.000000 0.000000 0.000000
vn -1.000000 0.000000 0.000000
vn -1.000000 0.000000 0.000000
vn -1.000000 -0.000000 0.000000
vn -1.000000 0.000000 0.000000
vn -1.000000 0.000000 0.000000
vn -1.000000 -0.000000 -0.000000
vn -1.000000 0.000000 0.000000
vn 0.000000 0.000000 1.000000
vn 0.000000 0.000000 1.000000
vn 0.000000 -0.000000 1.000000
vn -0.000000 0.000000 1.000000
vn 0.000000 0.000000 1.000000
vn 0.000000 0.000000 1.000000
vn 0.000000 0.000000 1.000000
vn 0.000000 0.000000 1.000000
vn 0.000000 -0.000000 1.000000
vn 0.000000 0.000000 1.000000
vn 0.000000 -0.000000 1.000000
vn 0.000000 0.000000 1.000000
vn 0.000000 0.000000 -1.000000
vn 0.000000 0.000000 -1.000000
vn 0.000000 0.000000 -1.000000
vn 0.000000 0.000000 -1.000000
vn 0.000000 0.000000 1.000000
vn 0.000000 0.000000 1.000000
vn 0.000000 0.000000 1.000000
vn 0.000000 0.000000 1.000000
vn 0.000000 -1.000000 0.000000
vn 0.000000 -1.000000 0.000000
vn 0.000000 -1.000000 0.000000
vn 0.000000 -1.000000 0.000000
vn 0.000000 -1.000000 0.000000
vn 0.000000 -1.000000 0.000000
vn 0.000000 -1.000000 0.000000
vn 0.000000 -1.000000 0.000000
vn 0.000000 0.000000 -1.000000
vn 0.000000 0.000000 -1.000000
vn 0.000000 0.000000 -1.000000
vn 0.000000 0.000000 -1.000000
vn 0.000000 1.000000 0.000000
vn 0.000000 1.000000 0.000000
vn 0.000000 1.000000 0.000000
vn 0.000000 1.000000 0.000000
vn 0.000000 1.000000 0.000000
vn 0.000000 1.000000 0.000000
vn 0.000000 1.000000 0.000000
vn 0.000000 1.000000 0.000000
vn 0.000000 0.000000 1.000000
vn 0.000000 0.000000 1.000000
vn 0.000000 0.000000 1.000000
vn 0.000000 0.000000 1.000000
vn 1.000000 0.000000 -0.000000
vn 1.000000 -0.000000 0.000000
vn 1.000000 0.000000 -0.000000
vn 1.000000 0.000000 0.000000
vn 1.000000 0.000000 -0.000000
vn 1.000000 0.000000 -0.000000
vn 1.000000 0.000000 0.000000
vn 1.000000 0.000000 0.000000
vn 1.000000 0.000000 0.000000
vn 1.000000 0.000000 0.000000
vn 1.000000 0.000000 -0.000000
vn 1.000000 0.000000 -0.000000
vn 1.000000 0.000000 0.000000
vn 1.000000 0.000000 0.000000
vn 1.000000 0.000000 0.000000
vn 1.000000 0.000000 0.000000
vn 1.000000 0.000000 0.000000
vn 1.000000 0.000000 0.000000
vn 1.000000 0.000000 -0.000000
vn 1.000000 0.000000 0.000000
vn 0.000000 0.000000 -1.000000
vn 0.000000 0.000000 -1.000000
vn 0.000000 -0.000000 -1.000000
vn 0.000000 0.000000 -1.000000
vn 0.000000 0.000000 -1.000000
vn 0.000000 0.000000 -1.000000
vn 0.000000 0.000000 -1.000000
vn 0.000000 0.000000 -1.000000
vn -0.000000 -0.000000 -1.000000
vn 0.000000 0.000000 -1.000000
vn 0.000000 -0.000000 -1.000000
vn 0.000000 0.000000 -1.000000
vn -1.000000 0.000000 -0.000000
vn -1.000000 0.000000 0.000000
vn -1.000000 0.000000 -0.000000
vn -1.000000 -0.000000 0.000000
vn -1.000000 0.000000 -0.000000
vn -1.000000 -0.000000 -0.000000
vn -1.000000 0.000000 0.000000
vn -1.000000 0.000000 0.000000
vn -1.000000 -0.000000 0.000000
vn -1.000000 0.000000 0.000000
vn -1.000000 0.000000 -0.000000
vn -1.000000 0.000000 -0.000000
vn -1.000000 0.000000 0.000000
vn -1.000000 0.000000 0.000000
vn -1.000000 0.000000 0.000000
vn -1.000000 -0.000000 0.000000
vn -1.000000 0.000000 0.000000
vn -1.000000 0.000000 0.000000
vn -1.000000 -0.000000 -0.000000
vn -1.000000 0.000000 0.000000
vn 0.000000 0.000000 1.000000
vn 0.000000 0.000000 1.000000
vn 0.000000 -0.000000 1.000000
vn -0.000000 0.000000 1.000000
vn 0.000000 0.000000 1.000000
vn 0.000000 0.000000 1.000000
vn 0.000000 0.000000 1.000000
vn 0.000000 0.000000 1.000000
vn 0.000000 -0.000000 1.000000
vn 0.000000 0.000000 1.000000
vn 0.000000 -0.000000 1.000000
vn 0.000000 0.000000 1.000000
vn 0.000000 0.000000 -1.000000
vn 0.000000 0.000000 -1.000000
vn 0.000000 0.000000 -1.000000
vn 0.000000 0.000000 -1.000000
vn 0.000000 0.000000 1.000000
vn 0.000000 0.000000 1.000000
vn 0.000000 0.000000 1.000000
vn 0.000000 0.000000 1.000000
vn 0.000000 -1.000000 0.000000
vn 0.000000 -1.000000 0.000000
vn 0.000000 -1.000000 0.000000
vn 0.000000 -1.000000 0.000000
vn 0.000000 -1.000000 0.000000
vn 0.000000 -1.000000 0.000000
vn 0.000000 -1.000000 0.000000
vn 0.000000 -1.000000 0.000000
vn 0.000000 0.000000 -1.000000
vn 0.000000 0.000000 -1.000000
vn 0.000000 0.000000 -1.000000
vn 0.000000 0.000000 -1.000000
vn 0.000000 1.000000 0.000000
vn 0.000000 1.000000 0.000000
vn 0.000000 1.000000 0.000000
vn 0.000000 1.000000 0.000000
vn 0.000000 1.000000 0.000000
vn 0.000000 1.000000 0.000000
vn 0.000000 1.000000 0.000000
vn 0.000000 1.000000 0.000000
vn 0.000000 0.000000 1.000000
vn 0.000000 0.000000 1.000000
vn 0.000000 0.000000 1.000000
vn 0.000000 0.000000 1.000000
vn 1.000000 0.000000 -0.000000
vn 1.000000 -0.000000 0.000000
vn 1.000000 0.000000 -0.000000
vn 1.000000 0.000000 0.000000
vn 1.000000 0.000000 -0.000000
vn 1.000000 0.000000 -0.000000
vn 1.000000 0.000000 0.000000
vn 1.000000 0.000000 0.000000
vn 1.000000 0.000000 0.000000
vn 1.000000 0.000000 0.000000
vn 1.000000 0.000000 -0.000000
vn 1.000000 0.000000 -0.000000
vn 1.000000 0.000000 0.000000
vn 1.000000 0.000000 0.000000
vn 1.000000 0.000000 0.000000
vn 1.000000 0.000000 0.000000
vn 1.000000 0.000000 0.000000
vn 1.000000 0.000000 0.000000
vn 1.000000 0.000000 -0.000000
vn 1.000000 0.000000 0.000000
vn 0.000000 0.000000 -1.000000
vn 0.000000 0.000000 -1.000000
vn 0.000000 -0.000000 -1.000000
vn 0.000000 0.000000 -1.000000
vn 0.000000 0.000000 -1.000000
vn 0.000000 0.000000 -1.000000
vn 0.000000 0.000000 -1.000000
vn 0.000000 0.000000 -1.000000
vn -0.000000 -0.000000 -1.000000
vn 0.000000 0.000000 -1.000000
vn 0.000000 -0.000000 -1.000000
vn 0.000000 0.000000 -1.000000
vn -1.000000 0.000000 -0.000000
vn -1.000000 0.000000 0.000000
vn -1.000000 0.000000 -0.000000
vn -1.000000 -0.000000 0.000000
vn -1.000000 0.000000 -0.000000
vn -1.000000 -0.000000 -0.000000
vn -1.000000 0.000000 0.000000
vn -1.000000 0.000000 0.000000
vn -1.000000 -0.000000 0.000000
vn -1.000000 0.000000 0.000000
vn -1.000000 0.000000 -0.000000
vn -1.000000 0.000000 -0.000000
vn -1.000000 0.000000 0.000000
vn -1.000000 0.000000 0.000000
vn -1.000000 0.000000 0.000000
vn -1.000000 -0.000000 0.000000
vn -1.000000 0.000000 0.000000
vn -1.000000 0.000000 0.000000
vn -1.000000 -0.000000 -0.000000
vn -1.000000 0.000000 0.000000
vn 0.000000 0.000000 1.000000
vn 0.000000 0.000000 1.000000
vn 0.000000 -0.000000 1.000000
vn -0.000000 0.000000 1.000000
vn 0.000000 0.000000 1.000000
vn 0.000000 0.000000 1.000000
vn 0.000000 0.000000 1.000000
vn 0.000000 0.000000 1.000000
vn 0.000000 -0.000000 1.000000
vn 0.000000 0.000000 1.000000
vn 0.000000 -0.000000 1.000000
vn 0.000000 0.000000 1.000000
vn 0.000000 0.000000 -1.000000
vn 0.000000 0.000000 -1.000000
vn 0.000000 0.000000 -1.000000
vn 0.000000 0.000000 -1.000000
vn 0.000000 0.000000 1.000000
vn 0.000000 0.000000 1.000000
vn 0.000000 0.000000 1.000000
vn 0.000000 0.000000 1.000000
vn 0.000000 -1.000000 0.000000
vn 0.000000 -1.000000 0.000000
vn 0.000000 -1.000000 0.000000
vn 0.000000 -1.000000 0.000000
vn 0.000000 -1.000000 0.000000
vn 0.000000 -1.000000 0.000000
vn 0.000000 -1.000000 0.000000
vn 0.000000 -1.000000 0.000000
vn 0.000000 0.000000 -1.000000
vn 0.000000 0.000000 -1.000000
vn 0.000000 0.000000 -1.000000
vn 0.000000 0.000000 -1.000000
vn 0.000000 1.000000 0.000000
vn 0.000000 1.000000 0.000000
vn 0.000000 1.000000 0.000000
vn 0.000000 1.000000 0.000000
vn 0.000000 1.000000 0.000000
vn 0.000000 1.000000 0.000000
vn 0.000000 1.000000 0.000000
vn 0.000000 1.000000 0.000000
vn 0.000000 0.000000 1.000000
vn 0.000000 0.000000 1.000000
vn 0.000000 0.000000 1.000000
vn 0.000000 0.000000 1.000000
vn 1.000000 -0.000000 0.000000
vn 1.000000 0.000000 -0.000000
vn 1.000000 0.000000 0.000000
vn 1.000000 0.000000 0.000000
vn 1.000000 0.000000 0.000000
vn 1.000000 0.000000 -0.000000
vn 1.000000 0.000000 -0.000000
vn 1.000000 0.000000 -0.000000
vn 1.000000 0.000000 0.000000
vn 1.000000 0.000000 0.000000
vn 1.000000 0.000000 0.000000
vn 1.000000 0.000000 0.000000
vn 0.000000 0.000000 0.000000
vn 0.000000 0.000000 -1.000000
vn 0.000000 0.000000 -1.000000
vn 0.000000 0.000000 -1.000000
vn 0.000000 0.000000 -1.000000
vn 0.000000 0.000000 -1.000000
vn -1.000000 0.000000 0.000000
vn -1.000000 0.000000 0.000000
vn -1.000000 0.000000 0.000000
vn -1.000000 0.000000 -0.000000
vn -1.000000 0.000000 0.000000
vn -1.000000 0.000000 0.000000
vn 0.000000 0.000000 0.000000
vn -0.000000 0.000000 1.000000
vn 0.000000 -0.000000 1.000000
vn 0.000000 -0.000000 1.000000
vn 0.000000 -0.000000 1.000000
vn -0.000000 0.000000 1.000000
vn 0.000000 0.000000 -1.000000
vn 0.000000 0.000000 -1.000000
vn 0.000000 0.000000 1.000000
vn 0.000000 0.000000 1.000000
vn 0.000000 -1.000000 0.000000
vn 0.000000 -1.000000 0.000000
vn 0.000000 -1.000000 0.000000
vn 0.000000 -1.000000 0.000000
vn 0.998796 -0.049065 0.000000
vn 0.998796 -0.049065 0.000000
vn 0.000000 0.000000 0.000000
vn 0.049065 -0.998796 0.000000
vn -0.000000 0.000000 0.000000
vn 0.049065 -0.998796 0.000000
vn 0.049065 -0.998796 0.000000
vn 0.049065 -0.998796 0.000000
vn 0.740946 -0.671564 0.000000
vn 0.740946 -0.671564 0.000000
vn 0.904004 -0.427525 0.000000
vn 0.904004 -0.427525 0.000000
vn 0.427517 -0.904007 0.000000
vn 0.427517 -0.904007 0.000000
vn 0.595690 -0.803214 0.000000
vn 0.595690 -0.803214 0.000000
vn 0.970019 -0.243027 0.000000
vn 0.970019 -0.243027 0.000000
vn 0.989176 -0.146736 0.000000
vn 0.989176 -0.146736 0.000000
vn 0.941543 -0.336893 0.000000
vn 0.941543 -0.336893 0.000000
vn 0.803224 -0.595677 0.000000
vn 0.803224 -0.595677 0.000000
vn 0.803224 -0.595677 0.000000
vn 0.803224 -0.595677 0.000000
vn 0.803170 -0.595750 0.000000
vn 0.803170 -0.595750 0.000000
vn 0.857720 -0.514117 0.000000
vn 0.857720 -0.514117 0.000000
vn 0.243029 -0.970019 0.000000
vn 0.243029 -0.970019 0.000000
vn 0.336794 -0.941578 0.000000
vn 0.336910 -0.941537 0.000000
vn 0.336794 -0.941579 0.000000
vn 0.336794 -0.941578 0.000000
vn 0.336794 -0.941578 0.000000
vn 0.336910 -0.941537 0.000000
vn 0.146727 -0.989177 0.000000
vn 0.146727 -0.989177 0.000000
vn 0.514124 -0.857716 0.000000
vn 0.514124 -0.857716 0.000000
vn 0.671558 -0.740952 0.000000
vn 0.671558 -0.740952 0.000000
vn -0.998796 -0.049065 0.000000
vn -0.998796 -0.049065 -0.000000
vn 0.000000 0.000000 0.000000
vn 0.000000 -0.000000 0.000000
vn -0.671558 -0.740952 0.000000
vn -0.671558 -0.740952 -0.000000
vn -0.336874 -0.941550 0.000000
vn -0.336794 -0.941578 0.000000
vn -0.336874 -0.941550 0.000000
vn -0.336794 -0.941578 -0.000000
vn -0.336794 -0.941578 -0.000000
vn -0.336794 -0.941579 0.000000
vn -0.903965 -0.427607 0.000000
vn -0.903965 -0.427607 -0.000000
vn -0.146726 -0.989177 0.000000
vn -0.146726 -0.989177 -0.000000
vn -0.970019 -0.243027 0.000000
vn -0.970019 -0.243027 -0.000000
vn -0.803196 -0.595715 0.000000
vn -0.803196 -0.595715 0.000000
vn -0.803196 -0.595715 -0.000000
vn -0.803196 -0.595715 -0.000000
vn -0.803170 -0.595750 0.000000
vn -0.803170 -0.595750 -0.000000
vn -0.740972 -0.671536 0.000000
vn -0.740972 -0.671536 -0.000000
vn -0.857743 -0.514079 0.000000
vn -0.857743 -0.514079 -0.000000
vn -0.941558 -0.336850 0.000000
vn -0.941558 -0.336850 -0.000000
vn -0.989183 -0.146685 0.000000
vn -0.989183 -0.146685 -0.000000
vn -0.514124 -0.857716 0.000000
vn -0.514124 -0.857716 -0.000000
vn -0.427536 -0.903998 0.000000
vn -0.427536 -0.903998 -0.000000
vn -0.595690 -0.803214 0.000000
vn -0.595690 -0.803214 -0.000000
vn -0.243041 -0.970016 0.000000
vn -0.243041 -0.970016 -0.000000
vn -0.049062 -0.998796 0.000000
vn -0.049062 -0.998796 -0.000000
vn 1.000000 0.000000 0.000000
vn 1.000000 0.000000 -0.000000
vn 1.000000 0.000000 0.000000
vn 1.000000 0.000000 -0.000000
vn 1.000000 0.000000 0.000000
vn 1.000000 0.000000 0.000000
vn 1.000000 -0.000000 0.000000
vn 1.000000 -0.000000 0.000000
vn 1.000000 0.000000 -0.000000
vn 1.000000 0.000000 0.000000
vn 0.000000 0.000000 -0.000000
vn 0.000000 0.000000 0.000000
vn 0.000000 0.000000 -1.000000
vn 0.000000 0.000000 -1.000000
vn 0.000000 0.000000 -1.000000
vn 0.000000 0.000000 -1.000000
vn 0.000000 0.000000 -1.000000
vn 0.000000 0.000000 -1.000000
vn 0.000000 0.000000 -1.000000
vn 0.000000 0.000000 -1.000000
vn 0.000000 0.000000 -0.000000
vn 0.000000 0.000000 0.000000
vn 0.000000 0.000000 -1.000000
vn 0.000000 0.000000 -1.000000
vn 0.000000 0.000000 -1.000000
vn 0.000000 0.000000 -1.000000
vn 0.000000 0.000000 -1.000000
vn 0.000000 0.000000 -1.000000
vn 0.000000 0.000000 -1.000000
vn 0.000000 0.000000 -1.000000
vn 0.000000 0.000000 0.000000
vn 0.000000 0.000000 -0.000000
vn 0.000000 0.000000 1.000000
vn 0.000000 0.000000 1.000000
vn 0.000000 0.000000 1.000000
vn 0.000000 0.000000 1.000000
vn 0.000000 0.000000 1.000000
vn 0.000000 0.000000 1.000000
vn 0.000000 0.000000 1.000000
vn 0.000000 0.000000 1.000000
vn 0.000000 0.000000 0.000000
vn 0.000000 0.000000 -0.000000
vn 0.000000 0.000000 1.000000
vn 0.000000 0.000000 1.000000
vn 0.000000 0.000000 1.000000
vn 0.000000 0.000000 1.000000
vn 0.000000 0.000000 1.000000
vn 0.000000 0.000000 1.000000
vn 0.000000 0.000000 1.000000
vn 0.000000 0.000000 1.000000
vn 0.000000 0.000000 0.000000
vn 0.000000 0.000000 -0.000000
vn 0.000000 0.000000 1.000000
vn 0.000000 0.000000 1.000000
vn 0.000000 0.000000 1.000000
vn 0.000000 0.000000 1.000000
vn 0.000000 0.000000 1.000000
vn 0.000000 0.000000 1.000000
vn 0.000000 0.000000 1.000000
vn 0.000000 0.000000 1.000000
vn 0.000000 0.000000 0.000000
vn 0.000000 -0.000000 0.000000
vn 0.000000 1.000000 0.000000
vn 0.000000 1.000000 0.000000
vn 0.000000 1.000000 0.000000
vn 0.000000 1.000000 0.000000
vn 0.000000 1.000000 0.000000
vn 0.000000 1.000000 0.000000
vn 0.000000 1.000000 0.000000
vn 0.000000 1.000000 0.000000
vn 0.000000 0.000000 0.000000
vn 0.000000 -0.000000 0.000000
vn 0.000000 -1.000000 0.000000
vn 0.000000 -1.000000 0.000000
vn 0.000000 -1.000000 0.000000
vn 0.000000 -1.000000 0.000000
vn 0.000000 -1.000000 0.000000
vn 0.000000 -1.000000 0.000000
vn 0.000000 -1.000000 0.000000
vn 0.000000 -1.000000 0.000000
vn 0.000000 0.000000 0.000000
vn 0.000000 -0.000000 0.000000
vn 0.000000 -1.000000 0.000000
vn 0.000000 -1.000000 0.000000
vn 0.000000 -1.000000 0.000000
vn 0.000000 -1.000000 0.000000
vn 0.000000 -1.000000 0.000000
vn 0.000000 -1.000000 0.000000
vn 0.000000 -1.000000 0.000000
vn 0.000000 -1.000000 0.000000
vn 0.000000 0.000000 -0.000000
vn 0.000000 0.000000 0.000000
vn 0.000000 0.000000 -1.000000
vn 0.000000 0.000000 -1.000000
vn 0.000000 0.000000 -1.000000
vn 0.000000 0.000000 -1.000000
vn 0.000000 0.000000 -1.000000
vn 0.000000 0.000000 -1.000000
vn 0.000000 0.000000 -1.000000
vn 0.000000 0.000000 -1.000000
vn 0.000000 0.000000 0.000000
vn 0.000000 -0.000000 0.000000
vn 0.000000 1.000000 0.000000
vn 0.000000 1.000000 0.000000
vn 0.000000 1.000000 0.000000
vn 0.000000 1.000000 0.000000
vn 0.000000 1.000000 0.000000
vn 0.000000 1.000000 0.000000
vn 0.000000 1.000000 0.000000
vn 0.000000 1.000000 0.000000
vn 1.000000 0.000000 -0.000000
vn 1.000000 -0.000000 0.000000
vn 1.000000 0.000000 -0.000000
vn 1.000000 0.000000 0.000000
vn 1.000000 0.000000 -0.000000
vn 1.000000 0.000000 -0.000000
vn 1.000000 0.000000 0.000000
vn 1.000000 0.000000 0.000000
vn 1.000000 0.000000 0.000000
vn 1.000000 0.000000 0.000000
vn 1.000000 0.000000 -0.000000
vn 1.000000 0.000000 -0.000000
vn 1.000000 0.000000 0.000000
vn 1.000000 0.000000 0.000000
vn 1.000000 0.000000 0.000000
vn 1.000000 0.000000 0.000000
vn 1.000000 0.000000 0.000000
vn 1.000000 0.000000 0.000000
vn 1.000000 0.000000 -0.000000
vn 1.000000 0.000000 0.000000
vn 0.000000 0.000000 -1.000000
vn 0.000000 0.000000 -1.000000
vn -1.000000 0.000000 -0.000000
vn -1.000000 0.000000 0.000000
vn -1.000000 0.000000 -0.000000
vn -1.000000 -0.000000 0.000000
vn -1.000000 0.000000 -0.000000
vn -1.000000 -0.000000 -0.000000
vn -1.000000 0.000000 0.000000
vn -1.000000 0.000000 0.000000
vn -1.000000 -0.000000 0.000000
vn -1.000000 0.000000 0.000000
vn -1.000000 0.000000 -0.000000
vn -1.000000 0.000000 -0.000000
vn -1.000000 0.000000 0.000000
vn -1.000000 0.000000 0.000000
vn -1.000000 0.000000 0.000000
vn -1.000000 -0.000000 0.000000
vn -1.000000 0.000000 0.000000
vn -1.000000 0.000000 0.000000
vn -1.000000 -0.000000 -0.000000
vn -1.000000 0.000000 0.000000
vn 0.000000 0.000000 1.000000
vn 0.000000 0.000000 1.000000
vn 0.000000 0.000000 -1.000000
vn 0.000000 0.000000 -1.000000
vn 0.000000 0.000000 1.000000
vn 0.000000 0.000000 1.000000
vn 0.000000 -1.000000 0.000000
vn 0.000000 -1.000000 0.000000
vn 0.000000 -1.000000 0.000000
vn 0.000000 -1.000000 0.000000
vn 0.000000 0.000000 -1.000000
vn 0.000000 0.000000 -1.000000
vn 0.000000 1.000000 0.000000
vn 0.000000 1.000000 0.000000
vn 0.000000 1.000000 0.000000
vn 0.000000 1.000000 0.000000
vn 0.000000 0.000000 1.000000
vn 0.000000 0.000000 1.000000
vn 1.000000 0.000000 -0.000000
vn 1.000000 -0.000000 0.000000
vn 1.000000 0.000000 -0.000000
vn 1.000000 0.000000 0.000000
vn 1.000000 0.000000 -0.000000
vn 1.000000 0.000000 -0.000000
vn 1.000000 0.000000 0.000000
vn 1.000000 0.000000 0.000000
vn 1.000000 0.000000 0.000000
vn 1.000000 0.000000 0.000000
vn 1.000000 0.000000 -0.000000
vn 1.000000 0.000000 -0.000000
vn 1.000000 0.000000 0.000000
vn 1.000000 0.000000 0.000000
vn 1.000000 0.000000 0.000000
vn 1.000000 0.000000 0.000000
vn 1.000000 0.000000 0.000000
vn 1.000000 0.000000 0.000000
vn 1.000000 0.000000 -0.000000
vn 1.000000 0.000000 0.000000
vn 0.000000 0.000000 -1.000000
vn 0.000000 0.000000 -1.000000
vn 0.000000 -0.000000 -1.000000
vn 0.000000 0.000000 -1.000000
vn 0.000000 0.000000 -1.000000
vn 0.000000 0.000000 -1.000000
vn 0.000000 0.000000 -1.000000
vn 0.000000 0.000000 -1.000000
vn -0.000000 -0.000000 -1.000000
vn 0.000000 0.000000 -1.000000
vn 0.000000 -0.000000 -1.000000
vn 0.000000 0.000000 -1.000000
vn -1.000000 0.000000 -0.000000
vn -1.000000 0.000000 0.000000
vn -1.000000 0.000000 -0.000000
vn -1.000000 -0.000000 0.000000
vn -1.000000 0.000000 -0.000000
vn -1.000000 -0.000000 -0.000000
vn -1.000000 0.000000 0.000000
vn -1.000000 0.000000 0.000000
vn -1.000000 -0.000000 0.000000
vn -1.000000 0.000000 0.000000
vn -1.000000 0.000000 -0.000000
vn -1.000000 0.000000 -0.000000
vn -1.000000 0.000000 0.000000
vn -1.000000 0.000000 0.000000
vn -1.000000 0.000000 0.000000
vn -1.000000 -0.000000 0.000000
vn -1.000000 0.000000 0.000000
vn -1.000000 0.000000 0.000000
vn -1.000000 -0.000000 -0.000000
vn -1.000000 0.000000 0.000000
vn 0.000000 0.000000 1.000000
vn 0.000000 0.000000 1.000000
vn 0.000000 0.000000 -1.000000
vn 0.000000 0.000000 -1.000000
vn 0.000000 0.000000 -1.000000
vn 0.000000 0.000000 -1.000000
vn 0.000000 0.000000 1.000000
vn 0.000000 0.000000 1.000000
vn 0.000000 -1.000000 0.000000
vn 0.000000 -1.000000 0.000000
vn 0.000000 -1.000000 0.000000
vn 0.000000 -1.000000 0.000000
vn 0.000000 -1.000000 0.000000
vn 0.000000 -1.000000 0.000000
vn 0.000000 0.000000 -1.000000
vn 0.000000 0.000000 -1.000000
vn 0.000000 0.000000 -1.000000
vn 0.000000 0.000000 -1.000000
vn 0.000000 1.000000 0.000000
vn 0.000000 1.000000 0.000000
vn 0.000000 1.000000 0.000000
vn 0.000000 1.000000 0.000000
vn 0.000000 1.000000 0.000000
vn 0.000000 1.000000 0.000000
vn 0.000000 0.000000 1.000000
vn 0.000000 0.000000 1.000000
vn 1.000000 0.000000 -0.000000
vn 1.000000 -0.000000 0.000000
vn 1.000000 0.000000 -0.000000
vn 1.000000 0.000000 0.000000
vn 1.000000 0.000000 -0.000000
vn 1.000000 0.000000 -0.000000
vn 1.000000 0.000000 0.000000
vn 1.000000 0.000000 0.000000
vn 1.000000 0.000000 0.000000
vn 1.000000 0.000000 0.000000
vn 1.000000 0.000000 -0.000000
vn 1.000000 0.000000 -0.000000
vn 1.000000 0.000000 0.000000
vn 1.000000 0.000000 0.000000
vn 1.000000 0.000000 0.000000
vn 1.000000 0.000000 0.000000
vn 1.000000 0.000000 0.000000
vn 1.000000 0.000000 0.000000
vn 1.000000 0.000000 -0.000000
vn 1.000000 0.000000 0.000000
vn 0.000000 0.000000 -1.000000
vn 0.000000 0.000000 -1.000000
vn 0.000000 -0.000000 -1.000000
vn 0.000000 0.000000 -1.000000
vn 0.000000 0.000000 -1.000000
vn 0.000000 0.000000 -1.000000
vn 0.000000 0.000000 -1.000000
vn 0.000000 0.000000 -1.000000
vn -0.000000 -0.000000 -1.000000
vn 0.000000 0.000000 -1.000000
vn 0.000000 -0.000000 -1.000000
vn 0.000000 0.000000 -1.000000
vn -1.000000 0.000000 -0.000000
vn -1.000000 0.000000 0.000000
vn -1.000000 0.000000 -0.000000
vn -1.000000 -0.000000 0.000000
vn -1.000000 0.000000 -0.000000
vn -1.000000 -0.000000 -0.000000
vn -1.000000 0.000000 0.000000
vn -1.000000 0.000000 0.000000
vn -1.000000 -0.000000 0.000000
vn -1.000000 0.000000 0.000000
vn -1.000000 0.000000 -0.000000
vn -1.000000 0.000000 -0.000000
vn -1.000000 0.000000 0.000000
vn -1.000000 0.000000 0.000000
vn -1.000000 0.000000 0.000000
vn -1.000000 -0.000000 0.000000
vn -1.000000 0.000000 0.000000
vn -1.000000 0.000000 0.000000
vn -1.000000 -0.000000 -0.000000
vn -1.000000 0.000000 0.000000
vn 0.000000 0.000000 1.000000
vn 0.000000 0.000000 1.000000
vn 0.000000 0.000000 -1.000000
vn 0.000000 0.000000 -1.000000
vn 0.000000 0.000000 -1.000000
vn 0.000000 0.000000 -1.000000
vn 0.000000 0.000000 1.000000
vn 0.000000 0.000000 1.000000
vn 0.000000 -1.000000 0.000000
vn 0.000000 -1.000000 0.000000
vn 0.000000 -1.000000 0.000000
vn 0.000000 -1.000000 0.000000
vn 0.000000 -1.000000 0.000000
vn 0.000000 -1.000000 0.000000
vn 0.000000 0.000000 -1.000000
vn 0.000000 0.000000 -1.000000
vn 0.000000 0.000000 -1.000000
vn 0.000000 0.000000 -1.000000
vn 0.000000 1.000000 0.000000
vn 0.000000 1.000000 0.000000
vn 0.000000 1.000000 0.000000
vn 0.000000 1.000000 0.000000
vn 0.000000 1.000000 0.000000
vn 0.000000 1.000000 0.000000
vn 0.000000 0.000000 1.000000
vn 0.000000 0.000000 1.000000
vn 1.000000 0.000000 -0.000000
vn 1.000000 -0.000000 0.000000
vn 1.000000 0.000000 -0.000000
vn 1.000000 0.000000 0.000000
vn 1.000000 0.000000 -0.000000
vn 1.000000 0.000000 -0.000000
vn 1.000000 0.000000 0.000000
vn 1.000000 0.000000 0.000000
vn 1.000000 0.000000 0.000000
vn 1.000000 0.000000 0.000000
vn 1.000000 0.000000 -0.000000
vn 1.000000 0.000000 -0.000000
vn 1.000000 0.000000 0.000000
vn 1.000000 0.000000 0.000000
vn 1.000000 0.000000 0.000000
vn 1.000000 0.000000 0.000000
vn 1.000000 0.000000 0.000000
vn 1.000000 0.000000 0.000000
vn 1.000000 0.000000 -0.000000
vn 1.000000 0.000000 0.000000
vn 0.000000 0.000000 -1.000000
vn 0.000000 0.000000 -1.000000
vn 0.000000 -0.000000 -1.000000
vn 0.000000 0.000000 -1.000000
vn 0.000000 0.000000 -1.000000
vn 0.000000 0.000000 -1.000000
vn 0.000000 0.000000 -1.000000
vn 0.000000 0.000000 -1.000000
vn -0.000000 -0.000000 -1.000000
vn 0.000000 0.000000 -1.000000
vn 0.000000 -0.000000 -1.000000
vn 0.000000 0.000000 -1.000000
vn -1.000000 0.000000 -0.000000
vn -1.000000 0.000000 0.000000
vn -1.000000 0.000000 -0.000000
vn -1.000000 -0.000000 0.000000
vn -1.000000 0.000000 -0.000000
vn -1.000000 -0.000000 -0.000000
vn -1.000000 0.000000 0.000000
vn -1.000000 0.000000 0.000000
vn -1.000000 -0.000000 0.000000
vn -1.000000 0.000000 0.000000
vn -1.000000 0.000000 -0.000000
vn -1.000000 0.000000 -0.000000
vn -1.000000 0.000000 0.000000
vn -1.000000 0.000000 0.000000
vn -1.000000 0.000000 0.000000
vn -1.000000 -0.000000 0.000000
vn -1.000000 0.000000 0.000000
vn -1.000000 0.000000 0.000000
vn -1.000000 -0.000000 -0.000000
vn -1.000000 0.000000 0.000000
vn 0.000000 0.000000 1.000000
vn 0.000000 0.000000 1.000000
vn 0.000000 0.000000 -1.000000
vn 0.000000 0.000000 -1.000000
vn 0.000000 0.000000 -1.000000
vn 0.000000 0.000000 -1.000000
vn 0.000000 0.000000 1.000000
vn 0.000000 0.000000 1.000000
vn 0.000000 -1.000000 0.000000
vn 0.000000 -1.000000 0.000000
vn 0.000000 -1.000000 0.000000
vn 0.000000 -1.000000 0.000000
vn 0.000000 -1.000000 0.000000
vn 0.000000 -1.000000 0.000000
vn 0.000000 0.000000 -1.000000
vn 0.000000 0.000000 -1.000000
vn 0.000000 0.000000 -1.000000
vn 0.000000 0.000000 -1.000000
vn 0.000000 1.000000 0.000000
vn 0.000000 1.000000 0.000000
vn 0.000000 1.000000 0.000000
vn 0.000000 1.000000 0.000000
vn 0.000000 1.000000 0.000000
vn 0.000000 1.000000 0.000000
vn 0.000000 0.000000 1.000000
vn 0.000000 0.000000 1.000000
vn 1.000000 0.000000 -0.000000
vn 1.000000 -0.000000 0.000000
vn 1.000000 0.000000 -0.000000
vn 1.000000 0.000000 0.000000
vn 1.000000 0.000000 -0.000000
vn 1.000000 0.000000 -0.000000
vn 1.000000 0.000000 0.000000
vn 1.000000 0.000000 0.000000
vn 1.000000 0.000000 0.000000
vn 1.000000 0.000000 0.000000
vn 1.000000 0.000000 -0.000000
vn 1.000000 0.000000 -0.000000
vn 1.000000 0.000000 0.000000
vn 1.000000 0.000000 0.000000
vn 1.000000 0.000000 0.000000
vn 1.000000 0.000000 0.000000
vn 1.000000 0.000000 0.000000
vn 1.000000 0.000000 0.000000
vn 1.000000 0.000000 -0.000000
vn 1.000000 0.000000 0.000000
vn 0.000000 0.000000 -1.000000
vn 0.000000 0.000000 -1.000000
vn -1.000000 0.000000 0.000000
vn -1.000000 0.000000 -0.000000
vn -1.000000 0.000000 0.000000
vn -1.000000 -0.000000 -0.000000
vn -1.000000 0.000000 0.000000
vn -1.000000 0.000000 0.000000
vn -1.000000 0.000000 0.000000
vn -1.000000 0.000000 -0.000000
vn -1.000000 0.000000 0.000000
vn -1.000000 0.000000 0.000000
vn 0.000000 0.000000 1.000000
vn 0.000000 0.000000 1.000000
vn 0.000000 0.000000 -1.000000
vn 0.000000 0.000000 -1.000000
vn 0.000000 0.000000 1.000000
vn 0.000000 0.000000 1.000000
vn 0.000000 -1.000000 0.000000
vn 0.000000 -1.000000 0.000000
vn 0.000000 -1.000000 0.000000
vn 0.000000 -1.000000 0.000000
vn 0.000000 0.000000 -1.000000
vn 0.000000 0.000000 -1.000000
vn 0.000000 1.000000 0.000000
vn 0.000000 1.000000 0.000000
vn 0.000000 1.000000 0.000000
vn 0.000000 1.000000 0.000000
vn 0.000000 0.000000 1.000000
vn 0.000000 0.000000 1.000000
vn 1.000000 0.000000 0.000000
vn 1.000000 0.000000 0.000000
vn 1.000000 -0.000000 0.000000
vn 1.000000 0.000000 -0.000000
vn 1.000000 0.000000 0.000000
vn 1.000000 0.000000 0.000000
vn 1.000000 0.000000 0.000000
vn 1.000000 0.000000 0.000000
vn 1.000000 -0.000000 0.000000
vn 1.000000 0.000000 -0.000000
vn 1.000000 0.000000 0.000000
vn 1.000000 0.000000 0.000000
vn 1.000000 0.000000 0.000000
vn 1.000000 0.000000 -0.000000
vn 1.000000 0.000000 0.000000
vn 1.000000 0.000000 -0.000000
vn 1.000000 0.000000 0.000000
vn 1.000000 0.000000 0.000000
vn 1.000000 0.000000 0.000000
vn 1.000000 0.000000 -0.000000
vn 1.000000 0.000000 0.000000
vn 1.000000 0.000000 -0.000000
vn 1.000000 0.000000 0.000000
vn 1.000000 0.000000 0.000000
vn -1.000000 0.000000 0.000000
vn -1.000000 0.000000 0.000000
vn -1.000000 0.000000 0.000000
vn -1.000000 0.000000 -0.000000
vn -1.000000 0.000000 0.000000
vn -1.000000 0.000000 0.000000
vn -1.000000 0.000000 0.000000
vn -1.000000 0.000000 0.000000
vn -1.000000 0.000000 0.000000
vn -1.000000 0.000000 -0.000000
vn -1.000000 0.000000 0.000000
vn -1.000000 0.000000 0.000000
vn -1.000000 0.000000 0.000000
vn -1.000000 0.000000 -0.000000
vn -1.000000 0.000000 0.000000
vn -1.000000 -0.000000 -0.000000
vn -1.000000 0.000000 0.000000
vn -1.000000 0.000000 0.000000
vn -1.000000 0.000000 0.000000
vn -1.000000 0.000000 -0.000000
vn -1.000000 0.000000 0.000000
vn -1.000000 -0.000000 -0.000000
vn -1.000000 0.000000 0.000000
vn -1.000000 0.000000 0.000000
vn 1.000000 0.000000 0.000000
vn 1.000000 0.000000 0.000000
vn 1.000000 0.000000 0.000000
vn 1.000000 0.000000 0.000000
vn 0.000000 1.000000 0.000000
vn 0.000000 1.000000 0.000000
vn 0.000000 1.000000 0.000000
vn 0.000000 1.000000 0.000000
vn 0.000000 -1.000000 0.000000
vn 0.000000 -1.000000 0.000000
vn 0.000000 -1.000000 0.000000
vn 0.000000 -1.000000 0.000000
vn -1.000000 0.000000 0.000000
vn -1.000000 0.000000 0.000000
vn -1.000000 0.000000 0.000000
vn -1.000000 0.000000 0.000000
vn 0.000000 -1.000000 0.000000
vn 0.000000 -1.000000 0.000000
vn 0.000000 -1.000000 0.000000
vn 0.000000 -1.000000 0.000000
vn 0.000000 1.000000 0.000000
vn 0.000000 1.000000 0.000000
vn 0.000000 1.000000 0.000000
vn 0.000000 1.000000 0.000000
vn 1.000000 0.000000 0.000000
vn 1.000000 0.000000 0.000000
vn 1.000000 -0.000000 0.000000
vn 1.000000 0.000000 -0.000000
vn 1.000000 0.000000 0.000000
vn 1.000000 0.000000 0.000000
vn 1.000000 0.000000 0.000000
vn 1.000000 0.000000 0.000000
vn 1.000000 -0.000000 0.000000
vn 1.000000 0.000000 -0.000000
vn 1.000000 0.000000 0.000000
vn 1.000000 0.000000 0.000000
vn 1.000000 0.000000 0.000000
vn 1.000000 0.000000 -0.000000
vn 1.000000 0.000000 0.000000
vn 1.000000 0.000000 -0.000000
vn 1.000000 0.000000 0.000000
vn 1.000000 0.000000 0.000000
vn 1.000000 0.000000 0.000000
vn 1.000000 0.000000 -0.000000
vn 1.000000 0.000000 0.000000
vn 1.000000 0.000000 -0.000000
vn 1.000000 0.000000 0.000000
vn 1.000000 0.000000 0.000000
vn -1.000000 0.000000 0.000000
vn -1.000000 0.000000 0.000000
vn -1.000000 0.000000 0.000000
vn -1.000000 0.000000 -0.000000
vn -1.000000 0.000000 0.000000
vn -1.000000 0.000000 0.000000
vn -1.000000 0.000000 0.000000
vn -1.000000 0.000000 0.000000
vn -1.000000 0.000000 0.000000
vn -1.000000 0.000000 -0.000000
vn -1.000000 0.000000 0.000000
vn -1.000000 0.000000 0.000000
vn -1.000000 0.000000 0.000000
vn -1.000000 0.000000 -0.000000
vn -1.000000 0.000000 0.000000
vn -1.000000 -0.000000 -0.000000
vn -1.000000 0.000000 0.000000
vn -1.000000 0.000000 0.000000
vn -1.000000 0.000000 0.000000
vn -1.000000 0.000000 -0.000000
vn -1.000000 0.000000 0.000000
vn -1.000000 -0.000000 -0.000000
vn -1.000000 0.000000 0.000000
vn -1.000000 0.000000 0.000000
vn 1.000000 0.000000 0.000000
vn 1.000000 0.000000 0.000000
vn 1.000000 0.000000 0.000000
vn 1.000000 0.000000 0.000000
vn 0.000000 1.000000 0.000000
vn 0.000000 1.000000 0.000000
vn 0.000000 1.000000 0.000000
vn 0.000000 1.000000 0.000000
vn 0.000000 -1.000000 0.000000
vn 0.000000 -1.000000 0.000000
vn 0.000000 -1.000000 0.000000
vn 0.000000 -1.000000 0.000000
vn -1.000000 0.000000 0.000000
vn -1.000000 0.000000 0.000000
vn -1.000000 0.000000 0.000000
vn -1.000000 0.000000 0.000000
vn 0.000000 -1.000000 0.000000
vn 0.000000 -1.000000 0.000000
vn 0.000000 -1.000000 0.000000
vn 0.000000 -1.000000 0.000000
vn 0.000000 1.000000 0.000000
vn 0.000000 1.000000 0.000000
vn 0.000000 1.000000 0.000000
vn 0.000000 1.000000 0.000000
vn 1.000000 0.000000 0.000000
vn 1.000000 0.000000 0.000000
vn 1.000000 -0.000000 0.000000
vn 1.000000 0.000000 -0.000000
vn 1.000000 0.000000 0.000000
vn 1.000000 0.000000 0.000000
vn 1.000000 0.000000 0.000000
vn 1.000000 0.000000 0.000000
vn 1.000000 -0.000000 0.000000
vn 1.000000 0.000000 -0.000000
vn 1.000000 0.000000 0.000000
vn 1.000000 0.000000 0.000000
vn 1.000000 0.000000 0.000000
vn 1.000000 0.000000 -0.000000
vn 1.000000 0.000000 0.000000
vn 1.000000 0.000000 -0.000000
vn 1.000000 0.000000 0.000000
vn 1.000000 0.000000 0.000000
vn 1.000000 0.000000 0.000000
vn 1.000000 0.000000 -0.000000
vn 1.000000 0.000000 0.000000
vn 1.000000 0.000000 -0.000000
vn 1.000000 0.000000 0.000000
vn 1.000000 0.000000 0.000000
vn -1.000000 0.000000 0.000000
vn -1.000000 0.000000 0.000000
vn -1.000000 0.000000 0.000000
vn -1.000000 0.000000 -0.000000
vn -1.000000 0.000000 0.000000
vn -1.000000 0.000000 0.000000
vn -1.000000 0.000000 0.000000
vn -1.000000 0.000000 0.000000
vn -1.000000 0.000000 0.000000
vn -1.000000 0.000000 -0.000000
vn -1.000000 0.000000 0.000000
vn -1.000000 0.000000 0.000000
vn -1.000000 0.000000 0.000000
vn -1.000000 0.000000 -0.000000
vn -1.000000 0.000000 0.000000
vn -1.000000 -0.000000 -0.000000
vn -1.000000 0.000000 0.000000
vn -1.000000 0.000000 0.000000
vn -1.000000 0.000000 0.000000
vn -1.000000 0.000000 -0.000000
vn -1.000000 0.000000 0.000000
vn -1.000000 -0.000000 -0.000000
vn -1.000000 0.000000 0.000000
vn -1.000000 0.000000 0.000000
vn 1.000000 0.000000 0.000000
vn 1.000000 0.000000 0.000000
vn 1.000000 0.000000 0.000000
vn 1.000000 0.000000 0.000000
vn 0.000000 1.000000 0.000000
vn 0.000000 1.000000 0.000000
vn 0.000000 1.000000 0.000000
vn 0.000000 1.000000 0.000000
vn 0.000000 -1.000000 0.000000
vn 0.000000 -1.000000 0.000000
vn 0.000000 -1.000000 0.000000
vn 0.000000 -1.000000 0.000000
vn -1.000000 0.000000 0.000000
vn -1.000000 0.000000 0.000000
vn -1.000000 0.000000 0.000000
vn -1.000000 0.000000 0.000000
vn 0.000000 -1.000000 0.000000
vn 0.000000 -1.000000 0.000000
vn 0.000000 -1.000000 0.000000
vn 0.000000 -1.000000 0.000000
vn 0.000000 1.000000 0.000000
vn 0.000000 1.000000 0.000000
vn 0.000000 1.000000 0.000000
vn 0.000000 1.000000 0.000000
f 20//1 7//1 21//1
f 8//2 21//2 7//2
f 19//3 20//3 27//3
f 20//4 21//4 27//4
f 28//5 27//5 21//5
f 22//6 28//6 21//6
f 248//7 196//7 223//7
f 200//8 223//8 198//8
f 198//9 223//9 196//9
f 196//10 248//10 192//10
f 192//11 248//11 190//11
f 190//12 248//12 182//12
f 182//13 248//13 178//13
f 178//14 248//14 176//14
f 176//15 248//15 172//15
f 170//16 172//16 248//16
f 472//17 400//17 447//17
f 375//18 447//18 400//18
f 696//19 624//19 671//19
f 599//20 671//20 624//20
f 930//21 848//21 926//21
f 926//22 848//22 922//22
f 922//23 848//23 920//23
f 920//24 848//24 916//24
f 916//25 848//25 908//25
f 908//26 848//26 906//26
f 906//27 848//27 902//27
f 848//28 823//28 902//28
f 900//29 902//29 823//29
f 898//30 900//30 823//30
f 83//31 28//31 60//31
f 22//32 60//32 28//32
f 283//33 151//33 260//33
f 128//34 260//34 151//34
f 507//35 435//35 484//35
f 412//36 484//36 435//36
f 731//37 659//37 708//37
f 636//38 708//38 659//38
f 999//39 883//39 976//39
f 860//40 976//40 883//40
f 199//41 197//41 222//41
f 197//42 195//42 222//42
f 245//43 222//43 195//43
f 195//44 191//44 245//44
f 191//45 189//45 245//45
f 189//46 181//46 245//46
f 181//47 177//47 245//47
f 177//48 175//48 245//48
f 175//49 171//49 245//49
f 167//50 245//50 171//50
f 446//51 374//51 469//51
f 397//52 469//52 374//52
f 670//53 598//53 693//53
f 621//54 693//54 598//54
f 897//55 822//55 899//55
f 899//56 822//56 901//56
f 822//57 845//57 901//57
f 905//58 901//58 845//58
f 907//59 905//59 845//59
f 915//60 907//60 845//60
f 919//61 915//61 845//61
f 921//62 919//62 845//62
f 925//63 921//63 845//63
f 927//64 925//64 845//64
f 57//65 19//65 82//65
f 27//66 82//66 19//66
f 257//67 125//67 282//67
f 150//68 282//68 125//68
f 481//69 409//69 506//69
f 434//70 506//70 409//70
f 705//71 633//71 730//71
f 658//72 730//72 633//72
f 973//73 857//73 998//73
f 882//74 998//74 857//74
f 2//75 30//75 31//75
f 99//76 31//76 98//76
f 215//77 99//77 98//77
f 367//78 215//78 214//78
f 214//79 366//79 367//79
f 366//80 438//80 439//80
f 438//81 590//81 591//81
f 663//82 591//82 590//82
f 1//83 30//83 2//83
f 32//84 31//84 100//84
f 99//85 100//85 31//85
f 664//86 663//86 733//86
f 781//87 733//87 663//87
f 663//88 815//88 781//88
f 816//89 781//89 815//89
f 440//90 439//90 509//90
f 557//91 509//91 439//91
f 439//92 591//92 557//92
f 592//93 557//93 591//93
f 216//94 215//94 285//94
f 333//95 285//95 215//95
f 215//96 367//96 333//96
f 368//97 333//97 367//97
f 734//98 733//98 782//98
f 781//99 782//99 733//99
f 510//100 509//100 558//100
f 557//101 558//101 509//101
f 286//102 285//102 334//102
f 333//103 334//103 285//103
f 665//104 734//104 666//104
f 818//105 666//105 734//105
f 734//106 782//106 818//106
f 817//107 818//107 782//107
f 441//108 510//108 442//108
f 594//109 442//109 510//109
f 510//110 558//110 594//110
f 593//111 594//111 558//111
f 217//112 286//112 218//112
f 370//113 218//113 286//113
f 286//114 334//114 370//114
f 369//115 370//115 334//115
f 212//116 218//116 219//116
f 371//117 219//117 218//117
f 443//118 371//118 370//118
f 370//119 442//119 443//119
f 442//120 594//120 595//120
f 667//121 595//121 594//121
f 211//122 218//122 212//122
f 370//123 371//123 218//123
f 595//124 443//124 442//124
f 594//125 666//125 667//125
f 819//126 667//126 666//126
f 666//127 818//127 819//127
f 886//128 819//128 818//128
f 885//129 886//129 818//129
f 668//130 667//130 735//130
f 783//131 735//131 667//131
f 667//132 819//132 783//132
f 820//133 783//133 819//133
f 444//134 443//134 511//134
f 559//135 511//135 443//135
f 443//136 595//136 559//136
f 596//137 559//137 595//137
f 220//138 219//138 287//138
f 335//139 287//139 219//139
f 219//140 371//140 335//140
f 372//141 335//141 371//141
f 736//142 735//142 784//142
f 783//143 784//143 735//143
f 512//144 511//144 560//144
f 559//145 560//145 511//145
f 288//146 287//146 336//146
f 335//147 336//147 287//147
f 669//148 736//148 670//148
f 822//149 670//149 736//149
f 736//150 784//150 822//150
f 821//151 822//151 784//151
f 445//152 512//152 446//152
f 598//153 446//153 512//153
f 512//154 560//154 598//154
f 597//155 598//155 560//155
f 221//156 288//156 222//156
f 374//157 222//157 288//157
f 288//158 336//158 374//158
f 373//159 374//159 336//159
f 200//160 222//160 223//160
f 375//161 223//161 222//161
f 447//162 375//162 374//162
f 374//163 446//163 447//163
f 446//164 598//164 599//164
f 671//165 599//165 598//165
f 199//166 222//166 200//166
f 374//167 375//167 222//167
f 599//168 447//168 446//168
f 598//169 670//169 671//169
f 823//170 671//170 670//170
f 670//171 822//171 823//171
f 898//172 823//172 822//172
f 897//173 898//173 822//173
f 224//174 223//174 376//174
f 375//175 376//175 223//175
f 448//176 447//176 600//176
f 599//177 600//177 447//177
f 672//178 671//178 824//178
f 823//179 824//179 671//179
f 948//180 947//180 1018//180
f 98//181 31//181 30//181
f 214//182 215//182 98//182
f 439//183 367//183 366//183
f 591//184 439//184 438//184
f 590//185 662//185 663//185
f 815//186 663//186 662//186
f 662//187 814//187 815//187
f 947//188 815//188 814//188
f 814//189 946//189 947//189
f 947//190 946//190 1018//190
f 945//191 1017//191 946//191
f 1018//192 946//192 1017//192
f 662//193 661//193 814//193
f 813//194 814//194 661//194
f 438//195 437//195 590//195
f 589//196 590//196 437//196
f 214//197 213//197 366//197
f 365//198 366//198 213//198
f 30//199 29//199 98//199
f 97//200 98//200 29//200
f 142//201 141//201 74//201
f 73//202 74//202 141//202
f 426//203 425//203 274//203
f 273//204 274//204 425//204
f 650//205 649//205 498//205
f 497//206 498//206 649//206
f 874//207 873//207 722//207
f 721//208 722//208 873//208
f 992//209 1040//209 991//209
f 991//210 874//210 875//210
f 723//211 875//211 874//211
f 651//212 723//212 722//212
f 722//213 650//213 651//213
f 650//214 498//214 499//214
f 427//215 499//215 498//215
f 498//216 426//216 427//216
f 275//217 427//217 426//217
f 990//218 874//218 991//218
f 991//219 1040//219 990//219
f 1040//220 1039//220 990//220
f 989//221 990//221 1039//221
f 428//222 427//222 361//222
f 313//223 361//223 427//223
f 427//224 275//224 313//224
f 276//225 313//225 275//225
f 652//226 651//226 585//226
f 537//227 585//227 651//227
f 651//228 499//228 537//228
f 500//229 537//229 499//229
f 876//230 875//230 809//230
f 761//231 809//231 875//231
f 875//232 723//232 761//232
f 724//233 761//233 723//233
f 362//234 361//234 314//234
f 313//235 314//235 361//235
f 586//236 585//236 538//236
f 537//237 538//237 585//237
f 810//238 809//238 762//238
f 761//239 762//239 809//239
f 146//240 145//240 78//240
f 77//241 78//241 145//241
f 429//242 362//242 430//242
f 278//243 430//243 362//243
f 362//244 314//244 278//244
f 277//245 278//245 314//245
f 653//246 586//246 654//246
f 502//247 654//247 586//247
f 586//248 538//248 502//248
f 501//249 502//249 538//249
f 877//250 810//250 878//250
f 726//251 878//251 810//251
f 810//252 762//252 726//252
f 725//253 726//253 762//253
f 996//254 1042//254 995//254
f 995//255 878//255 879//255
f 727//256 879//256 878//256
f 655//257 727//257 726//257
f 726//258 654//258 655//258
f 654//259 502//259 503//259
f 431//260 503//260 502//260
f 502//261 430//261 431//261
f 279//262 431//262 430//262
f 994//263 878//263 995//263
f 995//264 1042//264 994//264
f 1042//265 1041//265 994//265
f 993//266 994//266 1041//266
f 432//267 431//267 363//267
f 315//268 363//268 431//268
f 431//269 279//269 315//269
f 280//270 315//270 279//270
f 656//271 655//271 587//271
f 539//272 587//272 655//272
f 655//273 503//273 539//273
f 504//274 539//274 503//274
f 880//275 879//275 811//275
f 763//276 811//276 879//276
f 879//277 727//277 763//277
f 728//278 763//278 727//278
f 364//279 363//279 316//279
f 315//280 316//280 363//280
f 588//281 587//281 540//281
f 539//282 540//282 587//282
f 812//283 811//283 764//283
f 763//284 764//284 811//284
f 150//285 149//285 82//285
f 81//286 82//286 149//286
f 433//287 364//287 434//287
f 282//288 434//288 364//288
f 364//289 316//289 282//289
f 281//290 282//290 316//290
f 657//291 588//291 658//291
f 506//292 658//292 588//292
f 588//293 540//293 506//293
f 505//294 506//294 540//294
f 881//295 812//295 882//295
f 730//296 882//296 812//296
f 812//297 764//297 730//297
f 729//298 730//298 764//298
f 1000//299 1044//299 999//299
f 999//300 882//300 883//300
f 731//301 883//301 882//301
f 659//302 731//302 730//302
f 730//303 658//303 659//303
f 658//304 506//304 507//304
f 435//305 507//305 506//305
f 506//306 434//306 435//306
f 283//307 435//307 434//307
f 998//308 882//308 999//308
f 999//309 1044//309 998//309
f 1044//310 1043//310 998//310
f 997//311 998//311 1043//311
f 884//312 883//312 732//312
f 731//313 732//313 883//313
f 660//314 659//314 508//314
f 507//315 508//315 659//315
f 436//316 435//316 284//316
f 283//317 284//317 435//317
f 152//318 151//318 84//318
f 83//319 84//319 151//319
f 730//320 731//320 882//320
f 507//321 659//321 658//321
f 434//322 282//322 283//322
f 151//323 283//323 282//323
f 282//324 150//324 151//324
f 83//325 151//325 150//325
f 150//326 82//326 83//326
f 28//327 83//327 82//327
f 27//328 28//328 82//328
f 148//329 147//329 80//329
f 79//330 80//330 147//330
f 726//331 727//331 878//331
f 503//332 655//332 654//332
f 430//333 278//333 279//333
f 147//334 279//334 278//334
f 278//335 146//335 147//335
f 79//336 147//336 146//336
f 146//337 78//337 79//337
f 26//338 79//338 78//338
f 25//339 26//339 78//339
f 144//340 143//340 76//340
f 75//341 76//341 143//341
f 722//342 723//342 874//342
f 499//343 651//343 650//343
f 426//344 274//344 275//344
f 143//345 275//345 274//345
f 274//346 142//346 143//346
f 75//347 143//347 142//347
f 142//348 74//348 75//348
f 24//349 75//349 74//349
f 23//350 24//350 74//350
f 42//351 7//351 58//351
f 20//352 58//352 7//352
f 168//353 163//353 246//353
f 258//354 246//354 163//354
f 163//355 161//355 258//355
f 157//356 126//356 161//356
f 153//357 126//357 157//357
f 110//358 126//358 153//358
f 258//359 161//359 126//359
f 470//360 398//360 482//360
f 410//361 482//361 398//361
f 694//362 622//362 706//362
f 634//363 706//363 622//363
f 958//364 943//364 974//364
f 943//365 939//365 974//365
f 939//366 935//366 974//366
f 935//367 933//367 974//367
f 928//368 858//368 933//368
f 846//369 858//369 928//369
f 974//370 933//370 858//370
f 246//371 245//371 168//371
f 167//372 168//372 245//372
f 470//373 469//373 398//373
f 397//374 398//374 469//374
f 694//375 693//375 622//375
f 621//376 622//376 693//376
f 928//377 927//377 846//377
f 845//378 846//378 927//378
f 20//379 19//379 58//379
f 57//380 58//380 19//380
f 126//381 125//381 258//381
f 257//382 258//382 125//382
f 410//383 409//383 482//383
f 481//384 482//384 409//384
f 634//385 633//385 706//385
f 705//386 706//386 633//386
f 858//387 857//387 974//387
f 973//388 974//388 857//388
f 22//389 21//389 60//389
f 59//390 60//390 21//390
f 128//391 127//391 260//391
f 259//392 260//392 127//392
f 412//393 411//393 484//393
f 483//394 484//394 411//394
f 636//395 635//395 708//395
f 707//396 708//396 635//396
f 860//397 859//397 976//397
f 975//398 976//398 859//398
f 59//399 21//399 43//399
f 8//400 43//400 21//400
f 259//401 164//401 247//401
f 169//402 247//402 164//402
f 164//403 259//403 162//403
f 259//404 127//404 162//404
f 158//405 162//405 127//405
f 154//406 158//406 127//406
f 111//407 154//407 127//407
f 483//408 411//408 471//408
f 399//409 471//409 411//409
f 707//410 635//410 695//410
f 623//411 695//411 635//411
f 959//412 975//412 944//412
f 944//413 975//413 940//413
f 940//414 975//414 936//414
f 936//415 975//415 934//415
f 975//416 859//416 934//416
f 929//417 934//417 859//417
f 847//418 929//418 859//418
f 248//419 247//419 170//419
f 169//420 170//420 247//420
f 472//421 471//421 400//421
f 399//422 400//422 471//422
f 696//423 695//423 624//423
f 623//424 624//424 695//424
f 930//425 929//425 848//425
f 847//426 848//426 929//426
f 69//427 70//427 81//427
f 82//428 81//428 70//428
f 82//429 70//429 57//429
f 70//430 41//430 57//430
f 41//431 42//431 57//431
f 58//432 57//432 42//432
f 60//433 59//433 43//433
f 84//434 83//434 71//434
f 83//435 60//435 71//435
f 43//436 44//436 60//436
f 71//437 60//437 44//437
f 72//438 84//438 71//438
f 112//439 139//439 94//439
f 94//440 139//440 90//440
f 90//441 139//441 86//441
f 139//442 71//442 86//442
f 44//443 86//443 71//443
f 140//444 139//444 152//444
f 151//445 152//445 139//445
f 151//446 139//446 128//446
f 139//447 112//447 128//447
f 112//448 111//448 128//448
f 127//449 128//449 111//449
f 125//450 126//450 110//450
f 149//451 150//451 138//451
f 150//452 125//452 138//452
f 110//453 109//453 125//453
f 138//454 125//454 109//454
f 137//455 149//455 138//455
f 109//456 93//456 138//456
f 93//457 89//457 138//457
f 89//458 85//458 138//458
f 41//459 70//459 85//459
f 138//460 85//460 70//460
f 152//461 84//461 140//461
f 72//462 140//462 84//462
f 137//463 69//463 149//463
f 81//464 149//464 69//464
f 72//465 71//465 140//465
f 139//466 140//466 71//466
f 70//467 69//467 138//467
f 137//468 138//468 69//468
f 234//469 233//469 221//469
f 269//470 270//470 281//470
f 282//471 281//471 270//471
f 282//472 270//472 257//472
f 258//473 257//473 245//473
f 257//474 270//474 245//474
f 270//475 234//475 245//475
f 221//476 222//476 234//476
f 245//477 234//477 222//477
f 246//478 258//478 245//478
f 260//479 259//479 247//479
f 284//480 283//480 271//480
f 283//481 260//481 271//481
f 247//482 248//482 260//482
f 271//483 260//483 248//483
f 271//484 248//484 235//484
f 248//485 223//485 235//485
f 223//486 224//486 235//486
f 236//487 235//487 224//487
f 272//488 284//488 271//488
f 423//489 271//489 387//489
f 235//490 387//490 271//490
f 387//491 388//491 376//491
f 424//492 423//492 436//492
f 435//493 436//493 423//493
f 435//494 423//494 412//494
f 411//495 412//495 400//495
f 412//496 423//496 400//496
f 423//497 387//497 400//497
f 376//498 375//498 387//498
f 400//499 387//499 375//499
f 399//500 411//500 400//500
f 409//501 410//501 398//501
f 433//502 434//502 422//502
f 434//503 409//503 422//503
f 398//504 397//504 409//504
f 422//505 409//505 397//505
f 422//506 397//506 386//506
f 397//507 374//507 386//507
f 374//508 373//508 386//508
f 385//509 386//509 373//509
f 421//510 433//510 422//510
f 296//511 234//511 300//511
f 304//512 300//512 234//512
f 234//513 270//513 304//513
f 312//514 304//514 270//514
f 320//515 300//515 324//515
f 304//516 324//516 300//516
f 348//517 328//517 352//517
f 332//518 352//518 328//518
f 344//519 348//519 386//519
f 422//520 386//520 348//520
f 348//521 352//521 422//521
f 360//522 422//522 352//522
f 436//523 284//523 424//523
f 272//524 424//524 284//524
f 311//525 269//525 316//525
f 281//526 316//526 269//526
f 421//527 359//527 433//527
f 364//528 433//528 359//528
f 272//529 271//529 424//529
f 423//530 424//530 271//530
f 270//531 269//531 312//531
f 311//532 312//532 269//532
f 360//533 359//533 422//533
f 421//534 422//534 359//534
f 388//535 236//535 376//535
f 224//536 376//536 236//536
f 386//537 385//537 344//537
f 343//538 344//538 385//538
f 296//539 295//539 234//539
f 233//540 234//540 295//540
f 388//541 387//541 236//541
f 235//542 236//542 387//542
f 288//543 221//543 295//543
f 233//544 295//544 221//544
f 373//545 336//545 385//545
f 343//546 385//546 336//546
f 458//547 457//547 445//547
f 493//548 494//548 505//548
f 506//549 505//549 494//549
f 506//550 494//550 481//550
f 482//551 481//551 469//551
f 481//552 494//552 469//552
f 494//553 458//553 469//553
f 445//554 446//554 458//554
f 469//555 458//555 446//555
f 470//556 482//556 469//556
f 484//557 483//557 471//557
f 508//558 507//558 495//558
f 507//559 484//559 495//559
f 471//560 472//560 484//560
f 495//561 484//561 472//561
f 495//562 472//562 459//562
f 472//563 447//563 459//563
f 447//564 448//564 459//564
f 460//565 459//565 448//565
f 496//566 508//566 495//566
f 647//567 495//567 611//567
f 459//568 611//568 495//568
f 611//569 612//569 600//569
f 648//570 647//570 660//570
f 659//571 660//571 647//571
f 659//572 647//572 636//572
f 635//573 636//573 624//573
f 636//574 647//574 624//574
f 647//575 611//575 624//575
f 600//576 599//576 611//576
f 624//577 611//577 599//577
f 623//578 635//578 624//578
f 633//579 634//579 622//579
f 657//580 658//580 646//580
f 658//581 633//581 646//581
f 622//582 621//582 633//582
f 646//583 633//583 621//583
f 646//584 621//584 610//584
f 621//585 598//585 610//585
f 598//586 597//586 610//586
f 609//587 610//587 597//587
f 645//588 657//588 646//588
f 520//589 458//589 524//589
f 528//590 524//590 458//590
f 458//591 494//591 528//591
f 536//592 528//592 494//592
f 544//593 524//593 548//593
f 528//594 548//594 524//594
f 572//595 552//595 576//595
f 556//596 576//596 552//596
f 568//597 572//597 610//597
f 646//598 610//598 572//598
f 572//599 576//599 646//599
f 584//600 646//600 576//600
f 660//601 508//601 648//601
f 496//602 648//602 508//602
f 535//603 493//603 540//603
f 505//604 540//604 493//604
f 645//605 583//605 657//605
f 588//606 657//606 583//606
f 496//607 495//607 648//607
f 647//608 648//608 495//608
f 494//609 493//609 536//609
f 535//610 536//610 493//610
f 584//611 583//611 646//611
f 645//612 646//612 583//612
f 612//613 460//613 600//613
f 448//614 600//614 460//614
f 610//615 609//615 568//615
f 567//616 568//616 609//616
f 520//617 519//617 458//617
f 457//618 458//618 519//618
f 612//619 611//619 460//619
f 459//620 460//620 611//620
f 512//621 445//621 519//621
f 457//622 519//622 445//622
f 597//623 560//623 609//623
f 567//624 609//624 560//624
f 682//625 681//625 669//625
f 717//626 718//626 729//626
f 730//627 729//627 718//627
f 730//628 718//628 705//628
f 706//629 705//629 693//629
f 705//630 718//630 693//630
f 718//631 682//631 693//631
f 669//632 670//632 682//632
f 693//633 682//633 670//633
f 694//634 706//634 693//634
f 708//635 707//635 695//635
f 732//636 731//636 719//636
f 731//637 708//637 719//637
f 695//638 696//638 708//638
f 719//639 708//639 696//639
f 719//640 696//640 683//640
f 696//641 671//641 683//641
f 671//642 672//642 683//642
f 684//643 683//643 672//643
f 720//644 732//644 719//644
f 871//645 719//645 835//645
f 683//646 835//646 719//646
f 835//647 836//647 824//647
f 872//648 871//648 884//648
f 883//649 884//649 871//649
f 883//650 871//650 860//650
f 859//651 860//651 848//651
f 860//652 871//652 848//652
f 871//653 835//653 848//653
f 824//654 823//654 835//654
f 848//655 835//655 823//655
f 847//656 859//656 848//656
f 857//657 858//657 846//657
f 881//658 882//658 870//658
f 882//659 857//659 870//659
f 846//660 845//660 857//660
f 870//661 857//661 845//661
f 870//662 845//662 834//662
f 845//663 822//663 834//663
f 822//664 821//664 834//664
f 833//665 834//665 821//665
f 869//666 881//666 870//666
f 744//667 682//667 748//667
f 752//668 748//668 682//668
f 682//669 718//669 752//669
f 760//670 752//670 718//670
f 768//671 748//671 772//671
f 752//672 772//672 748//672
f 796//673 776//673 800//673
f 780//674 800//674 776//674
f 792//675 796//675 834//675
f 870//676 834//676 796//676
f 796//677 800//677 870//677
f 808//678 870//678 800//678
f 884//679 732//679 872//679
f 720//680 872//680 732//680
f 759//681 717//681 764//681
f 729//682 764//682 717//682
f 869//683 807//683 881//683
f 812//684 881//684 807//684
f 720//685 719//685 872//685
f 871//686 872//686 719//686
f 718//687 717//687 760//687
f 759//688 760//688 717//688
f 808//689 807//689 870//689
f 869//690 870//690 807//690
f 836//691 684//691 824//691
f 672//692 824//692 684//692
f 834//693 833//693 792//693
f 791//694 792//694 833//694
f 744//695 743//695 682//695
f 681//696 682//696 743//696
f 836//697 835//697 684//697
f 683//698 684//698 835//698
f 736//699 669//699 743//699
f 681//700 743//700 669//700
f 821//701 784//701 833//701
f 791//702 833//702 784//702
f 985//703 986//703 997//703
f 998//704 997//704 986//704
f 998//705 986//705 973//705
f 986//706 957//706 973//706
f 957//707 958//707 973//707
f 974//708 973//708 958//708
f 976//709 975//709 959//709
f 1000//710 999//710 987//710
f 999//711 976//711 987//711
f 959//712 960//712 976//712
f 987//713 976//713 960//713
f 988//714 1000//714 987//714
f 1024//715 1037//715 1014//715
f 1014//716 1037//716 1012//716
f 1037//717 987//717 1012//717
f 1008//718 1012//718 987//718
f 1004//719 1008//719 987//719
f 960//720 1004//720 987//720
f 1037//721 1024//721 1036//721
f 1023//722 1036//722 1024//722
f 1038//723 1037//723 1044//723
f 1043//724 1044//724 1037//724
f 1037//725 1036//725 1043//725
f 1035//726 1043//726 1036//726
f 1023//727 1013//727 1036//727
f 1013//728 1011//728 1036//728
f 1007//729 986//729 1011//729
f 1003//730 986//730 1007//730
f 957//731 986//731 1003//731
f 1036//732 1011//732 986//732
f 1044//733 1000//733 1038//733
f 988//734 1038//734 1000//734
f 1035//735 985//735 1043//735
f 997//736 1043//736 985//736
f 988//737 987//737 1038//737
f 1037//738 1038//738 987//738
f 986//739 985//739 1036//739
f 1035//740 1036//740 985//740
f 197//741 199//741 198//741
f 200//742 198//742 199//742
f 169//743 164//743 163//743
f 170//744 169//744 172//744
f 163//745 168//745 169//745
f 168//746 171//746 169//746
f 167//747 171//747 168//747
f 172//748 169//748 171//748
f 181//749 189//749 182//749
f 190//750 182//750 189//750
f 112//751 94//751 111//751
f 154//752 111//752 110//752
f 94//753 93//753 111//753
f 110//754 111//754 93//754
f 109//755 110//755 93//755
f 153//756 154//756 110//756
f 158//757 157//757 162//757
f 161//758 162//758 157//758
f 191//759 195//759 192//759
f 196//760 192//760 195//760
f 195//761 197//761 196//761
f 198//762 196//762 197//762
f 189//763 191//763 190//763
f 192//764 190//764 191//764
f 175//765 177//765 176//765
f 178//766 176//766 177//766
f 171//767 175//767 172//767
f 176//768 172//768 175//768
f 177//769 181//769 178//769
f 182//770 178//770 181//770
f 86//771 85//771 90//771
f 89//772 90//772 85//772
f 90//773 89//773 94//773
f 93//774 94//774 89//774
f 43//775 8//775 7//775
f 44//776 43//776 86//776
f 7//777 42//777 43//777
f 42//778 85//778 43//778
f 41//779 85//779 42//779
f 86//780 43//780 85//780
f 154//781 153//781 158//781
f 157//782 158//782 153//782
f 162//783 161//783 164//783
f 163//784 164//784 161//784
f 1012//785 1011//785 1014//785
f 1013//786 1014//786 1011//786
f 926//787 922//787 925//787
f 921//788 925//788 922//788
f 940//789 939//789 944//789
f 943//790 944//790 939//790
f 916//791 908//791 915//791
f 907//792 915//792 908//792
f 920//793 916//793 919//793
f 915//794 919//794 916//794
f 1004//795 1003//795 1008//795
f 1007//796 1008//796 1003//796
f 1014//797 1013//797 1024//797
f 1023//798 1024//798 1013//798
f 902//799 900//799 901//799
f 899//800 901//800 900//800
f 922//801 920//801 921//801
f 919//802 921//802 920//802
f 908//803 906//803 907//803
f 905//804 907//804 906//804
f 906//805 902//805 905//805
f 901//806 905//806 902//806
f 900//807 898//807 899//807
f 897//808 899//808 898//808
f 934//809 933//809 936//809
f 935//810 936//810 933//810
f 930//811 926//811 929//811
f 934//812 929//812 928//812
f 926//813 925//813 929//813
f 928//814 929//814 925//814
f 927//815 928//815 925//815
f 933//816 934//816 928//816
f 1008//817 1007//817 1012//817
f 1011//818 1012//818 1007//818
f 936//819 935//819 940//819
f 939//820 940//820 935//820
f 959//821 944//821 943//821
f 960//822 959//822 1004//822
f 943//823 958//823 959//823
f 958//824 1003//824 959//824
f 957//825 1003//825 958//825
f 1004//826 959//826 1003//826
f 16//827 9//827 17//827
f 10//828 17//828 9//828
f 15//829 16//829 25//829
f 16//830 17//830 25//830
f 26//831 25//831 17//831
f 18//832 26//832 17//832
f 244//833 208//833 219//833
f 212//834 219//834 210//834
f 210//835 219//835 208//835
f 208//836 244//836 206//836
f 206//837 244//837 204//837
f 204//838 244//838 202//838
f 202//839 244//839 194//839
f 188//840 194//840 244//840
f 468//841 396//841 443//841
f 371//842 443//842 396//842
f 692//843 620//843 667//843
f 595//844 667//844 620//844
f 912//845 844//845 904//845
f 904//846 844//846 896//846
f 896//847 844//847 894//847
f 894//848 844//848 892//848
f 892//849 844//849 890//849
f 844//850 819//850 890//850
f 888//851 890//851 819//851
f 886//852 888//852 819//852
f 79//853 26//853 56//853
f 18//854 56//854 26//854
f 279//855 147//855 256//855
f 124//856 256//856 147//856
f 503//857 431//857 480//857
f 408//858 480//858 431//858
f 727//859 655//859 704//859
f 632//860 704//860 655//860
f 995//861 879//861 972//861
f 856//862 972//862 879//862
f 211//863 209//863 218//863
f 209//864 207//864 218//864
f 241//865 218//865 207//865
f 207//866 205//866 241//866
f 205//867 203//867 241//867
f 203//868 201//868 241//868
f 201//869 193//869 241//869
f 185//870 241//870 193//870
f 442//871 370//871 465//871
f 393//872 465//872 370//872
f 666//873 594//873 689//873
f 617//874 689//874 594//874
f 885//875 818//875 887//875
f 887//876 818//876 889//876
f 818//877 841//877 889//877
f 891//878 889//878 841//878
f 893//879 891//879 841//879
f 895//880 893//880 841//880
f 903//881 895//881 841//881
f 909//882 903//882 841//882
f 53//883 15//883 78//883
f 25//884 78//884 15//884
f 253//885 121//885 278//885
f 146//886 278//886 121//886
f 477//887 405//887 502//887
f 430//888 502//888 405//888
f 701//889 629//889 726//889
f 654//890 726//890 629//890
f 969//891 853//891 994//891
f 878//892 994//892 853//892
f 46//893 9//893 54//893
f 16//894 54//894 9//894
f 186//895 183//895 242//895
f 183//896 179//896 242//896
f 254//897 242//897 179//897
f 179//898 173//898 254//898
f 173//899 165//899 254//899
f 159//900 122//900 165//900
f 155//901 122//901 159//901
f 114//902 122//902 155//902
f 254//903 165//903 122//903
f 466//904 394//904 478//904
f 406//905 478//905 394//905
f 690//906 618//906 702//906
f 630//907 702//907 618//907
f 962//908 941//908 970//908
f 941//909 937//909 970//909
f 937//910 931//910 970//910
f 923//911 854//911 931//911
f 917//912 854//912 923//912
f 913//913 842//913 917//913
f 910//914 842//914 913//914
f 854//915 917//915 842//915
f 970//916 931//916 854//916
f 242//917 241//917 186//917
f 185//918 186//918 241//918
f 466//919 465//919 394//919
f 393//920 394//920 465//920
f 690//921 689//921 618//921
f 617//922 618//922 689//922
f 910//923 909//923 842//923
f 841//924 842//924 909//924
f 16//925 15//925 54//925
f 53//926 54//926 15//926
f 122//927 121//927 254//927
f 253//928 254//928 121//928
f 406//929 405//929 478//929
f 477//930 478//930 405//930
f 630//931 629//931 702//931
f 701//932 702//932 629//932
f 854//933 853//933 970//933
f 969//934 970//934 853//934
f 18//935 17//935 56//935
f 55//936 56//936 17//936
f 124//937 123//937 256//937
f 255//938 256//938 123//938
f 408//939 407//939 480//939
f 479//940 480//940 407//940
f 632//941 631//941 704//941
f 703//942 704//942 631//942
f 856//943 855//943 972//943
f 971//944 972//944 855//944
f 55//945 17//945 47//945
f 10//946 47//946 17//946
f 255//947 180//947 243//947
f 187//948 243//948 184//948
f 184//949 243//949 180//949
f 180//950 255//950 174//950
f 174//951 255//951 166//951
f 255//952 123//952 166//952
f 160//953 166//953 123//953
f 156//954 160//954 123//954
f 115//955 156//955 123//955
f 479//956 407//956 467//956
f 395//957 467//957 407//957
f 703//958 631//958 691//958
f 619//959 691//959 631//959
f 963//960 971//960 942//960
f 942//961 971//961 938//961
f 938//962 971//962 932//962
f 971//963 855//963 932//963
f 924//964 932//964 855//964
f 918//965 924//965 855//965
f 855//966 843//966 918//966
f 914//967 918//967 843//967
f 911//968 914//968 843//968
f 244//969 243//969 188//969
f 187//970 188//970 243//970
f 468//971 467//971 396//971
f 395//972 396//972 467//972
f 692//973 691//973 620//973
f 619//974 620//974 691//974
f 912//975 911//975 844//975
f 843//976 844//976 911//976
f 65//977 66//977 77//977
f 78//978 77//978 66//978
f 78//979 66//979 53//979
f 66//980 45//980 53//980
f 45//981 46//981 53//981
f 54//982 53//982 46//982
f 56//983 55//983 47//983
f 80//984 79//984 67//984
f 79//985 56//985 67//985
f 47//986 48//986 56//986
f 67//987 56//987 48//987
f 68//988 80//988 67//988
f 116//989 135//989 96//989
f 96//990 135//990 92//990
f 92//991 135//991 88//991
f 135//992 67//992 88//992
f 48//993 88//993 67//993
f 136//994 135//994 148//994
f 147//995 148//995 135//995
f 147//996 135//996 124//996
f 135//997 116//997 124//997
f 116//998 115//998 124//998
f 123//999 124//999 115//999
f 121//1000 122//1000 114//1000
f 145//1001 146//1001 134//1001
f 146//1002 121//1002 134//1002
f 114//1003 113//1003 121//1003
f 134//1004 121//1004 113//1004
f 133//1005 145//1005 134//1005
f 113//1006 95//1006 134//1006
f 95//1007 91//1007 134//1007
f 91//1008 87//1008 134//1008
f 45//1009 66//1009 87//1009
f 134//1010 87//1010 66//1010
f 148//1011 80//1011 136//1011
f 68//1012 136//1012 80//1012
f 133//1013 65//1013 145//1013
f 77//1014 145//1014 65//1014
f 68//1015 67//1015 136//1015
f 135//1016 136//1016 67//1016
f 66//1017 65//1017 134//1017
f 133//1018 134//1018 65//1018
f 230//1019 229//1019 217//1019
f 265//1020 266//1020 277//1020
f 278//1021 277//1021 266//1021
f 278//1022 266//1022 253//1022
f 254//1023 253//1023 241//1023
f 253//1024 266//1024 241//1024
f 266//1025 230//1025 241//1025
f 217//1026 218//1026 230//1026
f 241//1027 230//1027 218//1027
f 242//1028 254//1028 241//1028
f 256//1029 255//1029 243//1029
f 280//1030 279//1030 267//1030
f 279//1031 256//1031 267//1031
f 243//1032 244//1032 256//1032
f 267//1033 256//1033 244//1033
f 267//1034 244//1034 231//1034
f 244//1035 219//1035 231//1035
f 219//1036 220//1036 231//1036
f 232//1037 231//1037 220//1037
f 268//1038 280//1038 267//1038
f 309//1039 267//1039 303//1039
f 299//1040 303//1040 267//1040
f 267//1041 231//1041 299//1041
f 293//1042 299//1042 231//1042
f 323//1043 303//1043 319//1043
f 299//1044 319//1044 303//1044
f 351//1045 331//1045 347//1045
f 327//1046 347//1046 331//1046
f 357//1047 351//1047 419//1047
f 383//1048 419//1048 351//1048
f 351//1049 347//1049 383//1049
f 341//1050 383//1050 347//1050
f 383//1051 384//1051 372//1051
f 420//1052 419//1052 432//1052
f 431//1053 432//1053 419//1053
f 431//1054 419//1054 408//1054
f 407//1055 408//1055 396//1055
f 408//1056 419//1056 396//1056
f 419//1057 383//1057 396//1057
f 372//1058 371//1058 383//1058
f 396//1059 383//1059 371//1059
f 395//1060 407//1060 396//1060
f 405//1061 406//1061 394//1061
f 429//1062 430//1062 418//1062
f 430//1063 405//1063 418//1063
f 394//1064 393//1064 405//1064
f 418//1065 405//1065 393//1065
f 418//1066 393//1066 382//1066
f 393//1067 370//1067 382//1067
f 370//1068 369//1068 382//1068
f 381//1069 382//1069 369//1069
f 417//1070 429//1070 418//1070
f 292//1071 230//1071 298//1071
f 302//1072 298//1072 230//1072
f 230//1073 266//1073 302//1073
f 308//1074 302//1074 266//1074
f 318//1075 298//1075 322//1075
f 302//1076 322//1076 298//1076
f 346//1077 326//1077 350//1077
f 330//1078 350//1078 326//1078
f 340//1079 346//1079 382//1079
f 418//1080 382//1080 346//1080
f 346//1081 350//1081 418//1081
f 356//1082 418//1082 350//1082
f 432//1083 363//1083 420//1083
f 358//1084 420//1084 363//1084
f 315//1085 280//1085 310//1085
f 268//1086 310//1086 280//1086
f 307//1087 265//1087 314//1087
f 277//1088 314//1088 265//1088
f 417//1089 355//1089 429//1089
f 362//1090 429//1090 355//1090
f 358//1091 357//1091 420//1091
f 419//1092 420//1092 357//1092
f 268//1093 267//1093 310//1093
f 309//1094 310//1094 267//1094
f 266//1095 265//1095 308//1095
f 307//1096 308//1096 265//1096
f 356//1097 355//1097 418//1097
f 417//1098 418//1098 355//1098
f 384//1099 342//1099 372//1099
f 335//1100 372//1100 342//1100
f 294//1101 232//1101 287//1101
f 220//1102 287//1102 232//1102
f 382//1103 381//1103 340//1103
f 339//1104 340//1104 381//1104
f 292//1105 291//1105 230//1105
f 229//1106 230//1106 291//1106
f 384//1107 383//1107 342//1107
f 341//1108 342//1108 383//1108
f 294//1109 293//1109 232//1109
f 231//1110 232//1110 293//1110
f 286//1111 217//1111 291//1111
f 229//1112 291//1112 217//1112
f 369//1113 334//1113 381//1113
f 339//1114 381//1114 334//1114
f 454//1115 453//1115 441//1115
f 489//1116 490//1116 501//1116
f 502//1117 501//1117 490//1117
f 502//1118 490//1118 477//1118
f 478//1119 477//1119 465//1119
f 477//1120 490//1120 465//1120
f 490//1121 454//1121 465//1121
f 441//1122 442//1122 454//1122
f 465//1123 454//1123 442//1123
f 466//1124 478//1124 465//1124
f 480//1125 479//1125 467//1125
f 504//1126 503//1126 491//1126
f 503//1127 480//1127 491//1127
f 467//1128 468//1128 480//1128
f 491//1129 480//1129 468//1129
f 491//1130 468//1130 455//1130
f 468//1131 443//1131 455//1131
f 443//1132 444//1132 455//1132
f 456//1133 455//1133 444//1133
f 492//1134 504//1134 491//1134
f 533//1135 491//1135 527//1135
f 523//1136 527//1136 491//1136
f 491//1137 455//1137 523//1137
f 517//1138 523//1138 455//1138
f 547//1139 527//1139 543//1139
f 523//1140 543//1140 527//1140
f 575//1141 555//1141 571//1141
f 551//1142 571//1142 555//1142
f 581//1143 575//1143 643//1143
f 607//1144 643//1144 575//1144
f 575//1145 571//1145 607//1145
f 565//1146 607//1146 571//1146
f 607//1147 608//1147 596//1147
f 644//1148 643//1148 656//1148
f 655//1149 656//1149 643//1149
f 655//1150 643//1150 632//1150
f 631//1151 632//1151 620//1151
f 632//1152 643//1152 620//1152
f 643//1153 607//1153 620//1153
f 596//1154 595//1154 607//1154
f 620//1155 607//1155 595//1155
f 619//1156 631//1156 620//1156
f 629//1157 630//1157 618//1157
f 653//1158 654//1158 642//1158
f 654//1159 629//1159 642//1159
f 618//1160 617//1160 629//1160
f 642//1161 629//1161 617//1161
f 642//1162 617//1162 606//1162
f 617//1163 594//1163 606//1163
f 594//1164 593//1164 606//1164
f 605//1165 606//1165 593//1165
f 641//1166 653//1166 642//1166
f 516//1167 454//1167 522//1167
f 526//1168 522//1168 454//1168
f 454//1169 490//1169 526//1169
f 532//1170 526//1170 490//1170
f 542//1171 522//1171 546//1171
f 526//1172 546//1172 522//1172
f 570//1173 550//1173 574//1173
f 554//1174 574//1174 550//1174
f 564//1175 570//1175 606//1175
f 642//1176 606//1176 570//1176
f 570//1177 574//1177 642//1177
f 580//1178 642//1178 574//1178
f 656//1179 587//1179 644//1179
f 582//1180 644//1180 587//1180
f 539//1181 504//1181 534//1181
f 492//1182 534//1182 504//1182
f 531//1183 489//1183 538//1183
f 501//1184 538//1184 489//1184
f 641//1185 579//1185 653//1185
f 586//1186 653//1186 579//1186
f 582//1187 581//1187 644//1187
f 643//1188 644//1188 581//1188
f 492//1189 491//1189 534//1189
f 533//1190 534//1190 491//1190
f 490//1191 489//1191 532//1191
f 531//1192 532//1192 489//1192
f 580//1193 579//1193 642//1193
f 641//1194 642//1194 579//1194
f 608//1195 566//1195 596//1195
f 559//1196 596//1196 566//1196
f 518//1197 456//1197 511//1197
f 444//1198 511//1198 456//1198
f 606//1199 605//1199 564//1199
f 563//1200 564//1200 605//1200
f 516//1201 515//1201 454//1201
f 453//1202 454//1202 515//1202
f 608//1203 607//1203 566//1203
f 565//1204 566//1204 607//1204
f 518//1205 517//1205 456//1205
f 455//1206 456//1206 517//1206
f 510//1207 441//1207 515//1207
f 453//1208 515//1208 441//1208
f 593//1209 558//1209 605//1209
f 563//1210 605//1210 558//1210
f 678//1211 677//1211 665//1211
f 713//1212 714//1212 725//1212
f 726//1213 725//1213 714//1213
f 726//1214 714//1214 701//1214
f 702//1215 701//1215 689//1215
f 701//1216 714//1216 689//1216
f 714//1217 678//1217 689//1217
f 665//1218 666//1218 678//1218
f 689//1219 678//1219 666//1219
f 690//1220 702//1220 689//1220
f 704//1221 703//1221 691//1221
f 728//1222 727//1222 715//1222
f 727//1223 704//1223 715//1223
f 691//1224 692//1224 704//1224
f 715//1225 704//1225 692//1225
f 715//1226 692//1226 679//1226
f 692//1227 667//1227 679//1227
f 667//1228 668//1228 679//1228
f 680//1229 679//1229 668//1229
f 716//1230 728//1230 715//1230
f 757//1231 715//1231 751//1231
f 747//1232 751//1232 715//1232
f 715//1233 679//1233 747//1233
f 741//1234 747//1234 679//1234
f 771//1235 751//1235 767//1235
f 747//1236 767//1236 751//1236
f 799//1237 779//1237 795//1237
f 775//1238 795//1238 779//1238
f 805//1239 799//1239 867//1239
f 831//1240 867//1240 799//1240
f 799//1241 795//1241 831//1241
f 789//1242 831//1242 795//1242
f 831//1243 832//1243 820//1243
f 868//1244 867//1244 880//1244
f 879//1245 880//1245 867//1245
f 879//1246 867//1246 856//1246
f 855//1247 856//1247 844//1247
f 856//1248 867//1248 844//1248
f 867//1249 831//1249 844//1249
f 820//1250 819//1250 831//1250
f 844//1251 831//1251 819//1251
f 843//1252 855//1252 844//1252
f 853//1253 854//1253 842//1253
f 877//1254 878//1254 866//1254
f 878//1255 853//1255 866//1255
f 842//1256 841//1256 853//1256
f 866//1257 853//1257 841//1257
f 866//1258 841//1258 830//1258
f 841//1259 818//1259 830//1259
f 818//1260 817//1260 830//1260
f 829//1261 830//1261 817//1261
f 865//1262 877//1262 866//1262
f 740//1263 678//1263 746//1263
f 750//1264 746//1264 678//1264
f 678//1265 714//1265 750//1265
f 756//1266 750//1266 714//1266
f 766//1267 746//1267 770//1267
f 750//1268 770//1268 746//1268
f 794//1269 774//1269 798//1269
f 778//1270 798//1270 774//1270
f 788//1271 794//1271 830//1271
f 866//1272 830//1272 794//1272
f 794//1273 798//1273 866//1273
f 804//1274 866//1274 798//1274
f 880//1275 811//1275 868//1275
f 806//1276 868//1276 811//1276
f 763//1277 728//1277 758//1277
f 716//1278 758//1278 728//1278
f 755//1279 713//1279 762//1279
f 725//1280 762//1280 713//1280
f 865//1281 803//1281 877//1281
f 810//1282 877//1282 803//1282
f 806//1283 805//1283 868//1283
f 867//1284 868//1284 805//1284
f 716//1285 715//1285 758//1285
f 757//1286 758//1286 715//1286
f 714//1287 713//1287 756//1287
f 755//1288 756//1288 713//1288
f 804//1289 803//1289 866//1289
f 865//1290 866//1290 803//1290
f 832//1291 790//1291 820//1291
f 783//1292 820//1292 790//1292
f 742//1293 680//1293 735//1293
f 668//1294 735//1294 680//1294
f 830//1295 829//1295 788//1295
f 787//1296 788//1296 829//1296
f 740//1297 739//1297 678//1297
f 677//1298 678//1298 739//1298
f 832//1299 831//1299 790//1299
f 789//1300 790//1300 831//1300
f 742//1301 741//1301 680//1301
f 679//1302 680//1302 741//1302
f 734//1303 665//1303 739//1303
f 677//1304 739//1304 665//1304
f 817//1305 782//1305 829//1305
f 787//1306 829//1306 782//1306
f 981//1307 982//1307 993//1307
f 994//1308 993//1308 982//1308
f 994//1309 982//1309 969//1309
f 982//1310 961//1310 969//1310
f 961//1311 962//1311 969//1311
f 970//1312 969//1312 962//1312
f 972//1313 971//1313 963//1313
f 996//1314 995//1314 983//1314
f 995//1315 972//1315 983//1315
f 963//1316 964//1316 972//1316
f 983//1317 972//1317 964//1317
f 984//1318 996//1318 983//1318
f 1026//1319 1033//1319 1016//1319
f 1016//1320 1033//1320 1010//1320
f 1033//1321 983//1321 1010//1321
f 1006//1322 1010//1322 983//1322
f 1002//1323 1006//1323 983//1323
f 964//1324 1002//1324 983//1324
f 1033//1325 1026//1325 1032//1325
f 1025//1326 1032//1326 1026//1326
f 1034//1327 1033//1327 1042//1327
f 1041//1328 1042//1328 1033//1328
f 1033//1329 1032//1329 1041//1329
f 1031//1330 1041//1330 1032//1330
f 1025//1331 1015//1331 1032//1331
f 1015//1332 1009//1332 1032//1332
f 1005//1333 982//1333 1009//1333
f 1001//1334 982//1334 1005//1334
f 961//1335 982//1335 1001//1335
f 1032//1336 1009//1336 982//1336
f 1042//1337 996//1337 1034//1337
f 984//1338 1034//1338 996//1338
f 1031//1339 981//1339 1041//1339
f 993//1340 1041//1340 981//1340
f 984//1341 983//1341 1034//1341
f 1033//1342 1034//1342 983//1342
f 982//1343 981//1343 1032//1343
f 1031//1344 1032//1344 981//1344
f 209//1345 211//1345 210//1345
f 212//1346 210//1346 211//1346
f 47//1347 10//1347 9//1347
f 48//1348 47//1348 88//1348
f 9//1349 46//1349 47//1349
f 46//1350 87//1350 47//1350
f 45//1351 87//1351 46//1351
f 88//1352 47//1352 87//1352
f 179//1353 183//1353 180//1353
f 184//1354 180//1354 183//1354
f 201//1355 203//1355 202//1355
f 204//1356 202//1356 203//1356
f 156//1357 155//1357 160//1357
f 159//1358 160//1358 155//1358
f 166//1359 165//1359 174//1359
f 173//1360 174//1360 165//1360
f 205//1361 207//1361 206//1361
f 208//1362 206//1362 207//1362
f 207//1363 209//1363 208//1363
f 210//1364 208//1364 209//1364
f 203//1365 205//1365 204//1365
f 206//1366 204//1366 205//1366
f 185//1367 193//1367 186//1367
f 187//1368 186//1368 193//1368
f 193//1369 194//1369 187//1369
f 188//1370 187//1370 194//1370
f 183//1371 186//1371 184//1371
f 187//1372 184//1372 186//1372
f 193//1373 201//1373 194//1373
f 202//1374 194//1374 201//1374
f 92//1375 91//1375 96//1375
f 95//1376 96//1376 91//1376
f 116//1377 96//1377 115//1377
f 156//1378 115//1378 114//1378
f 96//1379 95//1379 115//1379
f 114//1380 115//1380 95//1380
f 113//1381 114//1381 95//1381
f 155//1382 156//1382 114//1382
f 88//1383 87//1383 92//1383
f 91//1384 92//1384 87//1384
f 160//1385 159//1385 166//1385
f 165//1386 166//1386 159//1386
f 174//1387 173//1387 180//1387
f 179//1388 180//1388 173//1388
f 888//1389 886//1389 887//1389
f 885//1390 887//1390 886//1390
f 1016//1391 1015//1391 1026//1391
f 1025//1392 1026//1392 1015//1392
f 918//1393 917//1393 924//1393
f 923//1394 924//1394 917//1394
f 963//1395 942//1395 941//1395
f 964//1396 963//1396 1002//1396
f 941//1397 962//1397 963//1397
f 962//1398 1001//1398 963//1398
f 961//1399 1001//1399 962//1399
f 1002//1400 963//1400 1001//1400
f 896//1401 894//1401 895//1401
f 893//1402 895//1402 894//1402
f 1006//1403 1005//1403 1010//1403
f 1009//1404 1010//1404 1005//1404
f 892//1405 890//1405 891//1405
f 889//1406 891//1406 890//1406
f 912//1407 904//1407 911//1407
f 904//1408 903//1408 911//1408
f 910//1409 911//1409 903//1409
f 909//1410 910//1410 903//1410
f 914//1411 911//1411 913//1411
f 910//1412 913//1412 911//1412
f 918//1413 914//1413 917//1413
f 913//1414 917//1414 914//1414
f 904//1415 896//1415 903//1415
f 895//1416 903//1416 896//1416
f 894//1417 892//1417 893//1417
f 891//1418 893//1418 892//1418
f 890//1419 888//1419 889//1419
f 887//1420 889//1420 888//1420
f 932//1421 931//1421 938//1421
f 937//1422 938//1422 931//1422
f 938//1423 937//1423 942//1423
f 941//1424 942//1424 937//1424
f 924//1425 923//1425 932//1425
f 931//1426 932//1426 923//1426
f 1002//1427 1001//1427 1006//1427
f 1005//1428 1006//1428 1001//1428
f 1010//1429 1009//1429 1016//1429
f 1015//1430 1016//1430 1009//1430
f 3//1431 1//1431 4//1431
f 5//1432 4//1432 1//1432
f 1//1433 2//1433 5//1433
f 6//1434 5//1434 2//1434
f 12//1435 4//1435 13//1435
f 5//1436 13//1436 4//1436
f 11//1437 12//1437 23//1437
f 12//1438 13//1438 23//1438
f 24//1439 23//1439 13//1439
f 14//1440 24//1440 13//1440
f 40//1441 6//1441 31//1441
f 2//1442 31//1442 6//1442
f 240//1443 108//1443 215//1443
f 99//1444 215//1444 108//1444
f 464//1445 392//1445 439//1445
f 367//1446 439//1446 392//1446
f 688//1447 616//1447 663//1447
f 591//1448 663//1448 616//1448
f 956//1449 840//1449 947//1449
f 815//1450 947//1450 840//1450
f 75//1451 24//1451 52//1451
f 14//1452 52//1452 24//1452
f 275//1453 143//1453 252//1453
f 120//1454 252//1454 143//1454
f 499//1455 427//1455 476//1455
f 404//1456 476//1456 427//1456
f 723//1457 651//1457 700//1457
f 628//1458 700//1458 651//1458
f 991//1459 875//1459 968//1459
f 852//1460 968//1460 875//1460
f 30//1461 1//1461 37//1461
f 3//1462 37//1462 1//1462
f 214//1463 98//1463 237//1463
f 105//1464 237//1464 98//1464
f 438//1465 366//1465 461//1465
f 389//1466 461//1466 366//1466
f 662//1467 590//1467 685//1467
f 613//1468 685//1468 590//1468
f 946//1469 814//1469 953//1469
f 837//1470 953//1470 814//1470
f 49//1471 11//1471 74//1471
f 23//1472 74//1472 11//1472
f 249//1473 117//1473 274//1473
f 142//1474 274//1474 117//1474
f 473//1475 401//1475 498//1475
f 426//1476 498//1476 401//1476
f 697//1477 625//1477 722//1477
f 650//1478 722//1478 625//1478
f 965//1479 849//1479 990//1479
f 874//1480 990//1480 849//1480
f 38//1481 4//1481 50//1481
f 12//1482 50//1482 4//1482
f 238//1483 106//1483 250//1483
f 118//1484 250//1484 106//1484
f 462//1485 390//1485 474//1485
f 402//1486 474//1486 390//1486
f 686//1487 614//1487 698//1487
f 626//1488 698//1488 614//1488
f 954//1489 838//1489 966//1489
f 850//1490 966//1490 838//1490
f 38//1491 37//1491 4//1491
f 3//1492 4//1492 37//1492
f 238//1493 237//1493 106//1493
f 105//1494 106//1494 237//1494
f 462//1495 461//1495 390//1495
f 389//1496 390//1496 461//1496
f 686//1497 685//1497 614//1497
f 613//1498 614//1498 685//1498
f 954//1499 953//1499 838//1499
f 837//1500 838//1500 953//1500
f 12//1501 11//1501 50//1501
f 49//1502 50//1502 11//1502
f 118//1503 117//1503 250//1503
f 249//1504 250//1504 117//1504
f 402//1505 401//1505 474//1505
f 473//1506 474//1506 401//1506
f 626//1507 625//1507 698//1507
f 697//1508 698//1508 625//1508
f 850//1509 849//1509 966//1509
f 965//1510 966//1510 849//1510
f 14//1511 13//1511 52//1511
f 51//1512 52//1512 13//1512
f 120//1513 119//1513 252//1513
f 251//1514 252//1514 119//1514
f 404//1515 403//1515 476//1515
f 475//1516 476//1516 403//1516
f 628//1517 627//1517 700//1517
f 699//1518 700//1518 627//1518
f 852//1519 851//1519 968//1519
f 967//1520 968//1520 851//1520
f 51//1521 13//1521 39//1521
f 5//1522 39//1522 13//1522
f 251//1523 119//1523 239//1523
f 107//1524 239//1524 119//1524
f 475//1525 403//1525 463//1525
f 391//1526 463//1526 403//1526
f 699//1527 627//1527 687//1527
f 615//1528 687//1528 627//1528
f 967//1529 851//1529 955//1529
f 839//1530 955//1530 851//1530
f 40//1531 39//1531 6//1531
f 5//1532 6//1532 39//1532
f 240//1533 239//1533 108//1533
f 107//1534 108//1534 239//1534
f 464//1535 463//1535 392//1535
f 391//1536 392//1536 463//1536
f 688//1537 687//1537 616//1537
f 615//1538 616//1538 687//1538
f 956//1539 955//1539 840//1539
f 839//1540 840//1540 955//1540
f 34//1541 33//1541 29//1541
f 61//1542 62//1542 73//1542
f 74//1543 73//1543 62//1543
f 74//1544 62//1544 49//1544
f 50//1545 49//1545 37//1545
f 49//1546 62//1546 37//1546
f 62//1547 34//1547 37//1547
f 29//1548 30//1548 34//1548
f 37//1549 34//1549 30//1549
f 38//1550 50//1550 37//1550
f 52//1551 51//1551 39//1551
f 76//1552 75//1552 63//1552
f 75//1553 52//1553 63//1553
f 39//1554 40//1554 52//1554
f 63//1555 52//1555 40//1555
f 63//1556 40//1556 35//1556
f 40//1557 31//1557 35//1557
f 31//1558 32//1558 35//1558
f 36//1559 35//1559 32//1559
f 64//1560 76//1560 63//1560
f 131//1561 63//1561 103//1561
f 35//1562 103//1562 63//1562
f 103//1563 104//1563 100//1563
f 132//1564 131//1564 144//1564
f 143//1565 144//1565 131//1565
f 143//1566 131//1566 120//1566
f 119//1567 120//1567 108//1567
f 120//1568 131//1568 108//1568
f 131//1569 103//1569 108//1569
f 100//1570 99//1570 103//1570
f 108//1571 103//1571 99//1571
f 107//1572 119//1572 108//1572
f 117//1573 118//1573 106//1573
f 141//1574 142//1574 130//1574
f 142//1575 117//1575 130//1575
f 106//1576 105//1576 117//1576
f 130//1577 117//1577 105//1577
f 130//1578 105//1578 102//1578
f 105//1579 98//1579 102//1579
f 98//1580 97//1580 102//1580
f 101//1581 102//1581 97//1581
f 129//1582 141//1582 130//1582
f 102//1583 34//1583 130//1583
f 62//1584 130//1584 34//1584
f 144//1585 76//1585 132//1585
f 64//1586 132//1586 76//1586
f 129//1587 61//1587 141//1587
f 73//1588 141//1588 61//1588
f 64//1589 63//1589 132//1589
f 131//1590 132//1590 63//1590
f 62//1591 61//1591 130//1591
f 129//1592 130//1592 61//1592
f 104//1593 36//1593 100//1593
f 32//1594 100//1594 36//1594
f 102//1595 101//1595 34//1595
f 33//1596 34//1596 101//1596
f 104//1597 103//1597 36//1597
f 35//1598 36//1598 103//1598
f 97//1599 29//1599 101//1599
f 33//1600 101//1600 29//1600
f 226//1601 225//1601 213//1601
f 261//1602 262//1602 273//1602
f 274//1603 273//1603 262//1603
f 274//1604 262//1604 249//1604
f 250//1605 249//1605 237//1605
f 249//1606 262//1606 237//1606
f 262//1607 226//1607 237//1607
f 213//1608 214//1608 226//1608
f 237//1609 226//1609 214//1609
f 238//1610 250//1610 237//1610
f 252//1611 251//1611 239//1611
f 276//1612 275//1612 263//1612
f 275//1613 252//1613 263//1613
f 239//1614 240//1614 252//1614
f 263//1615 252//1615 240//1615
f 263//1616 240//1616 227//1616
f 240//1617 215//1617 227//1617
f 215//1618 216//1618 227//1618
f 228//1619 227//1619 216//1619
f 264//1620 276//1620 263//1620
f 305//1621 263//1621 301//1621
f 297//1622 301//1622 263//1622
f 263//1623 227//1623 297//1623
f 289//1624 297//1624 227//1624
f 321//1625 301//1625 317//1625
f 297//1626 317//1626 301//1626
f 349//1627 329//1627 345//1627
f 325//1628 345//1628 329//1628
f 353//1629 349//1629 415//1629
f 379//1630 415//1630 349//1630
f 349//1631 345//1631 379//1631
f 337//1632 379//1632 345//1632
f 379//1633 380//1633 368//1633
f 416//1634 415//1634 428//1634
f 427//1635 428//1635 415//1635
f 427//1636 415//1636 404//1636
f 403//1637 404//1637 392//1637
f 404//1638 415//1638 392//1638
f 415//1639 379//1639 392//1639
f 368//1640 367//1640 379//1640
f 392//1641 379//1641 367//1641
f 391//1642 403//1642 392//1642
f 401//1643 402//1643 390//1643
f 425//1644 426//1644 414//1644
f 426//1645 401//1645 414//1645
f 390//1646 389//1646 401//1646
f 414//1647 401//1647 389//1647
f 414//1648 389//1648 378//1648
f 389//1649 366//1649 378//1649
f 366//1650 365//1650 378//1650
f 377//1651 378//1651 365//1651
f 413//1652 425//1652 414//1652
f 378//1653 226//1653 414//1653
f 262//1654 414//1654 226//1654
f 428//1655 361//1655 416//1655
f 354//1656 416//1656 361//1656
f 313//1657 276//1657 306//1657
f 264//1658 306//1658 276//1658
f 413//1659 261//1659 425//1659
f 273//1660 425//1660 261//1660
f 354//1661 353//1661 416//1661
f 415//1662 416//1662 353//1662
f 264//1663 263//1663 306//1663
f 305//1664 306//1664 263//1664
f 262//1665 261//1665 414//1665
f 413//1666 414//1666 261//1666
f 380//1667 338//1667 368//1667
f 333//1668 368//1668 338//1668
f 290//1669 228//1669 285//1669
f 216//1670 285//1670 228//1670
f 378//1671 377//1671 226//1671
f 225//1672 226//1672 377//1672
f 380//1673 379//1673 338//1673
f 337//1674 338//1674 379//1674
f 290//1675 289//1675 228//1675
f 227//1676 228//1676 289//1676
f 365//1677 213//1677 377//1677
f 225//1678 377//1678 213//1678
f 450//1679 449//1679 437//1679
f 485//1680 486//1680 497//1680
f 498//1681 497//1681 486//1681
f 498//1682 486//1682 473//1682
f 474//1683 473//1683 461//1683
f 473//1684 486//1684 461//1684
f 486//1685 450//1685 461//1685
f 437//1686 438//1686 450//1686
f 461//1687 450//1687 438//1687
f 462//1688 474//1688 461//1688
f 476//1689 475//1689 463//1689
f 500//1690 499//1690 487//1690
f 499//1691 476//1691 487//1691
f 463//1692 464//1692 476//1692
f 487//1693 476//1693 464//1693
f 487//1694 464//1694 451//1694
f 464//1695 439//1695 451//1695
f 439//1696 440//1696 451//1696
f 452//1697 451//1697 440//1697
f 488//1698 500//1698 487//1698
f 529//1699 487//1699 525//1699
f 521//1700 525//1700 487//1700
f 487//1701 451//1701 521//1701
f 513//1702 521//1702 451//1702
f 545//1703 525//1703 541//1703
f 521//1704 541//1704 525//1704
f 573//1705 553//1705 569//1705
f 549//1706 569//1706 553//1706
f 577//1707 573//1707 639//1707
f 603//1708 639//1708 573//1708
f 573//1709 569//1709 603//1709
f 561//1710 603//1710 569//1710
f 603//1711 604//1711 592//1711
f 640//1712 639//1712 652//1712
f 651//1713 652//1713 639//1713
f 651//1714 639//1714 628//1714
f 627//1715 628//1715 616//1715
f 628//1716 639//1716 616//1716
f 639//1717 603//1717 616//1717
f 592//1718 591//1718 603//1718
f 616//1719 603//1719 591//1719
f 615//1720 627//1720 616//1720
f 625//1721 626//1721 614//1721
f 649//1722 650//1722 638//1722
f 650//1723 625//1723 638//1723
f 614//1724 613//1724 625//1724
f 638//1725 625//1725 613//1725
f 638//1726 613//1726 602//1726
f 613//1727 590//1727 602//1727
f 590//1728 589//1728 602//1728
f 601//1729 602//1729 589//1729
f 637//1730 649//1730 638//1730
f 602//1731 450//1731 638//1731
f 486//1732 638//1732 450//1732
f 652//1733 585//1733 640//1733
f 578//1734 640//1734 585//1734
f 537//1735 500//1735 530//1735
f 488//1736 530//1736 500//1736
f 637//1737 485//1737 649//1737
f 497//1738 649//1738 485//1738
f 578//1739 577//1739 640//1739
f 639//1740 640//1740 577//1740
f 488//1741 487//1741 530//1741
f 529//1742 530//1742 487//1742
f 486//1743 485//1743 638//1743
f 637//1744 638//1744 485//1744
f 604//1745 562//1745 592//1745
f 557//1746 592//1746 562//1746
f 514//1747 452//1747 509//1747
f 440//1748 509//1748 452//1748
f 602//1749 601//1749 450//1749
f 449//1750 450//1750 601//1750
f 604//1751 603//1751 562//1751
f 561//1752 562//1752 603//1752
f 514//1753 513//1753 452//1753
f 451//1754 452//1754 513//1754
f 589//1755 437//1755 601//1755
f 449//1756 601//1756 437//1756
f 674//1757 673//1757 661//1757
f 709//1758 710//1758 721//1758
f 722//1759 721//1759 710//1759
f 722//1760 710//1760 697//1760
f 698//1761 697//1761 685//1761
f 697//1762 710//1762 685//1762
f 710//1763 674//1763 685//1763
f 661//1764 662//1764 674//1764
f 685//1765 674//1765 662//1765
f 686//1766 698//1766 685//1766
f 700//1767 699//1767 687//1767
f 724//1768 723//1768 711//1768
f 723//1769 700//1769 711//1769
f 687//1770 688//1770 700//1770
f 711//1771 700//1771 688//1771
f 711//1772 688//1772 675//1772
f 688//1773 663//1773 675//1773
f 663//1774 664//1774 675//1774
f 676//1775 675//1775 664//1775
f 712//1776 724//1776 711//1776
f 753//1777 711//1777 749//1777
f 745//1778 749//1778 711//1778
f 711//1779 675//1779 745//1779
f 737//1780 745//1780 675//1780
f 769//1781 749//1781 765//1781
f 745//1782 765//1782 749//1782
f 797//1783 777//1783 793//1783
f 773//1784 793//1784 777//1784
f 801//1785 797//1785 863//1785
f 827//1786 863//1786 797//1786
f 797//1787 793//1787 827//1787
f 785//1788 827//1788 793//1788
f 827//1789 828//1789 816//1789
f 864//1790 863//1790 876//1790
f 875//1791 876//1791 863//1791
f 875//1792 863//1792 852//1792
f 851//1793 852//1793 840//1793
f 852//1794 863//1794 840//1794
f 863//1795 827//1795 840//1795
f 816//1796 815//1796 827//1796
f 840//1797 827//1797 815//1797
f 839//1798 851//1798 840//1798
f 849//1799 850//1799 838//1799
f 873//1800 874//1800 862//1800
f 874//1801 849//1801 862//1801
f 838//1802 837//1802 849//1802
f 862//1803 849//1803 837//1803
f 862//1804 837//1804 826//1804
f 837//1805 814//1805 826//1805
f 814//1806 813//1806 826//1806
f 825//1807 826//1807 813//1807
f 861//1808 873//1808 862//1808
f 826//1809 674//1809 862//1809
f 710//1810 862//1810 674//1810
f 876//1811 809//1811 864//1811
f 802//1812 864//1812 809//1812
f 761//1813 724//1813 754//1813
f 712//1814 754//1814 724//1814
f 861//1815 709//1815 873//1815
f 721//1816 873//1816 709//1816
f 802//1817 801//1817 864//1817
f 863//1818 864//1818 801//1818
f 712//1819 711//1819 754//1819
f 753//1820 754//1820 711//1820
f 710//1821 709//1821 862//1821
f 861//1822 862//1822 709//1822
f 828//1823 786//1823 816//1823
f 781//1824 816//1824 786//1824
f 738//1825 676//1825 733//1825
f 664//1826 733//1826 676//1826
f 826//1827 825//1827 674//1827
f 673//1828 674//1828 825//1828
f 828//1829 827//1829 786//1829
f 785//1830 786//1830 827//1830
f 738//1831 737//1831 676//1831
f 675//1832 676//1832 737//1832
f 813//1833 661//1833 825//1833
f 673//1834 825//1834 661//1834
f 950//1835 949//1835 945//1835
f 977//1836 978//1836 989//1836
f 990//1837 989//1837 978//1837
f 990//1838 978//1838 965//1838
f 966//1839 965//1839 953//1839
f 965//1840 978//1840 953//1840
f 978//1841 950//1841 953//1841
f 945//1842 946//1842 950//1842
f 953//1843 950//1843 946//1843
f 954//1844 966//1844 953//1844
f 968//1845 967//1845 955//1845
f 992//1846 991//1846 979//1846
f 991//1847 968//1847 979//1847
f 955//1848 956//1848 968//1848
f 979//1849 968//1849 956//1849
f 979//1850 956//1850 951//1850
f 956//1851 947//1851 951//1851
f 947//1852 948//1852 951//1852
f 952//1853 951//1853 948//1853
f 980//1854 992//1854 979//1854
f 1029//1855 979//1855 1021//1855
f 951//1856 1021//1856 979//1856
f 1022//1857 1018//1857 1021//1857
f 1020//1858 1021//1858 1018//1858
f 1018//1859 1017//1859 1020//1859
f 1019//1860 1020//1860 1017//1860
f 1029//1861 1021//1861 1028//1861
f 1020//1862 1028//1862 1021//1862
f 1030//1863 1029//1863 1040//1863
f 1039//1864 1040//1864 1029//1864
f 1029//1865 1028//1865 1039//1865
f 1027//1866 1039//1866 1028//1866
f 1020//1867 950//1867 1028//1867
f 978//1868 1028//1868 950//1868
f 1040//1869 992//1869 1030//1869
f 980//1870 1030//1870 992//1870
f 1027//1871 977//1871 1039//1871
f 989//1872 1039//1872 977//1872
f 980//1873 979//1873 1030//1873
f 1029//1874 1030//1874 979//1874
f 978//1875 977//1875 1028//1875
f 1027//1876 1028//1876 977//1876
f 1022//1877 952//1877 1018//1877
f 948//1878 1018//1878 952//1878
f 1020//1879 1019//1879 950//1879
f 949//1880 950//1880 1019//1880
f 1022//1881 1021//1881 952//1881
f 951//1882 952//1882 1021//1882
f 1017//1883 945//1883 1019//1883
f 949//1884 1019//1884 945//1884
f 514//1885 509//1885 515//1885
f 510//1886 515//1886 509//1886
f 513//1887 514//1887 521//1887
f 522//1888 521//1888 514//1888
f 514//1889 515//1889 522//1889
f 516//1890 522//1890 515//1890
f 518//1891 511//1891 519//1891
f 512//1892 519//1892 511//1892
f 517//1893 518//1893 523//1893
f 524//1894 523//1894 518//1894
f 518//1895 519//1895 524//1895
f 520//1896 524//1896 519//1896
f 529//1897 525//1897 530//1897
f 531//1898 530//1898 525//1898
f 525//1899 526//1899 531//1899
f 532//1900 531//1900 526//1900
f 537//1901 530//1901 538//1901
f 531//1902 538//1902 530//1902
f 533//1903 527//1903 534//1903
f 535//1904 534//1904 527//1904
f 527//1905 528//1905 535//1905
f 536//1906 535//1906 528//1906
f 539//1907 534//1907 540//1907
f 535//1908 540//1908 534//1908
f 563//1909 558//1909 562//1909
f 557//1910 562//1910 558//1910
f 564//1911 563//1911 570//1911
f 569//1912 570//1912 563//1912
f 563//1913 562//1913 569//1913
f 561//1914 569//1914 562//1914
f 567//1915 560//1915 566//1915
f 559//1916 566//1916 560//1916
f 568//1917 567//1917 572//1917
f 571//1918 572//1918 567//1918
f 567//1919 566//1919 571//1919
f 565//1920 571//1920 566//1920
f 580//1921 574//1921 579//1921
f 578//1922 579//1922 574//1922
f 574//1923 573//1923 578//1923
f 577//1924 578//1924 573//1924
f 586//1925 579//1925 585//1925
f 578//1926 585//1926 579//1926
f 584//1927 576//1927 583//1927
f 582//1928 583//1928 576//1928
f 576//1929 575//1929 582//1929
f 581//1930 582//1930 575//1930
f 588//1931 583//1931 587//1931
f 582//1932 587//1932 583//1932
f 545//1933 541//1933 546//1933
f 542//1934 546//1934 541//1934
f 547//1935 543//1935 548//1935
f 544//1936 548//1936 543//1936
f 542//1937 541//1937 522//1937
f 521//1938 522//1938 541//1938
f 544//1939 543//1939 524//1939
f 523//1940 524//1940 543//1940
f 526//1941 525//1941 546//1941
f 545//1942 546//1942 525//1942
f 528//1943 527//1943 548//1943
f 547//1944 548//1944 527//1944
f 554//1945 550//1945 553//1945
f 549//1946 553//1946 550//1946
f 556//1947 552//1947 555//1947
f 551//1948 555//1948 552//1948
f 554//1949 553//1949 574//1949
f 573//1950 574//1950 553//1950
f 556//1951 555//1951 576//1951
f 575//1952 576//1952 555//1952
f 570//1953 569//1953 550//1953
f 549//1954 550//1954 569//1954
f 572//1955 571//1955 552//1955
f 551//1956 552//1956 571//1956
f 738//1957 733//1957 739//1957
f 734//1958 739//1958 733//1958
f 737//1959 738//1959 745//1959
f 746//1960 745//1960 738//1960
f 738//1961 739//1961 746//1961
f 740//1962 746//1962 739//1962
f 742//1963 735//1963 743//1963
f 736//1964 743//1964 735//1964
f 741//1965 742//1965 747//1965
f 748//1966 747//1966 742//1966
f 742//1967 743//1967 748//1967
f 744//1968 748//1968 743//1968
f 753//1969 749//1969 754//1969
f 755//1970 754//1970 749//1970
f 749//1971 750//1971 755//1971
f 756//1972 755//1972 750//1972
f 761//1973 754//1973 762//1973
f 755//1974 762//1974 754//1974
f 757//1975 751//1975 758//1975
f 759//1976 758//1976 751//1976
f 751//1977 752//1977 759//1977
f 760//1978 759//1978 752//1978
f 763//1979 758//1979 764//1979
f 759//1980 764//1980 758//1980
f 787//1981 782//1981 786//1981
f 781//1982 786//1982 782//1982
f 788//1983 787//1983 794//1983
f 793//1984 794//1984 787//1984
f 787//1985 786//1985 793//1985
f 785//1986 793//1986 786//1986
f 791//1987 784//1987 790//1987
f 783//1988 790//1988 784//1988
f 792//1989 791//1989 796//1989
f 795//1990 796//1990 791//1990
f 791//1991 790//1991 795//1991
f 789//1992 795//1992 790//1992
f 804//1993 798//1993 803//1993
f 802//1994 803//1994 798//1994
f 798//1995 797//1995 802//1995
f 801//1996 802//1996 797//1996
f 810//1997 803//1997 809//1997
f 802//1998 809//1998 803//1998
f 808//1999 800//1999 807//1999
f 806//2000 807//2000 800//2000
f 800//2001 799//2001 806//2001
f 805//2002 806//2002 799//2002
f 812//2003 807//2003 811//2003
f 806//2004 811//2004 807//2004
f 769//2005 765//2005 770//2005
f 766//2006 770//2006 765//2006
f 771//2007 767//2007 772//2007
f 768//2008 772//2008 767//2008
f 766//2009 765//2009 746//2009
f 745//2010 746//2010 765//2010
f 768//2011 767//2011 748//2011
f 747//2012 748//2012 767//2012
f 750//2013 749//2013 770//2013
f 769//2014 770//2014 749//2014
f 752//2015 751//2015 772//2015
f 771//2016 772//2016 751//2016
f 778//2017 774//2017 777//2017
f 773//2018 777//2018 774//2018
f 780//2019 776//2019 779//2019
f 775//2020 779//2020 776//2020
f 778//2021 777//2021 798//2021
f 797//2022 798//2022 777//2022
f 780//2023 779//2023 800//2023
f 799//2024 800//2024 779//2024
f 794//2025 793//2025 774//2025
f 773//2026 774//2026 793//2026
f 796//2027 795//2027 776//2027
f 775//2028 776//2028 795//2028
f 290//2029 285//2029 291//2029
f 286//2030 291//2030 285//2030
f 289//2031 290//2031 297//2031
f 298//2032 297//2032 290//2032
f 290//2033 291//2033 298//2033
f 292//2034 298//2034 291//2034
f 294//2035 287//2035 295//2035
f 288//2036 295//2036 287//2036
f 293//2037 294//2037 299//2037
f 300//2038 299//2038 294//2038
f 294//2039 295//2039 300//2039
f 296//2040 300//2040 295//2040
f 305//2041 301//2041 306//2041
f 307//2042 306//2042 301//2042
f 301//2043 302//2043 307//2043
f 308//2044 307//2044 302//2044
f 313//2045 306//2045 314//2045
f 307//2046 314//2046 306//2046
f 309//2047 303//2047 310//2047
f 311//2048 310//2048 303//2048
f 303//2049 304//2049 311//2049
f 312//2050 311//2050 304//2050
f 315//2051 310//2051 316//2051
f 311//2052 316//2052 310//2052
f 339//2053 334//2053 338//2053
f 333//2054 338//2054 334//2054
f 340//2055 339//2055 346//2055
f 345//2056 346//2056 339//2056
f 339//2057 338//2057 345//2057
f 337//2058 345//2058 338//2058
f 343//2059 336//2059 342//2059
f 335//2060 342//2060 336//2060
f 344//2061 343//2061 348//2061
f 347//2062 348//2062 343//2062
f 343//2063 342//2063 347//2063
f 341//2064 347//2064 342//2064
f 356//2065 350//2065 355//2065
f 354//2066 355//2066 350//2066
f 350//2067 349//2067 354//2067
f 353//2068 354//2068 349//2068
f 362//2069 355//2069 361//2069
f 354//2070 361//2070 355//2070
f 360//2071 352//2071 359//2071
f 358//2072 359//2072 352//2072
f 352//2073 351//2073 358//2073
f 357//2074 358//2074 351//2074
f 364//2075 359//2075 363//2075
f 358//2076 363//2076 359//2076
f 321//2077 317//2077 322//2077
f 318//2078 322//2078 317//2078
f 323//2079 319//2079 324//2079
f 320//2080 324//2080 319//2080
f 318//2081 317//2081 298//2081
f 297//2082 298//2082 317//2082
f 320//2083 319//2083 300//2083
f 299//2084 300//2084 319//2084
f 302//2085 301//2085 322//2085
f 321//2086 322//2086 301//2086
f 304//2087 303//2087 324//2087
f 323//2088 324//2088 303//2088
f 330//2089 326//2089 329//2089
f 325//2090 329//2090 326//2090
f 332//2091 328//2091 331//2091
f 327//2092 331//2092 328//2092
f 330//2093 329//2093 350//2093
f 349//2094 350//2094 329//2094
f 332//2095 331//2095 352//2095
f 351//2096 352//2096 331//2096
f 346//2097 345//2097 326//2097
f 325//2098 326//2098 345//2098
f 348//2099 347//2099 328//2099
f 327//2100 328//2100 347//2100
